ISO-10303-21;
HEADER;
FILE_DESCRIPTION((''),'2;1');
FILE_NAME('91601-Y07_SW0001','2009-09-30T',('sspandia'),('FCI - ELX Division'),
'PRO/ENGINEER BY PARAMETRIC TECHNOLOGY CORPORATION, 2008010',
'PRO/ENGINEER BY PARAMETRIC TECHNOLOGY CORPORATION, 2008010','');
FILE_SCHEMA(('CONFIG_CONTROL_DESIGN'));
ENDSEC;
DATA;
#1=DIRECTION('',(0.E0,0.E0,-1.E0));
#2=VECTOR('',#1,2.54E0);
#3=CARTESIAN_POINT('',(-8.85E0,0.E0,1.27E0));
#4=LINE('3878',#3,#2);
#5=DIRECTION('',(1.E0,0.E0,0.E0));
#6=VECTOR('',#5,1.77E1);
#7=CARTESIAN_POINT('',(-8.85E0,0.E0,-1.27E0));
#8=LINE('3879',#7,#6);
#9=DIRECTION('',(0.E0,0.E0,1.E0));
#10=VECTOR('',#9,2.54E0);
#11=CARTESIAN_POINT('',(8.85E0,0.E0,-1.27E0));
#12=LINE('3880',#11,#10);
#13=DIRECTION('',(-1.E0,0.E0,0.E0));
#14=VECTOR('',#13,1.77E1);
#15=CARTESIAN_POINT('',(8.85E0,0.E0,1.27E0));
#16=LINE('3881',#15,#14);
#17=DIRECTION('',(0.E0,0.E0,-1.E0));
#18=VECTOR('',#17,1.6E0);
#19=CARTESIAN_POINT('',(-5.88E0,0.E0,8.E-1));
#20=LINE('3886',#19,#18);
#21=DIRECTION('',(-1.E0,0.E0,0.E0));
#22=VECTOR('',#21,1.6E0);
#23=CARTESIAN_POINT('',(-4.28E0,0.E0,8.E-1));
#24=LINE('3889',#23,#22);
#25=DIRECTION('',(0.E0,0.E0,1.E0));
#26=VECTOR('',#25,1.6E0);
#27=CARTESIAN_POINT('',(-4.28E0,0.E0,-8.E-1));
#28=LINE('3887',#27,#26);
#29=DIRECTION('',(1.E0,0.E0,0.E0));
#30=VECTOR('',#29,1.6E0);
#31=CARTESIAN_POINT('',(-5.88E0,0.E0,-8.E-1));
#32=LINE('3888',#31,#30);
#33=DIRECTION('',(0.E0,0.E0,-1.E0));
#34=VECTOR('',#33,1.6E0);
#35=CARTESIAN_POINT('',(-3.34E0,0.E0,8.E-1));
#36=LINE('3898',#35,#34);
#37=DIRECTION('',(-1.E0,0.E0,0.E0));
#38=VECTOR('',#37,1.6E0);
#39=CARTESIAN_POINT('',(-1.74E0,0.E0,8.E-1));
#40=LINE('3901',#39,#38);
#41=DIRECTION('',(0.E0,0.E0,1.E0));
#42=VECTOR('',#41,1.6E0);
#43=CARTESIAN_POINT('',(-1.74E0,0.E0,-8.E-1));
#44=LINE('3899',#43,#42);
#45=DIRECTION('',(1.E0,0.E0,0.E0));
#46=VECTOR('',#45,1.6E0);
#47=CARTESIAN_POINT('',(-3.34E0,0.E0,-8.E-1));
#48=LINE('3900',#47,#46);
#49=DIRECTION('',(0.E0,0.E0,-1.E0));
#50=VECTOR('',#49,1.6E0);
#51=CARTESIAN_POINT('',(-8.E-1,0.E0,8.E-1));
#52=LINE('3910',#51,#50);
#53=DIRECTION('',(-1.E0,0.E0,0.E0));
#54=VECTOR('',#53,1.6E0);
#55=CARTESIAN_POINT('',(8.E-1,0.E0,8.E-1));
#56=LINE('3913',#55,#54);
#57=DIRECTION('',(0.E0,0.E0,1.E0));
#58=VECTOR('',#57,1.6E0);
#59=CARTESIAN_POINT('',(8.E-1,0.E0,-8.E-1));
#60=LINE('3911',#59,#58);
#61=DIRECTION('',(1.E0,0.E0,0.E0));
#62=VECTOR('',#61,1.6E0);
#63=CARTESIAN_POINT('',(-8.E-1,0.E0,-8.E-1));
#64=LINE('3912',#63,#62);
#65=DIRECTION('',(0.E0,0.E0,-1.E0));
#66=VECTOR('',#65,1.6E0);
#67=CARTESIAN_POINT('',(1.74E0,0.E0,8.E-1));
#68=LINE('3922',#67,#66);
#69=DIRECTION('',(-1.E0,0.E0,0.E0));
#70=VECTOR('',#69,1.6E0);
#71=CARTESIAN_POINT('',(3.34E0,0.E0,8.E-1));
#72=LINE('3925',#71,#70);
#73=DIRECTION('',(0.E0,0.E0,1.E0));
#74=VECTOR('',#73,1.6E0);
#75=CARTESIAN_POINT('',(3.34E0,0.E0,-8.E-1));
#76=LINE('3923',#75,#74);
#77=DIRECTION('',(1.E0,0.E0,0.E0));
#78=VECTOR('',#77,1.6E0);
#79=CARTESIAN_POINT('',(1.74E0,0.E0,-8.E-1));
#80=LINE('3924',#79,#78);
#81=DIRECTION('',(0.E0,0.E0,-1.E0));
#82=VECTOR('',#81,1.6E0);
#83=CARTESIAN_POINT('',(4.28E0,0.E0,8.E-1));
#84=LINE('3963',#83,#82);
#85=DIRECTION('',(-1.E0,0.E0,0.E0));
#86=VECTOR('',#85,1.6E0);
#87=CARTESIAN_POINT('',(5.88E0,0.E0,8.E-1));
#88=LINE('3966',#87,#86);
#89=DIRECTION('',(0.E0,0.E0,1.E0));
#90=VECTOR('',#89,1.6E0);
#91=CARTESIAN_POINT('',(5.88E0,0.E0,-8.E-1));
#92=LINE('3964',#91,#90);
#93=DIRECTION('',(1.E0,0.E0,0.E0));
#94=VECTOR('',#93,1.6E0);
#95=CARTESIAN_POINT('',(4.28E0,0.E0,-8.E-1));
#96=LINE('3965',#95,#94);
#97=DIRECTION('',(0.E0,0.E0,-1.E0));
#98=VECTOR('',#97,1.6E0);
#99=CARTESIAN_POINT('',(6.82E0,0.E0,8.E-1));
#100=LINE('3976',#99,#98);
#101=DIRECTION('',(-1.E0,0.E0,0.E0));
#102=VECTOR('',#101,1.6E0);
#103=CARTESIAN_POINT('',(8.42E0,0.E0,8.E-1));
#104=LINE('3979',#103,#102);
#105=DIRECTION('',(0.E0,0.E0,1.E0));
#106=VECTOR('',#105,1.6E0);
#107=CARTESIAN_POINT('',(8.42E0,0.E0,-8.E-1));
#108=LINE('3977',#107,#106);
#109=DIRECTION('',(1.E0,0.E0,0.E0));
#110=VECTOR('',#109,1.6E0);
#111=CARTESIAN_POINT('',(6.82E0,0.E0,-8.E-1));
#112=LINE('3978',#111,#110);
#113=DIRECTION('',(0.E0,0.E0,1.E0));
#114=VECTOR('',#113,1.6E0);
#115=CARTESIAN_POINT('',(-8.42E0,0.E0,-8.E-1));
#116=LINE('4037',#115,#114);
#117=DIRECTION('',(1.E0,0.E0,0.E0));
#118=VECTOR('',#117,1.6E0);
#119=CARTESIAN_POINT('',(-8.42E0,0.E0,8.E-1));
#120=LINE('4039',#119,#118);
#121=DIRECTION('',(0.E0,0.E0,-1.E0));
#122=VECTOR('',#121,1.6E0);
#123=CARTESIAN_POINT('',(-6.82E0,0.E0,8.E-1));
#124=LINE('4038',#123,#122);
#125=DIRECTION('',(-1.E0,0.E0,0.E0));
#126=VECTOR('',#125,1.6E0);
#127=CARTESIAN_POINT('',(-6.82E0,0.E0,-8.E-1));
#128=LINE('4040',#127,#126);
#129=DIRECTION('',(0.E0,-1.E0,0.E0));
#130=VECTOR('',#129,7.E0);
#131=CARTESIAN_POINT('',(-8.85E0,0.E0,1.27E0));
#132=LINE('3958',#131,#130);
#133=DIRECTION('',(0.E0,-1.E0,0.E0));
#134=VECTOR('',#133,7.E0);
#135=CARTESIAN_POINT('',(-8.85E0,0.E0,-1.27E0));
#136=LINE('4144',#135,#134);
#137=DIRECTION('',(-1.E0,0.E0,0.E0));
#138=VECTOR('',#137,2.3E-1);
#139=CARTESIAN_POINT('',(-8.62E0,-7.E0,-1.27E0));
#140=LINE('3957',#139,#138);
#141=DIRECTION('',(0.E0,-1.E0,0.E0));
#142=VECTOR('',#141,3.E-1);
#143=CARTESIAN_POINT('',(-8.62E0,-6.7E0,-1.27E0));
#144=LINE('3987',#143,#142);
#145=DIRECTION('',(0.E0,1.E0,0.E0));
#146=VECTOR('',#145,3.E-1);
#147=CARTESIAN_POINT('',(-6.62E0,-7.E0,-1.27E0));
#148=LINE('3988',#147,#146);
#149=DIRECTION('',(1.E0,0.E0,0.E0));
#150=VECTOR('',#149,5.4E-1);
#151=CARTESIAN_POINT('',(-6.62E0,-7.E0,-1.27E0));
#152=LINE('3943',#151,#150);
#153=DIRECTION('',(0.E0,-1.E0,0.E0));
#154=VECTOR('',#153,3.E-1);
#155=CARTESIAN_POINT('',(-6.08E0,-6.7E0,-1.27E0));
#156=LINE('3991',#155,#154);
#157=DIRECTION('',(0.E0,1.E0,0.E0));
#158=VECTOR('',#157,3.E-1);
#159=CARTESIAN_POINT('',(-4.08E0,-7.E0,-1.27E0));
#160=LINE('3992',#159,#158);
#161=DIRECTION('',(1.E0,0.E0,0.E0));
#162=VECTOR('',#161,5.4E-1);
#163=CARTESIAN_POINT('',(-4.08E0,-7.E0,-1.27E0));
#164=LINE('3947',#163,#162);
#165=DIRECTION('',(0.E0,-1.E0,0.E0));
#166=VECTOR('',#165,3.E-1);
#167=CARTESIAN_POINT('',(-3.54E0,-6.7E0,-1.27E0));
#168=LINE('3995',#167,#166);
#169=DIRECTION('',(0.E0,1.E0,0.E0));
#170=VECTOR('',#169,3.E-1);
#171=CARTESIAN_POINT('',(-1.54E0,-7.E0,-1.27E0));
#172=LINE('3996',#171,#170);
#173=DIRECTION('',(1.E0,0.E0,0.E0));
#174=VECTOR('',#173,5.4E-1);
#175=CARTESIAN_POINT('',(-1.54E0,-7.E0,-1.27E0));
#176=LINE('3951',#175,#174);
#177=DIRECTION('',(0.E0,-1.E0,0.E0));
#178=VECTOR('',#177,3.E-1);
#179=CARTESIAN_POINT('',(-1.E0,-6.7E0,-1.27E0));
#180=LINE('3999',#179,#178);
#181=DIRECTION('',(0.E0,1.E0,0.E0));
#182=VECTOR('',#181,3.E-1);
#183=CARTESIAN_POINT('',(1.E0,-7.E0,-1.27E0));
#184=LINE('4000',#183,#182);
#185=DIRECTION('',(1.E0,0.E0,0.E0));
#186=VECTOR('',#185,5.4E-1);
#187=CARTESIAN_POINT('',(1.E0,-7.E0,-1.27E0));
#188=LINE('3954',#187,#186);
#189=DIRECTION('',(0.E0,-1.E0,0.E0));
#190=VECTOR('',#189,3.E-1);
#191=CARTESIAN_POINT('',(1.54E0,-6.7E0,-1.27E0));
#192=LINE('4003',#191,#190);
#193=DIRECTION('',(0.E0,1.E0,0.E0));
#194=VECTOR('',#193,3.E-1);
#195=CARTESIAN_POINT('',(3.54E0,-7.E0,-1.27E0));
#196=LINE('4004',#195,#194);
#197=DIRECTION('',(1.E0,0.E0,0.E0));
#198=VECTOR('',#197,5.4E-1);
#199=CARTESIAN_POINT('',(3.54E0,-7.E0,-1.27E0));
#200=LINE('4019',#199,#198);
#201=DIRECTION('',(0.E0,-1.E0,0.E0));
#202=VECTOR('',#201,3.E-1);
#203=CARTESIAN_POINT('',(4.08E0,-6.7E0,-1.27E0));
#204=LINE('4016',#203,#202);
#205=DIRECTION('',(0.E0,1.E0,0.E0));
#206=VECTOR('',#205,3.E-1);
#207=CARTESIAN_POINT('',(6.08E0,-7.E0,-1.27E0));
#208=LINE('4017',#207,#206);
#209=DIRECTION('',(1.E0,0.E0,0.E0));
#210=VECTOR('',#209,5.4E-1);
#211=CARTESIAN_POINT('',(6.08E0,-7.E0,-1.27E0));
#212=LINE('4031',#211,#210);
#213=DIRECTION('',(0.E0,-1.E0,0.E0));
#214=VECTOR('',#213,3.E-1);
#215=CARTESIAN_POINT('',(6.62E0,-6.7E0,-1.27E0));
#216=LINE('4028',#215,#214);
#217=DIRECTION('',(0.E0,1.E0,0.E0));
#218=VECTOR('',#217,3.E-1);
#219=CARTESIAN_POINT('',(8.62E0,-7.E0,-1.27E0));
#220=LINE('4029',#219,#218);
#221=DIRECTION('',(-1.E0,0.E0,0.E0));
#222=VECTOR('',#221,2.3E-1);
#223=CARTESIAN_POINT('',(8.85E0,-7.E0,-1.27E0));
#224=LINE('4034',#223,#222);
#225=DIRECTION('',(0.E0,0.E0,-1.E0));
#226=VECTOR('',#225,2.54E0);
#227=CARTESIAN_POINT('',(-8.85E0,-7.E0,1.27E0));
#228=LINE('3955',#227,#226);
#229=DIRECTION('',(0.E0,0.E0,-1.E0));
#230=VECTOR('',#229,2.54E0);
#231=CARTESIAN_POINT('',(-8.62E0,-7.E0,1.27E0));
#232=LINE('3984',#231,#230);
#233=DIRECTION('',(-1.E0,0.E0,0.E0));
#234=VECTOR('',#233,2.3E-1);
#235=CARTESIAN_POINT('',(8.85E0,-7.E0,1.27E0));
#236=LINE('4033',#235,#234);
#237=DIRECTION('',(0.E0,1.E0,0.E0));
#238=VECTOR('',#237,3.E-1);
#239=CARTESIAN_POINT('',(8.62E0,-7.E0,1.27E0));
#240=LINE('4027',#239,#238);
#241=DIRECTION('',(0.E0,-1.E0,0.E0));
#242=VECTOR('',#241,3.E-1);
#243=CARTESIAN_POINT('',(6.62E0,-6.7E0,1.27E0));
#244=LINE('4026',#243,#242);
#245=DIRECTION('',(-1.E0,0.E0,0.E0));
#246=VECTOR('',#245,5.4E-1);
#247=CARTESIAN_POINT('',(6.62E0,-7.E0,1.27E0));
#248=LINE('4030',#247,#246);
#249=DIRECTION('',(0.E0,1.E0,0.E0));
#250=VECTOR('',#249,3.E-1);
#251=CARTESIAN_POINT('',(6.08E0,-7.E0,1.27E0));
#252=LINE('4015',#251,#250);
#253=DIRECTION('',(0.E0,-1.E0,0.E0));
#254=VECTOR('',#253,3.E-1);
#255=CARTESIAN_POINT('',(4.08E0,-6.7E0,1.27E0));
#256=LINE('4014',#255,#254);
#257=DIRECTION('',(-1.E0,0.E0,0.E0));
#258=VECTOR('',#257,5.4E-1);
#259=CARTESIAN_POINT('',(4.08E0,-7.E0,1.27E0));
#260=LINE('4018',#259,#258);
#261=DIRECTION('',(0.E0,1.E0,0.E0));
#262=VECTOR('',#261,3.E-1);
#263=CARTESIAN_POINT('',(3.54E0,-7.E0,1.27E0));
#264=LINE('4002',#263,#262);
#265=DIRECTION('',(0.E0,-1.E0,0.E0));
#266=VECTOR('',#265,3.E-1);
#267=CARTESIAN_POINT('',(1.54E0,-6.7E0,1.27E0));
#268=LINE('4001',#267,#266);
#269=DIRECTION('',(-1.E0,0.E0,0.E0));
#270=VECTOR('',#269,5.4E-1);
#271=CARTESIAN_POINT('',(1.54E0,-7.E0,1.27E0));
#272=LINE('3953',#271,#270);
#273=DIRECTION('',(0.E0,1.E0,0.E0));
#274=VECTOR('',#273,3.E-1);
#275=CARTESIAN_POINT('',(1.E0,-7.E0,1.27E0));
#276=LINE('3998',#275,#274);
#277=DIRECTION('',(0.E0,-1.E0,0.E0));
#278=VECTOR('',#277,3.E-1);
#279=CARTESIAN_POINT('',(-1.E0,-6.7E0,1.27E0));
#280=LINE('3997',#279,#278);
#281=DIRECTION('',(-1.E0,0.E0,0.E0));
#282=VECTOR('',#281,5.4E-1);
#283=CARTESIAN_POINT('',(-1.E0,-7.E0,1.27E0));
#284=LINE('3950',#283,#282);
#285=DIRECTION('',(0.E0,1.E0,0.E0));
#286=VECTOR('',#285,3.E-1);
#287=CARTESIAN_POINT('',(-1.54E0,-7.E0,1.27E0));
#288=LINE('3994',#287,#286);
#289=DIRECTION('',(0.E0,-1.E0,0.E0));
#290=VECTOR('',#289,3.E-1);
#291=CARTESIAN_POINT('',(-3.54E0,-6.7E0,1.27E0));
#292=LINE('3993',#291,#290);
#293=DIRECTION('',(-1.E0,0.E0,0.E0));
#294=VECTOR('',#293,5.4E-1);
#295=CARTESIAN_POINT('',(-3.54E0,-7.E0,1.27E0));
#296=LINE('3946',#295,#294);
#297=DIRECTION('',(0.E0,1.E0,0.E0));
#298=VECTOR('',#297,3.E-1);
#299=CARTESIAN_POINT('',(-4.08E0,-7.E0,1.27E0));
#300=LINE('3990',#299,#298);
#301=DIRECTION('',(0.E0,-1.E0,0.E0));
#302=VECTOR('',#301,3.E-1);
#303=CARTESIAN_POINT('',(-6.08E0,-6.7E0,1.27E0));
#304=LINE('3989',#303,#302);
#305=DIRECTION('',(-1.E0,0.E0,0.E0));
#306=VECTOR('',#305,5.4E-1);
#307=CARTESIAN_POINT('',(-6.08E0,-7.E0,1.27E0));
#308=LINE('3942',#307,#306);
#309=DIRECTION('',(0.E0,1.E0,0.E0));
#310=VECTOR('',#309,3.E-1);
#311=CARTESIAN_POINT('',(-6.62E0,-7.E0,1.27E0));
#312=LINE('3986',#311,#310);
#313=DIRECTION('',(0.E0,-1.E0,0.E0));
#314=VECTOR('',#313,3.E-1);
#315=CARTESIAN_POINT('',(-8.62E0,-6.7E0,1.27E0));
#316=LINE('3985',#315,#314);
#317=DIRECTION('',(-1.E0,0.E0,0.E0));
#318=VECTOR('',#317,2.3E-1);
#319=CARTESIAN_POINT('',(-8.62E0,-7.E0,1.27E0));
#320=LINE('3956',#319,#318);
#321=DIRECTION('',(0.E0,1.E0,0.E0));
#322=VECTOR('',#321,7.E0);
#323=CARTESIAN_POINT('',(8.85E0,-7.E0,1.27E0));
#324=LINE('4185',#323,#322);
#325=DIRECTION('',(0.E0,-1.E0,0.E0));
#326=VECTOR('',#325,7.E0);
#327=CARTESIAN_POINT('',(8.85E0,0.E0,-1.27E0));
#328=LINE('4047',#327,#326);
#329=DIRECTION('',(0.E0,0.E0,-1.E0));
#330=VECTOR('',#329,2.54E0);
#331=CARTESIAN_POINT('',(8.85E0,-7.E0,1.27E0));
#332=LINE('4032',#331,#330);
#333=DIRECTION('',(0.E0,0.E0,-1.E0));
#334=VECTOR('',#333,2.54E0);
#335=CARTESIAN_POINT('',(8.62E0,-7.E0,1.27E0));
#336=LINE('4023',#335,#334);
#337=DIRECTION('',(0.E0,0.E0,-1.E0));
#338=VECTOR('',#337,3.2E-1);
#339=CARTESIAN_POINT('',(-1.54E0,-6.7E0,1.27E0));
#340=LINE('4130',#339,#338);
#341=DIRECTION('',(0.E0,0.E0,1.E0));
#342=VECTOR('',#341,3.2E-1);
#343=CARTESIAN_POINT('',(-1.E0,-6.7E0,9.5E-1));
#344=LINE('4137',#343,#342);
#345=DIRECTION('',(-1.E0,0.E0,0.E0));
#346=VECTOR('',#345,2.E0);
#347=CARTESIAN_POINT('',(1.E0,-6.7E0,1.27E0));
#348=LINE('3949',#347,#346);
#349=DIRECTION('',(0.E0,0.E0,-1.E0));
#350=VECTOR('',#349,3.2E-1);
#351=CARTESIAN_POINT('',(1.E0,-6.7E0,1.27E0));
#352=LINE('4134',#351,#350);
#353=DIRECTION('',(0.E0,0.E0,1.E0));
#354=VECTOR('',#353,3.2E-1);
#355=CARTESIAN_POINT('',(1.54E0,-6.7E0,9.5E-1));
#356=LINE('4140',#355,#354);
#357=DIRECTION('',(-1.E0,0.E0,0.E0));
#358=VECTOR('',#357,2.E0);
#359=CARTESIAN_POINT('',(3.54E0,-6.7E0,1.27E0));
#360=LINE('3971',#359,#358);
#361=DIRECTION('',(0.E0,0.E0,-1.E0));
#362=VECTOR('',#361,3.2E-1);
#363=CARTESIAN_POINT('',(3.54E0,-6.7E0,1.27E0));
#364=LINE('4138',#363,#362);
#365=DIRECTION('',(0.E0,0.E0,1.E0));
#366=VECTOR('',#365,3.2E-1);
#367=CARTESIAN_POINT('',(4.08E0,-6.7E0,9.5E-1));
#368=LINE('4166',#367,#366);
#369=DIRECTION('',(-1.E0,0.E0,0.E0));
#370=VECTOR('',#369,2.E0);
#371=CARTESIAN_POINT('',(6.08E0,-6.7E0,1.27E0));
#372=LINE('4022',#371,#370);
#373=DIRECTION('',(0.E0,0.E0,-1.E0));
#374=VECTOR('',#373,3.2E-1);
#375=CARTESIAN_POINT('',(6.08E0,-6.7E0,1.27E0));
#376=LINE('4164',#375,#374);
#377=DIRECTION('',(0.E0,0.E0,1.E0));
#378=VECTOR('',#377,3.2E-1);
#379=CARTESIAN_POINT('',(6.62E0,-6.7E0,9.5E-1));
#380=LINE('4184',#379,#378);
#381=DIRECTION('',(-1.E0,0.E0,0.E0));
#382=VECTOR('',#381,2.E0);
#383=CARTESIAN_POINT('',(8.62E0,-6.7E0,1.27E0));
#384=LINE('4024',#383,#382);
#385=DIRECTION('',(0.E0,0.E0,-1.E0));
#386=VECTOR('',#385,2.54E0);
#387=CARTESIAN_POINT('',(8.62E0,-6.7E0,1.27E0));
#388=LINE('4182',#387,#386);
#389=DIRECTION('',(1.E0,0.E0,0.E0));
#390=VECTOR('',#389,2.E0);
#391=CARTESIAN_POINT('',(6.62E0,-6.7E0,-1.27E0));
#392=LINE('4025',#391,#390);
#393=DIRECTION('',(0.E0,0.E0,1.E0));
#394=VECTOR('',#393,3.2E-1);
#395=CARTESIAN_POINT('',(6.62E0,-6.7E0,-1.27E0));
#396=LINE('4183',#395,#394);
#397=DIRECTION('',(1.E0,0.E0,0.E0));
#398=VECTOR('',#397,5.4E-1);
#399=CARTESIAN_POINT('',(6.08E0,-6.7E0,-9.5E-1));
#400=LINE('4161',#399,#398);
#401=DIRECTION('',(0.E0,0.E0,-1.E0));
#402=VECTOR('',#401,3.2E-1);
#403=CARTESIAN_POINT('',(6.08E0,-6.7E0,-9.5E-1));
#404=LINE('4181',#403,#402);
#405=DIRECTION('',(1.E0,0.E0,0.E0));
#406=VECTOR('',#405,2.E0);
#407=CARTESIAN_POINT('',(4.08E0,-6.7E0,-1.27E0));
#408=LINE('4013',#407,#406);
#409=DIRECTION('',(0.E0,0.E0,1.E0));
#410=VECTOR('',#409,3.2E-1);
#411=CARTESIAN_POINT('',(4.08E0,-6.7E0,-1.27E0));
#412=LINE('4165',#411,#410);
#413=DIRECTION('',(1.E0,0.E0,0.E0));
#414=VECTOR('',#413,5.4E-1);
#415=CARTESIAN_POINT('',(3.54E0,-6.7E0,-9.5E-1));
#416=LINE('4123',#415,#414);
#417=DIRECTION('',(0.E0,0.E0,-1.E0));
#418=VECTOR('',#417,3.2E-1);
#419=CARTESIAN_POINT('',(3.54E0,-6.7E0,-9.5E-1));
#420=LINE('4163',#419,#418);
#421=DIRECTION('',(1.E0,0.E0,0.E0));
#422=VECTOR('',#421,2.E0);
#423=CARTESIAN_POINT('',(1.54E0,-6.7E0,-1.27E0));
#424=LINE('3952',#423,#422);
#425=DIRECTION('',(0.E0,0.E0,1.E0));
#426=VECTOR('',#425,3.2E-1);
#427=CARTESIAN_POINT('',(1.54E0,-6.7E0,-1.27E0));
#428=LINE('4139',#427,#426);
#429=DIRECTION('',(1.E0,0.E0,0.E0));
#430=VECTOR('',#429,5.4E-1);
#431=CARTESIAN_POINT('',(1.E0,-6.7E0,-9.5E-1));
#432=LINE('4122',#431,#430);
#433=DIRECTION('',(0.E0,0.E0,-1.E0));
#434=VECTOR('',#433,3.2E-1);
#435=CARTESIAN_POINT('',(1.E0,-6.7E0,-9.5E-1));
#436=LINE('4135',#435,#434);
#437=DIRECTION('',(1.E0,0.E0,0.E0));
#438=VECTOR('',#437,2.E0);
#439=CARTESIAN_POINT('',(-1.E0,-6.7E0,-1.27E0));
#440=LINE('3948',#439,#438);
#441=DIRECTION('',(0.E0,0.E0,1.E0));
#442=VECTOR('',#441,3.2E-1);
#443=CARTESIAN_POINT('',(-1.E0,-6.7E0,-1.27E0));
#444=LINE('4136',#443,#442);
#445=DIRECTION('',(-1.E0,0.E0,0.E0));
#446=VECTOR('',#445,5.4E-1);
#447=CARTESIAN_POINT('',(-1.E0,-6.7E0,-9.5E-1));
#448=LINE('4114',#447,#446);
#449=DIRECTION('',(0.E0,0.E0,-1.E0));
#450=VECTOR('',#449,3.2E-1);
#451=CARTESIAN_POINT('',(-1.54E0,-6.7E0,-9.5E-1));
#452=LINE('4131',#451,#450);
#453=DIRECTION('',(1.E0,0.E0,0.E0));
#454=VECTOR('',#453,2.E0);
#455=CARTESIAN_POINT('',(-3.54E0,-6.7E0,-1.27E0));
#456=LINE('3944',#455,#454);
#457=DIRECTION('',(0.E0,0.E0,1.E0));
#458=VECTOR('',#457,3.2E-1);
#459=CARTESIAN_POINT('',(-3.54E0,-6.7E0,-1.27E0));
#460=LINE('4132',#459,#458);
#461=DIRECTION('',(-1.E0,0.E0,0.E0));
#462=VECTOR('',#461,5.4E-1);
#463=CARTESIAN_POINT('',(-3.54E0,-6.7E0,-9.5E-1));
#464=LINE('4115',#463,#462);
#465=DIRECTION('',(0.E0,0.E0,-1.E0));
#466=VECTOR('',#465,3.2E-1);
#467=CARTESIAN_POINT('',(-4.08E0,-6.7E0,-9.5E-1));
#468=LINE('4127',#467,#466);
#469=DIRECTION('',(1.E0,0.E0,0.E0));
#470=VECTOR('',#469,2.E0);
#471=CARTESIAN_POINT('',(-6.08E0,-6.7E0,-1.27E0));
#472=LINE('3940',#471,#470);
#473=DIRECTION('',(0.E0,0.E0,1.E0));
#474=VECTOR('',#473,3.2E-1);
#475=CARTESIAN_POINT('',(-6.08E0,-6.7E0,-1.27E0));
#476=LINE('4128',#475,#474);
#477=DIRECTION('',(-1.E0,0.E0,0.E0));
#478=VECTOR('',#477,5.4E-1);
#479=CARTESIAN_POINT('',(-6.08E0,-6.7E0,-9.5E-1));
#480=LINE('4155',#479,#478);
#481=DIRECTION('',(0.E0,0.E0,-1.E0));
#482=VECTOR('',#481,3.2E-1);
#483=CARTESIAN_POINT('',(-6.62E0,-6.7E0,-9.5E-1));
#484=LINE('4142',#483,#482);
#485=DIRECTION('',(1.E0,0.E0,0.E0));
#486=VECTOR('',#485,2.E0);
#487=CARTESIAN_POINT('',(-8.62E0,-6.7E0,-1.27E0));
#488=LINE('3938',#487,#486);
#489=DIRECTION('',(0.E0,0.E0,1.E0));
#490=VECTOR('',#489,2.54E0);
#491=CARTESIAN_POINT('',(-8.62E0,-6.7E0,-1.27E0));
#492=LINE('4143',#491,#490);
#493=DIRECTION('',(-1.E0,0.E0,0.E0));
#494=VECTOR('',#493,2.E0);
#495=CARTESIAN_POINT('',(-6.62E0,-6.7E0,1.27E0));
#496=LINE('3939',#495,#494);
#497=DIRECTION('',(0.E0,0.E0,-1.E0));
#498=VECTOR('',#497,3.2E-1);
#499=CARTESIAN_POINT('',(-6.62E0,-6.7E0,1.27E0));
#500=LINE('4141',#499,#498);
#501=DIRECTION('',(0.E0,0.E0,1.E0));
#502=VECTOR('',#501,3.2E-1);
#503=CARTESIAN_POINT('',(-6.08E0,-6.7E0,9.5E-1));
#504=LINE('4129',#503,#502);
#505=DIRECTION('',(-1.E0,0.E0,0.E0));
#506=VECTOR('',#505,2.E0);
#507=CARTESIAN_POINT('',(-4.08E0,-6.7E0,1.27E0));
#508=LINE('3941',#507,#506);
#509=DIRECTION('',(0.E0,0.E0,-1.E0));
#510=VECTOR('',#509,3.2E-1);
#511=CARTESIAN_POINT('',(-4.08E0,-6.7E0,1.27E0));
#512=LINE('4126',#511,#510);
#513=DIRECTION('',(0.E0,0.E0,1.E0));
#514=VECTOR('',#513,3.2E-1);
#515=CARTESIAN_POINT('',(-3.54E0,-6.7E0,9.5E-1));
#516=LINE('4133',#515,#514);
#517=DIRECTION('',(-1.E0,0.E0,0.E0));
#518=VECTOR('',#517,2.E0);
#519=CARTESIAN_POINT('',(-1.54E0,-6.7E0,1.27E0));
#520=LINE('3945',#519,#518);
#521=DIRECTION('',(-1.E0,0.E0,0.E0));
#522=VECTOR('',#521,6.E-1);
#523=CARTESIAN_POINT('',(-7.32E0,-6.7E0,7.9386E-1));
#524=LINE('4226',#523,#522);
#525=DIRECTION('',(0.E0,0.E0,1.E0));
#526=VECTOR('',#525,2.E-1);
#527=CARTESIAN_POINT('',(-7.92E0,-6.7E0,5.9386E-1));
#528=LINE('4228',#527,#526);
#529=DIRECTION('',(-1.E0,0.E0,0.E0));
#530=VECTOR('',#529,6.E-1);
#531=CARTESIAN_POINT('',(-7.32E0,-6.7E0,5.9386E-1));
#532=LINE('4227',#531,#530);
#533=DIRECTION('',(0.E0,0.E0,1.E0));
#534=VECTOR('',#533,2.E-1);
#535=CARTESIAN_POINT('',(-7.32E0,-6.7E0,5.9386E-1));
#536=LINE('4229',#535,#534);
#537=DIRECTION('',(-1.E0,0.E0,0.E0));
#538=VECTOR('',#537,5.8E-1);
#539=CARTESIAN_POINT('',(-7.33E0,-6.7E0,-7.938686366889E-1));
#540=LINE('4230',#539,#538);
#541=DIRECTION('',(0.E0,0.E0,-1.E0));
#542=VECTOR('',#541,2.E-1);
#543=CARTESIAN_POINT('',(-7.33E0,-6.7E0,-5.938686366889E-1));
#544=LINE('4233',#543,#542);
#545=DIRECTION('',(-1.E0,0.E0,0.E0));
#546=VECTOR('',#545,5.8E-1);
#547=CARTESIAN_POINT('',(-7.33E0,-6.7E0,-5.938686366889E-1));
#548=LINE('4231',#547,#546);
#549=DIRECTION('',(0.E0,0.E0,-1.E0));
#550=VECTOR('',#549,2.E-1);
#551=CARTESIAN_POINT('',(-7.91E0,-6.7E0,-5.938686366889E-1));
#552=LINE('4232',#551,#550);
#553=DIRECTION('',(-1.E0,0.E0,0.E0));
#554=VECTOR('',#553,6.E-1);
#555=CARTESIAN_POINT('',(-4.78E0,-6.7E0,7.9386E-1));
#556=LINE('4282',#555,#554);
#557=DIRECTION('',(0.E0,0.E0,1.E0));
#558=VECTOR('',#557,2.E-1);
#559=CARTESIAN_POINT('',(-5.38E0,-6.7E0,5.9386E-1));
#560=LINE('4284',#559,#558);
#561=DIRECTION('',(-1.E0,0.E0,0.E0));
#562=VECTOR('',#561,6.E-1);
#563=CARTESIAN_POINT('',(-4.78E0,-6.7E0,5.9386E-1));
#564=LINE('4283',#563,#562);
#565=DIRECTION('',(0.E0,0.E0,1.E0));
#566=VECTOR('',#565,2.E-1);
#567=CARTESIAN_POINT('',(-4.78E0,-6.7E0,5.9386E-1));
#568=LINE('4285',#567,#566);
#569=DIRECTION('',(-1.E0,0.E0,0.E0));
#570=VECTOR('',#569,5.8E-1);
#571=CARTESIAN_POINT('',(-4.79E0,-6.7E0,-7.938686366889E-1));
#572=LINE('4286',#571,#570);
#573=DIRECTION('',(0.E0,0.E0,-1.E0));
#574=VECTOR('',#573,2.E-1);
#575=CARTESIAN_POINT('',(-4.79E0,-6.7E0,-5.938686366889E-1));
#576=LINE('4289',#575,#574);
#577=DIRECTION('',(-1.E0,0.E0,0.E0));
#578=VECTOR('',#577,5.8E-1);
#579=CARTESIAN_POINT('',(-4.79E0,-6.7E0,-5.938686366889E-1));
#580=LINE('4287',#579,#578);
#581=DIRECTION('',(0.E0,0.E0,-1.E0));
#582=VECTOR('',#581,2.E-1);
#583=CARTESIAN_POINT('',(-5.37E0,-6.7E0,-5.938686366889E-1));
#584=LINE('4288',#583,#582);
#585=DIRECTION('',(-1.E0,0.E0,0.E0));
#586=VECTOR('',#585,6.E-1);
#587=CARTESIAN_POINT('',(-2.24E0,-6.7E0,7.9386E-1));
#588=LINE('4338',#587,#586);
#589=DIRECTION('',(0.E0,0.E0,1.E0));
#590=VECTOR('',#589,2.E-1);
#591=CARTESIAN_POINT('',(-2.84E0,-6.7E0,5.9386E-1));
#592=LINE('4340',#591,#590);
#593=DIRECTION('',(-1.E0,0.E0,0.E0));
#594=VECTOR('',#593,6.E-1);
#595=CARTESIAN_POINT('',(-2.24E0,-6.7E0,5.9386E-1));
#596=LINE('4339',#595,#594);
#597=DIRECTION('',(0.E0,0.E0,1.E0));
#598=VECTOR('',#597,2.E-1);
#599=CARTESIAN_POINT('',(-2.24E0,-6.7E0,5.9386E-1));
#600=LINE('4341',#599,#598);
#601=DIRECTION('',(-1.E0,0.E0,0.E0));
#602=VECTOR('',#601,5.8E-1);
#603=CARTESIAN_POINT('',(-2.25E0,-6.7E0,-7.938686366889E-1));
#604=LINE('4342',#603,#602);
#605=DIRECTION('',(0.E0,0.E0,-1.E0));
#606=VECTOR('',#605,2.E-1);
#607=CARTESIAN_POINT('',(-2.25E0,-6.7E0,-5.938686366889E-1));
#608=LINE('4345',#607,#606);
#609=DIRECTION('',(-1.E0,0.E0,0.E0));
#610=VECTOR('',#609,5.8E-1);
#611=CARTESIAN_POINT('',(-2.25E0,-6.7E0,-5.938686366889E-1));
#612=LINE('4343',#611,#610);
#613=DIRECTION('',(0.E0,0.E0,-1.E0));
#614=VECTOR('',#613,2.E-1);
#615=CARTESIAN_POINT('',(-2.83E0,-6.7E0,-5.938686366889E-1));
#616=LINE('4344',#615,#614);
#617=DIRECTION('',(-1.E0,0.E0,0.E0));
#618=VECTOR('',#617,6.E-1);
#619=CARTESIAN_POINT('',(3.E-1,-6.7E0,7.9386E-1));
#620=LINE('4394',#619,#618);
#621=DIRECTION('',(0.E0,0.E0,1.E0));
#622=VECTOR('',#621,2.E-1);
#623=CARTESIAN_POINT('',(-3.E-1,-6.7E0,5.9386E-1));
#624=LINE('4396',#623,#622);
#625=DIRECTION('',(-1.E0,0.E0,0.E0));
#626=VECTOR('',#625,6.E-1);
#627=CARTESIAN_POINT('',(3.E-1,-6.7E0,5.9386E-1));
#628=LINE('4395',#627,#626);
#629=DIRECTION('',(0.E0,0.E0,1.E0));
#630=VECTOR('',#629,2.E-1);
#631=CARTESIAN_POINT('',(3.E-1,-6.7E0,5.9386E-1));
#632=LINE('4397',#631,#630);
#633=DIRECTION('',(-1.E0,0.E0,0.E0));
#634=VECTOR('',#633,5.8E-1);
#635=CARTESIAN_POINT('',(2.9E-1,-6.7E0,-7.938686366889E-1));
#636=LINE('4398',#635,#634);
#637=DIRECTION('',(0.E0,0.E0,-1.E0));
#638=VECTOR('',#637,2.E-1);
#639=CARTESIAN_POINT('',(2.9E-1,-6.7E0,-5.938686366889E-1));
#640=LINE('4401',#639,#638);
#641=DIRECTION('',(-1.E0,0.E0,0.E0));
#642=VECTOR('',#641,5.8E-1);
#643=CARTESIAN_POINT('',(2.9E-1,-6.7E0,-5.938686366889E-1));
#644=LINE('4399',#643,#642);
#645=DIRECTION('',(0.E0,0.E0,-1.E0));
#646=VECTOR('',#645,2.E-1);
#647=CARTESIAN_POINT('',(-2.9E-1,-6.7E0,-5.938686366889E-1));
#648=LINE('4400',#647,#646);
#649=DIRECTION('',(-1.E0,0.E0,0.E0));
#650=VECTOR('',#649,6.E-1);
#651=CARTESIAN_POINT('',(2.84E0,-6.7E0,7.9386E-1));
#652=LINE('4450',#651,#650);
#653=DIRECTION('',(0.E0,0.E0,1.E0));
#654=VECTOR('',#653,2.E-1);
#655=CARTESIAN_POINT('',(2.24E0,-6.7E0,5.9386E-1));
#656=LINE('4452',#655,#654);
#657=DIRECTION('',(-1.E0,0.E0,0.E0));
#658=VECTOR('',#657,6.E-1);
#659=CARTESIAN_POINT('',(2.84E0,-6.7E0,5.9386E-1));
#660=LINE('4451',#659,#658);
#661=DIRECTION('',(0.E0,0.E0,1.E0));
#662=VECTOR('',#661,2.E-1);
#663=CARTESIAN_POINT('',(2.84E0,-6.7E0,5.9386E-1));
#664=LINE('4453',#663,#662);
#665=DIRECTION('',(-1.E0,0.E0,0.E0));
#666=VECTOR('',#665,5.8E-1);
#667=CARTESIAN_POINT('',(2.83E0,-6.7E0,-7.938686366889E-1));
#668=LINE('4454',#667,#666);
#669=DIRECTION('',(0.E0,0.E0,-1.E0));
#670=VECTOR('',#669,2.E-1);
#671=CARTESIAN_POINT('',(2.83E0,-6.7E0,-5.938686366889E-1));
#672=LINE('4457',#671,#670);
#673=DIRECTION('',(-1.E0,0.E0,0.E0));
#674=VECTOR('',#673,5.8E-1);
#675=CARTESIAN_POINT('',(2.83E0,-6.7E0,-5.938686366889E-1));
#676=LINE('4455',#675,#674);
#677=DIRECTION('',(0.E0,0.E0,-1.E0));
#678=VECTOR('',#677,2.E-1);
#679=CARTESIAN_POINT('',(2.25E0,-6.7E0,-5.938686366889E-1));
#680=LINE('4456',#679,#678);
#681=DIRECTION('',(-1.E0,0.E0,0.E0));
#682=VECTOR('',#681,6.E-1);
#683=CARTESIAN_POINT('',(5.38E0,-6.7E0,7.9386E-1));
#684=LINE('4506',#683,#682);
#685=DIRECTION('',(0.E0,0.E0,1.E0));
#686=VECTOR('',#685,2.E-1);
#687=CARTESIAN_POINT('',(4.78E0,-6.7E0,5.9386E-1));
#688=LINE('4508',#687,#686);
#689=DIRECTION('',(-1.E0,0.E0,0.E0));
#690=VECTOR('',#689,6.E-1);
#691=CARTESIAN_POINT('',(5.38E0,-6.7E0,5.9386E-1));
#692=LINE('4507',#691,#690);
#693=DIRECTION('',(0.E0,0.E0,1.E0));
#694=VECTOR('',#693,2.E-1);
#695=CARTESIAN_POINT('',(5.38E0,-6.7E0,5.9386E-1));
#696=LINE('4509',#695,#694);
#697=DIRECTION('',(-1.E0,0.E0,0.E0));
#698=VECTOR('',#697,5.8E-1);
#699=CARTESIAN_POINT('',(5.37E0,-6.7E0,-7.938686366889E-1));
#700=LINE('4510',#699,#698);
#701=DIRECTION('',(0.E0,0.E0,-1.E0));
#702=VECTOR('',#701,2.E-1);
#703=CARTESIAN_POINT('',(5.37E0,-6.7E0,-5.938686366889E-1));
#704=LINE('4513',#703,#702);
#705=DIRECTION('',(-1.E0,0.E0,0.E0));
#706=VECTOR('',#705,5.8E-1);
#707=CARTESIAN_POINT('',(5.37E0,-6.7E0,-5.938686366889E-1));
#708=LINE('4511',#707,#706);
#709=DIRECTION('',(0.E0,0.E0,-1.E0));
#710=VECTOR('',#709,2.E-1);
#711=CARTESIAN_POINT('',(4.79E0,-6.7E0,-5.938686366889E-1));
#712=LINE('4512',#711,#710);
#713=DIRECTION('',(-1.E0,0.E0,0.E0));
#714=VECTOR('',#713,6.E-1);
#715=CARTESIAN_POINT('',(7.92E0,-6.7E0,7.9386E-1));
#716=LINE('4562',#715,#714);
#717=DIRECTION('',(0.E0,0.E0,1.E0));
#718=VECTOR('',#717,2.E-1);
#719=CARTESIAN_POINT('',(7.32E0,-6.7E0,5.9386E-1));
#720=LINE('4564',#719,#718);
#721=DIRECTION('',(-1.E0,0.E0,0.E0));
#722=VECTOR('',#721,6.E-1);
#723=CARTESIAN_POINT('',(7.92E0,-6.7E0,5.9386E-1));
#724=LINE('4563',#723,#722);
#725=DIRECTION('',(0.E0,0.E0,1.E0));
#726=VECTOR('',#725,2.E-1);
#727=CARTESIAN_POINT('',(7.92E0,-6.7E0,5.9386E-1));
#728=LINE('4565',#727,#726);
#729=DIRECTION('',(-1.E0,0.E0,0.E0));
#730=VECTOR('',#729,5.8E-1);
#731=CARTESIAN_POINT('',(7.91E0,-6.7E0,-7.938686366889E-1));
#732=LINE('4566',#731,#730);
#733=DIRECTION('',(0.E0,0.E0,-1.E0));
#734=VECTOR('',#733,2.E-1);
#735=CARTESIAN_POINT('',(7.91E0,-6.7E0,-5.938686366889E-1));
#736=LINE('4569',#735,#734);
#737=DIRECTION('',(-1.E0,0.E0,0.E0));
#738=VECTOR('',#737,5.8E-1);
#739=CARTESIAN_POINT('',(7.91E0,-6.7E0,-5.938686366889E-1));
#740=LINE('4567',#739,#738);
#741=DIRECTION('',(0.E0,0.E0,-1.E0));
#742=VECTOR('',#741,2.E-1);
#743=CARTESIAN_POINT('',(7.33E0,-6.7E0,-5.938686366889E-1));
#744=LINE('4568',#743,#742);
#745=DIRECTION('',(0.E0,0.E0,-1.E0));
#746=VECTOR('',#745,2.937534009422E-1);
#747=CARTESIAN_POINT('',(-1.54E0,-7.E0,1.27E0));
#748=LINE('4020',#747,#746);
#749=DIRECTION('',(0.E0,-9.961946980917E-1,8.715574274766E-2));
#750=VECTOR('',#749,3.011459512630E-1);
#751=CARTESIAN_POINT('',(-1.54E0,-6.7E0,9.5E-1));
#752=LINE('4154',#751,#750);
#753=DIRECTION('',(0.E0,0.E0,-1.E0));
#754=VECTOR('',#753,2.937534009422E-1);
#755=CARTESIAN_POINT('',(-1.E0,-7.E0,1.27E0));
#756=LINE('4035',#755,#754);
#757=DIRECTION('',(-1.E0,0.E0,0.E0));
#758=VECTOR('',#757,5.4E-1);
#759=CARTESIAN_POINT('',(-1.E0,-7.E0,9.762465990578E-1));
#760=LINE('4046',#759,#758);
#761=DIRECTION('',(0.E0,-9.961946980917E-1,8.715574274766E-2));
#762=VECTOR('',#761,3.011459512630E-1);
#763=CARTESIAN_POINT('',(-1.E0,-6.7E0,9.5E-1));
#764=LINE('4176',#763,#762);
#765=DIRECTION('',(-1.E0,0.E0,0.E0));
#766=VECTOR('',#765,5.4E-1);
#767=CARTESIAN_POINT('',(-1.E0,-6.7E0,9.5E-1));
#768=LINE('4116',#767,#766);
#769=DIRECTION('',(0.E0,0.E0,-1.E0));
#770=VECTOR('',#769,2.937534009422E-1);
#771=CARTESIAN_POINT('',(1.E0,-7.E0,1.27E0));
#772=LINE('4050',#771,#770);
#773=DIRECTION('',(0.E0,-9.961946980917E-1,8.715574274766E-2));
#774=VECTOR('',#773,3.011459512630E-1);
#775=CARTESIAN_POINT('',(1.E0,-6.7E0,9.5E-1));
#776=LINE('4119',#775,#774);
#777=DIRECTION('',(-1.E0,0.E0,0.E0));
#778=VECTOR('',#777,5.4E-1);
#779=CARTESIAN_POINT('',(1.54E0,-7.E0,9.762465990578E-1));
#780=LINE('4049',#779,#778);
#781=DIRECTION('',(0.E0,0.E0,-1.E0));
#782=VECTOR('',#781,2.937534009422E-1);
#783=CARTESIAN_POINT('',(1.54E0,-7.E0,1.27E0));
#784=LINE('4052',#783,#782);
#785=DIRECTION('',(1.E0,0.E0,0.E0));
#786=VECTOR('',#785,5.4E-1);
#787=CARTESIAN_POINT('',(1.E0,-6.7E0,9.5E-1));
#788=LINE('4124',#787,#786);
#789=DIRECTION('',(0.E0,-9.961946980917E-1,8.715574274766E-2));
#790=VECTOR('',#789,3.011459512630E-1);
#791=CARTESIAN_POINT('',(1.54E0,-6.7E0,9.5E-1));
#792=LINE('4121',#791,#790);
#793=DIRECTION('',(0.E0,0.E0,-1.E0));
#794=VECTOR('',#793,2.937534009422E-1);
#795=CARTESIAN_POINT('',(3.54E0,-7.E0,1.27E0));
#796=LINE('4056',#795,#794);
#797=DIRECTION('',(0.E0,-9.961946980917E-1,8.715574274766E-2));
#798=VECTOR('',#797,3.011459512630E-1);
#799=CARTESIAN_POINT('',(3.54E0,-6.7E0,9.5E-1));
#800=LINE('4158',#799,#798);
#801=DIRECTION('',(-1.E0,0.E0,0.E0));
#802=VECTOR('',#801,5.4E-1);
#803=CARTESIAN_POINT('',(4.08E0,-7.E0,9.762465990578E-1));
#804=LINE('4055',#803,#802);
#805=DIRECTION('',(0.E0,0.E0,-1.E0));
#806=VECTOR('',#805,2.937534009422E-1);
#807=CARTESIAN_POINT('',(4.08E0,-7.E0,1.27E0));
#808=LINE('4058',#807,#806);
#809=DIRECTION('',(1.E0,0.E0,0.E0));
#810=VECTOR('',#809,5.4E-1);
#811=CARTESIAN_POINT('',(3.54E0,-6.7E0,9.5E-1));
#812=LINE('4125',#811,#810);
#813=DIRECTION('',(0.E0,-9.961946980917E-1,8.715574274766E-2));
#814=VECTOR('',#813,3.011459512630E-1);
#815=CARTESIAN_POINT('',(4.08E0,-6.7E0,9.5E-1));
#816=LINE('4160',#815,#814);
#817=DIRECTION('',(0.E0,0.E0,-1.E0));
#818=VECTOR('',#817,2.937534009422E-1);
#819=CARTESIAN_POINT('',(6.08E0,-7.E0,1.27E0));
#820=LINE('4062',#819,#818);
#821=DIRECTION('',(0.E0,-9.961946980917E-1,8.715574274766E-2));
#822=VECTOR('',#821,3.011459512630E-1);
#823=CARTESIAN_POINT('',(6.08E0,-6.7E0,9.5E-1));
#824=LINE('4178',#823,#822);
#825=DIRECTION('',(-1.E0,0.E0,0.E0));
#826=VECTOR('',#825,5.4E-1);
#827=CARTESIAN_POINT('',(6.62E0,-7.E0,9.762465990578E-1));
#828=LINE('4061',#827,#826);
#829=DIRECTION('',(0.E0,0.E0,-1.E0));
#830=VECTOR('',#829,2.937534009422E-1);
#831=CARTESIAN_POINT('',(6.62E0,-7.E0,1.27E0));
#832=LINE('4064',#831,#830);
#833=DIRECTION('',(1.E0,0.E0,0.E0));
#834=VECTOR('',#833,5.4E-1);
#835=CARTESIAN_POINT('',(6.08E0,-6.7E0,9.5E-1));
#836=LINE('4162',#835,#834);
#837=DIRECTION('',(0.E0,-9.961946980917E-1,8.715574274766E-2));
#838=VECTOR('',#837,3.011459512630E-1);
#839=CARTESIAN_POINT('',(6.62E0,-6.7E0,9.5E-1));
#840=LINE('4180',#839,#838);
#841=DIRECTION('',(0.E0,9.961946980917E-1,8.715574274766E-2));
#842=VECTOR('',#841,3.011459512630E-1);
#843=CARTESIAN_POINT('',(6.62E0,-7.E0,-9.762465990578E-1));
#844=LINE('4179',#843,#842);
#845=DIRECTION('',(-1.E0,0.E0,0.E0));
#846=VECTOR('',#845,5.4E-1);
#847=CARTESIAN_POINT('',(6.62E0,-7.E0,-9.762465990578E-1));
#848=LINE('4060',#847,#846);
#849=DIRECTION('',(0.E0,0.E0,-1.E0));
#850=VECTOR('',#849,2.937534009422E-1);
#851=CARTESIAN_POINT('',(6.62E0,-7.E0,-9.762465990578E-1));
#852=LINE('4065',#851,#850);
#853=DIRECTION('',(0.E0,9.961946980917E-1,8.715574274766E-2));
#854=VECTOR('',#853,3.011459512630E-1);
#855=CARTESIAN_POINT('',(6.08E0,-7.E0,-9.762465990578E-1));
#856=LINE('4177',#855,#854);
#857=DIRECTION('',(0.E0,0.E0,-1.E0));
#858=VECTOR('',#857,2.937534009422E-1);
#859=CARTESIAN_POINT('',(6.08E0,-7.E0,-9.762465990578E-1));
#860=LINE('4063',#859,#858);
#861=DIRECTION('',(0.E0,9.961946980917E-1,8.715574274766E-2));
#862=VECTOR('',#861,3.011459512630E-1);
#863=CARTESIAN_POINT('',(4.08E0,-7.E0,-9.762465990578E-1));
#864=LINE('4159',#863,#862);
#865=DIRECTION('',(-1.E0,0.E0,0.E0));
#866=VECTOR('',#865,5.4E-1);
#867=CARTESIAN_POINT('',(4.08E0,-7.E0,-9.762465990578E-1));
#868=LINE('4054',#867,#866);
#869=DIRECTION('',(0.E0,0.E0,-1.E0));
#870=VECTOR('',#869,2.937534009422E-1);
#871=CARTESIAN_POINT('',(4.08E0,-7.E0,-9.762465990578E-1));
#872=LINE('4059',#871,#870);
#873=DIRECTION('',(0.E0,9.961946980917E-1,8.715574274766E-2));
#874=VECTOR('',#873,3.011459512630E-1);
#875=CARTESIAN_POINT('',(3.54E0,-7.E0,-9.762465990578E-1));
#876=LINE('4157',#875,#874);
#877=DIRECTION('',(0.E0,0.E0,-1.E0));
#878=VECTOR('',#877,2.937534009422E-1);
#879=CARTESIAN_POINT('',(3.54E0,-7.E0,-9.762465990578E-1));
#880=LINE('4057',#879,#878);
#881=DIRECTION('',(0.E0,9.961946980917E-1,8.715574274766E-2));
#882=VECTOR('',#881,3.011459512630E-1);
#883=CARTESIAN_POINT('',(1.54E0,-7.E0,-9.762465990578E-1));
#884=LINE('4120',#883,#882);
#885=DIRECTION('',(-1.E0,0.E0,0.E0));
#886=VECTOR('',#885,5.4E-1);
#887=CARTESIAN_POINT('',(1.54E0,-7.E0,-9.762465990578E-1));
#888=LINE('4048',#887,#886);
#889=DIRECTION('',(0.E0,0.E0,-1.E0));
#890=VECTOR('',#889,2.937534009422E-1);
#891=CARTESIAN_POINT('',(1.54E0,-7.E0,-9.762465990578E-1));
#892=LINE('4053',#891,#890);
#893=DIRECTION('',(0.E0,9.961946980917E-1,8.715574274766E-2));
#894=VECTOR('',#893,3.011459512630E-1);
#895=CARTESIAN_POINT('',(1.E0,-7.E0,-9.762465990578E-1));
#896=LINE('4118',#895,#894);
#897=DIRECTION('',(0.E0,0.E0,-1.E0));
#898=VECTOR('',#897,2.937534009422E-1);
#899=CARTESIAN_POINT('',(1.E0,-7.E0,-9.762465990578E-1));
#900=LINE('4051',#899,#898);
#901=DIRECTION('',(0.E0,9.961946980917E-1,8.715574274766E-2));
#902=VECTOR('',#901,3.011459512630E-1);
#903=CARTESIAN_POINT('',(-1.E0,-7.E0,-9.762465990578E-1));
#904=LINE('4175',#903,#902);
#905=DIRECTION('',(-1.E0,0.E0,0.E0));
#906=VECTOR('',#905,5.4E-1);
#907=CARTESIAN_POINT('',(-1.E0,-7.E0,-9.762465990578E-1));
#908=LINE('4045',#907,#906);
#909=DIRECTION('',(0.E0,0.E0,-1.E0));
#910=VECTOR('',#909,2.937534009422E-1);
#911=CARTESIAN_POINT('',(-1.E0,-7.E0,-9.762465990578E-1));
#912=LINE('4036',#911,#910);
#913=DIRECTION('',(0.E0,9.961946980917E-1,8.715574274766E-2));
#914=VECTOR('',#913,3.011459512630E-1);
#915=CARTESIAN_POINT('',(-1.54E0,-7.E0,-9.762465990578E-1));
#916=LINE('4153',#915,#914);
#917=DIRECTION('',(0.E0,0.E0,-1.E0));
#918=VECTOR('',#917,2.937534009422E-1);
#919=CARTESIAN_POINT('',(-1.54E0,-7.E0,-9.762465990578E-1));
#920=LINE('4021',#919,#918);
#921=DIRECTION('',(0.E0,9.961946980917E-1,8.715574274766E-2));
#922=VECTOR('',#921,3.011459512630E-1);
#923=CARTESIAN_POINT('',(-3.54E0,-7.E0,-9.762465990578E-1));
#924=LINE('4112',#923,#922);
#925=DIRECTION('',(-1.E0,0.E0,0.E0));
#926=VECTOR('',#925,5.4E-1);
#927=CARTESIAN_POINT('',(-3.54E0,-7.E0,-9.762465990578E-1));
#928=LINE('4043',#927,#926);
#929=DIRECTION('',(0.E0,0.E0,-1.E0));
#930=VECTOR('',#929,2.937534009422E-1);
#931=CARTESIAN_POINT('',(-3.54E0,-7.E0,-9.762465990578E-1));
#932=LINE('4012',#931,#930);
#933=DIRECTION('',(0.E0,9.961946980917E-1,8.715574274766E-2));
#934=VECTOR('',#933,3.011459512630E-1);
#935=CARTESIAN_POINT('',(-4.08E0,-7.E0,-9.762465990578E-1));
#936=LINE('4110',#935,#934);
#937=DIRECTION('',(0.E0,0.E0,-1.E0));
#938=VECTOR('',#937,2.937534009422E-1);
#939=CARTESIAN_POINT('',(-4.08E0,-7.E0,-9.762465990578E-1));
#940=LINE('4010',#939,#938);
#941=DIRECTION('',(0.E0,9.961946980917E-1,8.715574274766E-2));
#942=VECTOR('',#941,3.011459512630E-1);
#943=CARTESIAN_POINT('',(-6.08E0,-7.E0,-9.762465990578E-1));
#944=LINE('4108',#943,#942);
#945=DIRECTION('',(-1.E0,0.E0,0.E0));
#946=VECTOR('',#945,5.4E-1);
#947=CARTESIAN_POINT('',(-6.08E0,-7.E0,-9.762465990578E-1));
#948=LINE('4041',#947,#946);
#949=DIRECTION('',(0.E0,0.E0,-1.E0));
#950=VECTOR('',#949,2.937534009422E-1);
#951=CARTESIAN_POINT('',(-6.08E0,-7.E0,-9.762465990578E-1));
#952=LINE('4008',#951,#950);
#953=DIRECTION('',(0.E0,9.961946980917E-1,8.715574274766E-2));
#954=VECTOR('',#953,3.011459512630E-1);
#955=CARTESIAN_POINT('',(-6.62E0,-7.E0,-9.762465990578E-1));
#956=LINE('4106',#955,#954);
#957=DIRECTION('',(0.E0,0.E0,-1.E0));
#958=VECTOR('',#957,2.937534009422E-1);
#959=CARTESIAN_POINT('',(-6.62E0,-7.E0,-9.762465990578E-1));
#960=LINE('4006',#959,#958);
#961=DIRECTION('',(0.E0,0.E0,-1.E0));
#962=VECTOR('',#961,2.937534009422E-1);
#963=CARTESIAN_POINT('',(-6.62E0,-7.E0,1.27E0));
#964=LINE('4005',#963,#962);
#965=DIRECTION('',(0.E0,-9.961946980917E-1,8.715574274766E-2));
#966=VECTOR('',#965,3.011459512630E-1);
#967=CARTESIAN_POINT('',(-6.62E0,-6.7E0,9.5E-1));
#968=LINE('4107',#967,#966);
#969=DIRECTION('',(0.E0,0.E0,-1.E0));
#970=VECTOR('',#969,2.937534009422E-1);
#971=CARTESIAN_POINT('',(-6.08E0,-7.E0,1.27E0));
#972=LINE('4007',#971,#970);
#973=DIRECTION('',(-1.E0,0.E0,0.E0));
#974=VECTOR('',#973,5.4E-1);
#975=CARTESIAN_POINT('',(-6.08E0,-7.E0,9.762465990578E-1));
#976=LINE('4042',#975,#974);
#977=DIRECTION('',(0.E0,-9.961946980917E-1,8.715574274766E-2));
#978=VECTOR('',#977,3.011459512630E-1);
#979=CARTESIAN_POINT('',(-6.08E0,-6.7E0,9.5E-1));
#980=LINE('4109',#979,#978);
#981=DIRECTION('',(-1.E0,0.E0,0.E0));
#982=VECTOR('',#981,5.4E-1);
#983=CARTESIAN_POINT('',(-6.08E0,-6.7E0,9.5E-1));
#984=LINE('4156',#983,#982);
#985=DIRECTION('',(0.E0,0.E0,-1.E0));
#986=VECTOR('',#985,2.937534009422E-1);
#987=CARTESIAN_POINT('',(-4.08E0,-7.E0,1.27E0));
#988=LINE('4009',#987,#986);
#989=DIRECTION('',(0.E0,-9.961946980917E-1,8.715574274766E-2));
#990=VECTOR('',#989,3.011459512630E-1);
#991=CARTESIAN_POINT('',(-4.08E0,-6.7E0,9.5E-1));
#992=LINE('4111',#991,#990);
#993=DIRECTION('',(0.E0,0.E0,-1.E0));
#994=VECTOR('',#993,2.937534009422E-1);
#995=CARTESIAN_POINT('',(-3.54E0,-7.E0,1.27E0));
#996=LINE('4011',#995,#994);
#997=DIRECTION('',(-1.E0,0.E0,0.E0));
#998=VECTOR('',#997,5.4E-1);
#999=CARTESIAN_POINT('',(-3.54E0,-7.E0,9.762465990578E-1));
#1000=LINE('4044',#999,#998);
#1001=DIRECTION('',(0.E0,-9.961946980917E-1,8.715574274766E-2));
#1002=VECTOR('',#1001,3.011459512630E-1);
#1003=CARTESIAN_POINT('',(-3.54E0,-6.7E0,9.5E-1));
#1004=LINE('4113',#1003,#1002);
#1005=DIRECTION('',(-1.E0,0.E0,0.E0));
#1006=VECTOR('',#1005,5.4E-1);
#1007=CARTESIAN_POINT('',(-3.54E0,-6.7E0,9.5E-1));
#1008=LINE('4117',#1007,#1006);
#1009=DIRECTION('',(1.E0,0.E0,0.E0));
#1010=VECTOR('',#1009,6.E-1);
#1011=CARTESIAN_POINT('',(-7.92E0,-6.8E0,7.9386E-1));
#1012=LINE('4192',#1011,#1010);
#1013=DIRECTION('',(0.E0,1.E0,0.E0));
#1014=VECTOR('',#1013,1.E-1);
#1015=CARTESIAN_POINT('',(-7.32E0,-6.8E0,5.9386E-1));
#1016=LINE('4237',#1015,#1014);
#1017=DIRECTION('',(0.E0,1.E0,0.E0));
#1018=VECTOR('',#1017,1.E-1);
#1019=CARTESIAN_POINT('',(-7.32E0,-6.8E0,7.9386E-1));
#1020=LINE('4235',#1019,#1018);
#1021=DIRECTION('',(1.E0,0.E0,0.E0));
#1022=VECTOR('',#1021,6.E-1);
#1023=CARTESIAN_POINT('',(-7.92E0,-6.8E0,5.9386E-1));
#1024=LINE('4199',#1023,#1022);
#1025=DIRECTION('',(0.E0,1.E0,0.E0));
#1026=VECTOR('',#1025,1.E-1);
#1027=CARTESIAN_POINT('',(-7.92E0,-6.8E0,7.9386E-1));
#1028=LINE('4234',#1027,#1026);
#1029=DIRECTION('',(0.E0,0.E0,-1.E0));
#1030=VECTOR('',#1029,2.E-1);
#1031=CARTESIAN_POINT('',(-7.92E0,-6.8E0,7.9386E-1));
#1032=LINE('4200',#1031,#1030);
#1033=DIRECTION('',(0.E0,1.E0,0.E0));
#1034=VECTOR('',#1033,1.E-1);
#1035=CARTESIAN_POINT('',(-7.92E0,-6.8E0,5.9386E-1));
#1036=LINE('4236',#1035,#1034);
#1037=CARTESIAN_POINT('',(-7.92E0,-6.8E0,9.9386E-1));
#1038=DIRECTION('',(1.E0,0.E0,0.E0));
#1039=DIRECTION('',(0.E0,-1.E0,0.E0));
#1040=AXIS2_PLACEMENT_3D('',#1037,#1038,#1039);
#1042=DIRECTION('',(0.E0,-1.E0,0.E0));
#1043=VECTOR('',#1042,2.E-1);
#1044=CARTESIAN_POINT('',(-7.92E0,-7.E0,9.9386E-1));
#1045=LINE('4202',#1044,#1043);
#1046=CARTESIAN_POINT('',(-7.92E0,-6.8E0,9.9386E-1));
#1047=DIRECTION('',(1.E0,0.E0,0.E0));
#1048=DIRECTION('',(0.E0,-1.E0,0.E0));
#1049=AXIS2_PLACEMENT_3D('',#1046,#1047,#1048);
#1051=DIRECTION('',(1.E0,0.E0,0.E0));
#1052=VECTOR('',#1051,6.E-1);
#1053=CARTESIAN_POINT('',(-7.92E0,-7.E0,9.9386E-1));
#1054=LINE('4191',#1053,#1052);
#1055=CARTESIAN_POINT('',(-7.32E0,-6.8E0,9.9386E-1));
#1056=DIRECTION('',(1.E0,0.E0,0.E0));
#1057=DIRECTION('',(0.E0,-1.E0,0.E0));
#1058=AXIS2_PLACEMENT_3D('',#1055,#1056,#1057);
#1060=DIRECTION('',(0.E0,0.E0,-1.E0));
#1061=VECTOR('',#1060,2.E-1);
#1062=CARTESIAN_POINT('',(-7.32E0,-6.8E0,7.9386E-1));
#1063=LINE('4201',#1062,#1061);
#1064=CARTESIAN_POINT('',(-7.32E0,-6.8E0,9.9386E-1));
#1065=DIRECTION('',(1.E0,0.E0,0.E0));
#1066=DIRECTION('',(0.E0,-1.E0,0.E0));
#1067=AXIS2_PLACEMENT_3D('',#1064,#1065,#1066);
#1069=DIRECTION('',(1.E0,0.E0,0.E0));
#1070=VECTOR('',#1069,6.E-1);
#1071=CARTESIAN_POINT('',(-7.92E0,-7.2E0,9.9386E-1));
#1072=LINE('4198',#1071,#1070);
#1073=DIRECTION('',(1.E0,0.E0,0.E0));
#1074=VECTOR('',#1073,6.E-1);
#1075=CARTESIAN_POINT('',(-7.92E0,-7.2E0,1.59386E0));
#1076=LINE('4197',#1075,#1074);
#1077=DIRECTION('',(0.E0,0.E0,-1.E0));
#1078=VECTOR('',#1077,6.E-1);
#1079=CARTESIAN_POINT('',(-7.92E0,-7.E0,1.59386E0));
#1080=LINE('4186',#1079,#1078);
#1081=DIRECTION('',(0.E0,-1.E0,0.E0));
#1082=VECTOR('',#1081,2.E-1);
#1083=CARTESIAN_POINT('',(-7.92E0,-7.E0,1.59386E0));
#1084=LINE('4204',#1083,#1082);
#1085=DIRECTION('',(0.E0,0.E0,-1.E0));
#1086=VECTOR('',#1085,6.E-1);
#1087=CARTESIAN_POINT('',(-7.92E0,-7.2E0,1.59386E0));
#1088=LINE('4193',#1087,#1086);
#1089=DIRECTION('',(1.E0,0.E0,0.E0));
#1090=VECTOR('',#1089,6.E-1);
#1091=CARTESIAN_POINT('',(-7.92E0,-7.E0,1.59386E0));
#1092=LINE('4190',#1091,#1090);
#1093=DIRECTION('',(0.E0,0.E0,-1.E0));
#1094=VECTOR('',#1093,6.E-1);
#1095=CARTESIAN_POINT('',(-7.32E0,-7.E0,1.59386E0));
#1096=LINE('4188',#1095,#1094);
#1097=DIRECTION('',(0.E0,-1.E0,0.E0));
#1098=VECTOR('',#1097,2.E-1);
#1099=CARTESIAN_POINT('',(-7.32E0,-7.E0,9.9386E-1));
#1100=LINE('4203',#1099,#1098);
#1101=DIRECTION('',(0.E0,0.E0,-1.E0));
#1102=VECTOR('',#1101,6.E-1);
#1103=CARTESIAN_POINT('',(-7.32E0,-7.2E0,1.59386E0));
#1104=LINE('4195',#1103,#1102);
#1105=DIRECTION('',(0.E0,-1.E0,0.E0));
#1106=VECTOR('',#1105,2.E-1);
#1107=CARTESIAN_POINT('',(-7.32E0,-7.E0,1.59386E0));
#1108=LINE('4205',#1107,#1106);
#1109=DIRECTION('',(0.E0,-1.E0,0.E0));
#1110=VECTOR('',#1109,1.E-1);
#1111=CARTESIAN_POINT('',(-7.91E0,-6.7E0,-5.938686366889E-1));
#1112=LINE('4240',#1111,#1110);
#1113=DIRECTION('',(0.E0,-1.E0,0.E0));
#1114=VECTOR('',#1113,1.E-1);
#1115=CARTESIAN_POINT('',(-7.91E0,-6.7E0,-7.938686366889E-1));
#1116=LINE('4238',#1115,#1114);
#1117=DIRECTION('',(0.E0,-1.E0,0.E0));
#1118=VECTOR('',#1117,1.E-1);
#1119=CARTESIAN_POINT('',(-7.33E0,-6.7E0,-7.938686366889E-1));
#1120=LINE('4239',#1119,#1118);
#1121=DIRECTION('',(0.E0,0.E0,1.E0));
#1122=VECTOR('',#1121,2.E-1);
#1123=CARTESIAN_POINT('',(-7.33E0,-6.8E0,-7.938686366889E-1));
#1124=LINE('4225',#1123,#1122);
#1125=DIRECTION('',(0.E0,-1.E0,0.E0));
#1126=VECTOR('',#1125,1.E-1);
#1127=CARTESIAN_POINT('',(-7.33E0,-6.7E0,-5.938686366889E-1));
#1128=LINE('4241',#1127,#1126);
#1129=CARTESIAN_POINT('',(-7.33E0,-6.8E0,-9.938686366889E-1));
#1130=DIRECTION('',(1.E0,0.E0,0.E0));
#1131=DIRECTION('',(0.E0,0.E0,1.E0));
#1132=AXIS2_PLACEMENT_3D('',#1129,#1130,#1131);
#1134=DIRECTION('',(0.E0,-1.E0,0.E0));
#1135=VECTOR('',#1134,2.E-1);
#1136=CARTESIAN_POINT('',(-7.33E0,-7.E0,-9.938686366889E-1));
#1137=LINE('4223',#1136,#1135);
#1138=CARTESIAN_POINT('',(-7.33E0,-6.8E0,-9.938686366889E-1));
#1139=DIRECTION('',(1.E0,0.E0,0.E0));
#1140=DIRECTION('',(0.E0,0.E0,1.E0));
#1141=AXIS2_PLACEMENT_3D('',#1138,#1139,#1140);
#1143=DIRECTION('',(1.E0,0.E0,0.E0));
#1144=VECTOR('',#1143,5.8E-1);
#1145=CARTESIAN_POINT('',(-7.91E0,-6.8E0,-7.938686366889E-1));
#1146=LINE('4210',#1145,#1144);
#1147=CARTESIAN_POINT('',(-7.91E0,-6.8E0,-9.938686366889E-1));
#1148=DIRECTION('',(1.E0,0.E0,0.E0));
#1149=DIRECTION('',(0.E0,0.E0,1.E0));
#1150=AXIS2_PLACEMENT_3D('',#1147,#1148,#1149);
#1152=DIRECTION('',(0.E0,0.E0,1.E0));
#1153=VECTOR('',#1152,2.E-1);
#1154=CARTESIAN_POINT('',(-7.91E0,-6.8E0,-7.938686366889E-1));
#1155=LINE('4224',#1154,#1153);
#1156=CARTESIAN_POINT('',(-7.91E0,-6.8E0,-9.938686366889E-1));
#1157=DIRECTION('',(1.E0,0.E0,0.E0));
#1158=DIRECTION('',(0.E0,0.E0,1.E0));
#1159=AXIS2_PLACEMENT_3D('',#1156,#1157,#1158);
#1161=DIRECTION('',(1.E0,0.E0,0.E0));
#1162=VECTOR('',#1161,5.8E-1);
#1163=CARTESIAN_POINT('',(-7.91E0,-6.8E0,-5.938686366889E-1));
#1164=LINE('4217',#1163,#1162);
#1165=DIRECTION('',(1.E0,0.E0,0.E0));
#1166=VECTOR('',#1165,5.8E-1);
#1167=CARTESIAN_POINT('',(-7.91E0,-7.2E0,-9.938686366889E-1));
#1168=LINE('4218',#1167,#1166);
#1169=DIRECTION('',(0.E0,0.E0,-1.E0));
#1170=VECTOR('',#1169,6.E-1);
#1171=CARTESIAN_POINT('',(-7.91E0,-7.E0,-9.938686366889E-1));
#1172=LINE('4207',#1171,#1170);
#1173=DIRECTION('',(0.E0,-1.E0,0.E0));
#1174=VECTOR('',#1173,2.E-1);
#1175=CARTESIAN_POINT('',(-7.91E0,-7.E0,-9.938686366889E-1));
#1176=LINE('4221',#1175,#1174);
#1177=DIRECTION('',(0.E0,0.E0,-1.E0));
#1178=VECTOR('',#1177,6.E-1);
#1179=CARTESIAN_POINT('',(-7.91E0,-7.2E0,-9.938686366889E-1));
#1180=LINE('4214',#1179,#1178);
#1181=DIRECTION('',(1.E0,0.E0,0.E0));
#1182=VECTOR('',#1181,5.8E-1);
#1183=CARTESIAN_POINT('',(-7.91E0,-7.E0,-9.938686366889E-1));
#1184=LINE('4211',#1183,#1182);
#1185=DIRECTION('',(1.E0,0.E0,0.E0));
#1186=VECTOR('',#1185,5.8E-1);
#1187=CARTESIAN_POINT('',(-7.91E0,-7.E0,-1.593868636689E0));
#1188=LINE('4212',#1187,#1186);
#1189=DIRECTION('',(0.E0,-1.E0,0.E0));
#1190=VECTOR('',#1189,2.E-1);
#1191=CARTESIAN_POINT('',(-7.91E0,-7.E0,-1.593868636689E0));
#1192=LINE('4220',#1191,#1190);
#1193=DIRECTION('',(1.E0,0.E0,0.E0));
#1194=VECTOR('',#1193,5.8E-1);
#1195=CARTESIAN_POINT('',(-7.91E0,-7.2E0,-1.593868636689E0));
#1196=LINE('4219',#1195,#1194);
#1197=DIRECTION('',(0.E0,0.E0,-1.E0));
#1198=VECTOR('',#1197,6.E-1);
#1199=CARTESIAN_POINT('',(-7.33E0,-7.E0,-9.938686366889E-1));
#1200=LINE('4209',#1199,#1198);
#1201=DIRECTION('',(0.E0,-1.E0,0.E0));
#1202=VECTOR('',#1201,2.E-1);
#1203=CARTESIAN_POINT('',(-7.33E0,-7.E0,-1.593868636689E0));
#1204=LINE('4222',#1203,#1202);
#1205=DIRECTION('',(0.E0,0.E0,-1.E0));
#1206=VECTOR('',#1205,6.E-1);
#1207=CARTESIAN_POINT('',(-7.33E0,-7.2E0,-9.938686366889E-1));
#1208=LINE('4216',#1207,#1206);
#1209=DIRECTION('',(1.E0,0.E0,0.E0));
#1210=VECTOR('',#1209,6.E-1);
#1211=CARTESIAN_POINT('',(-5.38E0,-6.8E0,7.9386E-1));
#1212=LINE('4248',#1211,#1210);
#1213=DIRECTION('',(0.E0,1.E0,0.E0));
#1214=VECTOR('',#1213,1.E-1);
#1215=CARTESIAN_POINT('',(-4.78E0,-6.8E0,5.9386E-1));
#1216=LINE('4293',#1215,#1214);
#1217=DIRECTION('',(0.E0,1.E0,0.E0));
#1218=VECTOR('',#1217,1.E-1);
#1219=CARTESIAN_POINT('',(-4.78E0,-6.8E0,7.9386E-1));
#1220=LINE('4291',#1219,#1218);
#1221=DIRECTION('',(1.E0,0.E0,0.E0));
#1222=VECTOR('',#1221,6.E-1);
#1223=CARTESIAN_POINT('',(-5.38E0,-6.8E0,5.9386E-1));
#1224=LINE('4255',#1223,#1222);
#1225=DIRECTION('',(0.E0,1.E0,0.E0));
#1226=VECTOR('',#1225,1.E-1);
#1227=CARTESIAN_POINT('',(-5.38E0,-6.8E0,7.9386E-1));
#1228=LINE('4290',#1227,#1226);
#1229=DIRECTION('',(0.E0,0.E0,-1.E0));
#1230=VECTOR('',#1229,2.E-1);
#1231=CARTESIAN_POINT('',(-5.38E0,-6.8E0,7.9386E-1));
#1232=LINE('4256',#1231,#1230);
#1233=DIRECTION('',(0.E0,1.E0,0.E0));
#1234=VECTOR('',#1233,1.E-1);
#1235=CARTESIAN_POINT('',(-5.38E0,-6.8E0,5.9386E-1));
#1236=LINE('4292',#1235,#1234);
#1237=CARTESIAN_POINT('',(-5.38E0,-6.8E0,9.9386E-1));
#1238=DIRECTION('',(1.E0,0.E0,0.E0));
#1239=DIRECTION('',(0.E0,-1.E0,0.E0));
#1240=AXIS2_PLACEMENT_3D('',#1237,#1238,#1239);
#1242=DIRECTION('',(0.E0,-1.E0,0.E0));
#1243=VECTOR('',#1242,2.E-1);
#1244=CARTESIAN_POINT('',(-5.38E0,-7.E0,9.9386E-1));
#1245=LINE('4258',#1244,#1243);
#1246=CARTESIAN_POINT('',(-5.38E0,-6.8E0,9.9386E-1));
#1247=DIRECTION('',(1.E0,0.E0,0.E0));
#1248=DIRECTION('',(0.E0,-1.E0,0.E0));
#1249=AXIS2_PLACEMENT_3D('',#1246,#1247,#1248);
#1251=DIRECTION('',(1.E0,0.E0,0.E0));
#1252=VECTOR('',#1251,6.E-1);
#1253=CARTESIAN_POINT('',(-5.38E0,-7.E0,9.9386E-1));
#1254=LINE('4247',#1253,#1252);
#1255=CARTESIAN_POINT('',(-4.78E0,-6.8E0,9.9386E-1));
#1256=DIRECTION('',(1.E0,0.E0,0.E0));
#1257=DIRECTION('',(0.E0,-1.E0,0.E0));
#1258=AXIS2_PLACEMENT_3D('',#1255,#1256,#1257);
#1260=DIRECTION('',(0.E0,0.E0,-1.E0));
#1261=VECTOR('',#1260,2.E-1);
#1262=CARTESIAN_POINT('',(-4.78E0,-6.8E0,7.9386E-1));
#1263=LINE('4257',#1262,#1261);
#1264=CARTESIAN_POINT('',(-4.78E0,-6.8E0,9.9386E-1));
#1265=DIRECTION('',(1.E0,0.E0,0.E0));
#1266=DIRECTION('',(0.E0,-1.E0,0.E0));
#1267=AXIS2_PLACEMENT_3D('',#1264,#1265,#1266);
#1269=DIRECTION('',(1.E0,0.E0,0.E0));
#1270=VECTOR('',#1269,6.E-1);
#1271=CARTESIAN_POINT('',(-5.38E0,-7.2E0,9.9386E-1));
#1272=LINE('4254',#1271,#1270);
#1273=DIRECTION('',(1.E0,0.E0,0.E0));
#1274=VECTOR('',#1273,6.E-1);
#1275=CARTESIAN_POINT('',(-5.38E0,-7.2E0,1.59386E0));
#1276=LINE('4253',#1275,#1274);
#1277=DIRECTION('',(0.E0,0.E0,-1.E0));
#1278=VECTOR('',#1277,6.E-1);
#1279=CARTESIAN_POINT('',(-5.38E0,-7.E0,1.59386E0));
#1280=LINE('4242',#1279,#1278);
#1281=DIRECTION('',(0.E0,-1.E0,0.E0));
#1282=VECTOR('',#1281,2.E-1);
#1283=CARTESIAN_POINT('',(-5.38E0,-7.E0,1.59386E0));
#1284=LINE('4260',#1283,#1282);
#1285=DIRECTION('',(0.E0,0.E0,-1.E0));
#1286=VECTOR('',#1285,6.E-1);
#1287=CARTESIAN_POINT('',(-5.38E0,-7.2E0,1.59386E0));
#1288=LINE('4249',#1287,#1286);
#1289=DIRECTION('',(1.E0,0.E0,0.E0));
#1290=VECTOR('',#1289,6.E-1);
#1291=CARTESIAN_POINT('',(-5.38E0,-7.E0,1.59386E0));
#1292=LINE('4246',#1291,#1290);
#1293=DIRECTION('',(0.E0,0.E0,-1.E0));
#1294=VECTOR('',#1293,6.E-1);
#1295=CARTESIAN_POINT('',(-4.78E0,-7.E0,1.59386E0));
#1296=LINE('4244',#1295,#1294);
#1297=DIRECTION('',(0.E0,-1.E0,0.E0));
#1298=VECTOR('',#1297,2.E-1);
#1299=CARTESIAN_POINT('',(-4.78E0,-7.E0,9.9386E-1));
#1300=LINE('4259',#1299,#1298);
#1301=DIRECTION('',(0.E0,0.E0,-1.E0));
#1302=VECTOR('',#1301,6.E-1);
#1303=CARTESIAN_POINT('',(-4.78E0,-7.2E0,1.59386E0));
#1304=LINE('4251',#1303,#1302);
#1305=DIRECTION('',(0.E0,-1.E0,0.E0));
#1306=VECTOR('',#1305,2.E-1);
#1307=CARTESIAN_POINT('',(-4.78E0,-7.E0,1.59386E0));
#1308=LINE('4261',#1307,#1306);
#1309=DIRECTION('',(0.E0,-1.E0,0.E0));
#1310=VECTOR('',#1309,1.E-1);
#1311=CARTESIAN_POINT('',(-5.37E0,-6.7E0,-5.938686366889E-1));
#1312=LINE('4296',#1311,#1310);
#1313=DIRECTION('',(0.E0,-1.E0,0.E0));
#1314=VECTOR('',#1313,1.E-1);
#1315=CARTESIAN_POINT('',(-5.37E0,-6.7E0,-7.938686366889E-1));
#1316=LINE('4294',#1315,#1314);
#1317=DIRECTION('',(0.E0,-1.E0,0.E0));
#1318=VECTOR('',#1317,1.E-1);
#1319=CARTESIAN_POINT('',(-4.79E0,-6.7E0,-7.938686366889E-1));
#1320=LINE('4295',#1319,#1318);
#1321=DIRECTION('',(0.E0,0.E0,1.E0));
#1322=VECTOR('',#1321,2.E-1);
#1323=CARTESIAN_POINT('',(-4.79E0,-6.8E0,-7.938686366889E-1));
#1324=LINE('4281',#1323,#1322);
#1325=DIRECTION('',(0.E0,-1.E0,0.E0));
#1326=VECTOR('',#1325,1.E-1);
#1327=CARTESIAN_POINT('',(-4.79E0,-6.7E0,-5.938686366889E-1));
#1328=LINE('4297',#1327,#1326);
#1329=CARTESIAN_POINT('',(-4.79E0,-6.8E0,-9.938686366889E-1));
#1330=DIRECTION('',(1.E0,0.E0,0.E0));
#1331=DIRECTION('',(0.E0,0.E0,1.E0));
#1332=AXIS2_PLACEMENT_3D('',#1329,#1330,#1331);
#1334=DIRECTION('',(0.E0,-1.E0,0.E0));
#1335=VECTOR('',#1334,2.E-1);
#1336=CARTESIAN_POINT('',(-4.79E0,-7.E0,-9.938686366889E-1));
#1337=LINE('4279',#1336,#1335);
#1338=CARTESIAN_POINT('',(-4.79E0,-6.8E0,-9.938686366889E-1));
#1339=DIRECTION('',(1.E0,0.E0,0.E0));
#1340=DIRECTION('',(0.E0,0.E0,1.E0));
#1341=AXIS2_PLACEMENT_3D('',#1338,#1339,#1340);
#1343=DIRECTION('',(1.E0,0.E0,0.E0));
#1344=VECTOR('',#1343,5.8E-1);
#1345=CARTESIAN_POINT('',(-5.37E0,-6.8E0,-7.938686366889E-1));
#1346=LINE('4266',#1345,#1344);
#1347=CARTESIAN_POINT('',(-5.37E0,-6.8E0,-9.938686366889E-1));
#1348=DIRECTION('',(1.E0,0.E0,0.E0));
#1349=DIRECTION('',(0.E0,0.E0,1.E0));
#1350=AXIS2_PLACEMENT_3D('',#1347,#1348,#1349);
#1352=DIRECTION('',(0.E0,0.E0,1.E0));
#1353=VECTOR('',#1352,2.E-1);
#1354=CARTESIAN_POINT('',(-5.37E0,-6.8E0,-7.938686366889E-1));
#1355=LINE('4280',#1354,#1353);
#1356=CARTESIAN_POINT('',(-5.37E0,-6.8E0,-9.938686366889E-1));
#1357=DIRECTION('',(1.E0,0.E0,0.E0));
#1358=DIRECTION('',(0.E0,0.E0,1.E0));
#1359=AXIS2_PLACEMENT_3D('',#1356,#1357,#1358);
#1361=DIRECTION('',(1.E0,0.E0,0.E0));
#1362=VECTOR('',#1361,5.8E-1);
#1363=CARTESIAN_POINT('',(-5.37E0,-6.8E0,-5.938686366889E-1));
#1364=LINE('4273',#1363,#1362);
#1365=DIRECTION('',(1.E0,0.E0,0.E0));
#1366=VECTOR('',#1365,5.8E-1);
#1367=CARTESIAN_POINT('',(-5.37E0,-7.2E0,-9.938686366889E-1));
#1368=LINE('4274',#1367,#1366);
#1369=DIRECTION('',(0.E0,0.E0,-1.E0));
#1370=VECTOR('',#1369,6.E-1);
#1371=CARTESIAN_POINT('',(-5.37E0,-7.E0,-9.938686366889E-1));
#1372=LINE('4263',#1371,#1370);
#1373=DIRECTION('',(0.E0,-1.E0,0.E0));
#1374=VECTOR('',#1373,2.E-1);
#1375=CARTESIAN_POINT('',(-5.37E0,-7.E0,-9.938686366889E-1));
#1376=LINE('4277',#1375,#1374);
#1377=DIRECTION('',(0.E0,0.E0,-1.E0));
#1378=VECTOR('',#1377,6.E-1);
#1379=CARTESIAN_POINT('',(-5.37E0,-7.2E0,-9.938686366889E-1));
#1380=LINE('4270',#1379,#1378);
#1381=DIRECTION('',(1.E0,0.E0,0.E0));
#1382=VECTOR('',#1381,5.8E-1);
#1383=CARTESIAN_POINT('',(-5.37E0,-7.E0,-9.938686366889E-1));
#1384=LINE('4267',#1383,#1382);
#1385=DIRECTION('',(1.E0,0.E0,0.E0));
#1386=VECTOR('',#1385,5.8E-1);
#1387=CARTESIAN_POINT('',(-5.37E0,-7.E0,-1.593868636689E0));
#1388=LINE('4268',#1387,#1386);
#1389=DIRECTION('',(0.E0,-1.E0,0.E0));
#1390=VECTOR('',#1389,2.E-1);
#1391=CARTESIAN_POINT('',(-5.37E0,-7.E0,-1.593868636689E0));
#1392=LINE('4276',#1391,#1390);
#1393=DIRECTION('',(1.E0,0.E0,0.E0));
#1394=VECTOR('',#1393,5.8E-1);
#1395=CARTESIAN_POINT('',(-5.37E0,-7.2E0,-1.593868636689E0));
#1396=LINE('4275',#1395,#1394);
#1397=DIRECTION('',(0.E0,0.E0,-1.E0));
#1398=VECTOR('',#1397,6.E-1);
#1399=CARTESIAN_POINT('',(-4.79E0,-7.E0,-9.938686366889E-1));
#1400=LINE('4265',#1399,#1398);
#1401=DIRECTION('',(0.E0,-1.E0,0.E0));
#1402=VECTOR('',#1401,2.E-1);
#1403=CARTESIAN_POINT('',(-4.79E0,-7.E0,-1.593868636689E0));
#1404=LINE('4278',#1403,#1402);
#1405=DIRECTION('',(0.E0,0.E0,-1.E0));
#1406=VECTOR('',#1405,6.E-1);
#1407=CARTESIAN_POINT('',(-4.79E0,-7.2E0,-9.938686366889E-1));
#1408=LINE('4272',#1407,#1406);
#1409=DIRECTION('',(1.E0,0.E0,0.E0));
#1410=VECTOR('',#1409,6.E-1);
#1411=CARTESIAN_POINT('',(-2.84E0,-6.8E0,7.9386E-1));
#1412=LINE('4304',#1411,#1410);
#1413=DIRECTION('',(0.E0,1.E0,0.E0));
#1414=VECTOR('',#1413,1.E-1);
#1415=CARTESIAN_POINT('',(-2.24E0,-6.8E0,5.9386E-1));
#1416=LINE('4349',#1415,#1414);
#1417=DIRECTION('',(0.E0,1.E0,0.E0));
#1418=VECTOR('',#1417,1.E-1);
#1419=CARTESIAN_POINT('',(-2.24E0,-6.8E0,7.9386E-1));
#1420=LINE('4347',#1419,#1418);
#1421=DIRECTION('',(1.E0,0.E0,0.E0));
#1422=VECTOR('',#1421,6.E-1);
#1423=CARTESIAN_POINT('',(-2.84E0,-6.8E0,5.9386E-1));
#1424=LINE('4311',#1423,#1422);
#1425=DIRECTION('',(0.E0,1.E0,0.E0));
#1426=VECTOR('',#1425,1.E-1);
#1427=CARTESIAN_POINT('',(-2.84E0,-6.8E0,7.9386E-1));
#1428=LINE('4346',#1427,#1426);
#1429=DIRECTION('',(0.E0,0.E0,-1.E0));
#1430=VECTOR('',#1429,2.E-1);
#1431=CARTESIAN_POINT('',(-2.84E0,-6.8E0,7.9386E-1));
#1432=LINE('4312',#1431,#1430);
#1433=DIRECTION('',(0.E0,1.E0,0.E0));
#1434=VECTOR('',#1433,1.E-1);
#1435=CARTESIAN_POINT('',(-2.84E0,-6.8E0,5.9386E-1));
#1436=LINE('4348',#1435,#1434);
#1437=CARTESIAN_POINT('',(-2.84E0,-6.8E0,9.9386E-1));
#1438=DIRECTION('',(1.E0,0.E0,0.E0));
#1439=DIRECTION('',(0.E0,-1.E0,0.E0));
#1440=AXIS2_PLACEMENT_3D('',#1437,#1438,#1439);
#1442=DIRECTION('',(0.E0,-1.E0,0.E0));
#1443=VECTOR('',#1442,2.E-1);
#1444=CARTESIAN_POINT('',(-2.84E0,-7.E0,9.9386E-1));
#1445=LINE('4314',#1444,#1443);
#1446=CARTESIAN_POINT('',(-2.84E0,-6.8E0,9.9386E-1));
#1447=DIRECTION('',(1.E0,0.E0,0.E0));
#1448=DIRECTION('',(0.E0,-1.E0,0.E0));
#1449=AXIS2_PLACEMENT_3D('',#1446,#1447,#1448);
#1451=DIRECTION('',(1.E0,0.E0,0.E0));
#1452=VECTOR('',#1451,6.E-1);
#1453=CARTESIAN_POINT('',(-2.84E0,-7.E0,9.9386E-1));
#1454=LINE('4303',#1453,#1452);
#1455=CARTESIAN_POINT('',(-2.24E0,-6.8E0,9.9386E-1));
#1456=DIRECTION('',(1.E0,0.E0,0.E0));
#1457=DIRECTION('',(0.E0,-1.E0,0.E0));
#1458=AXIS2_PLACEMENT_3D('',#1455,#1456,#1457);
#1460=DIRECTION('',(0.E0,0.E0,-1.E0));
#1461=VECTOR('',#1460,2.E-1);
#1462=CARTESIAN_POINT('',(-2.24E0,-6.8E0,7.9386E-1));
#1463=LINE('4313',#1462,#1461);
#1464=CARTESIAN_POINT('',(-2.24E0,-6.8E0,9.9386E-1));
#1465=DIRECTION('',(1.E0,0.E0,0.E0));
#1466=DIRECTION('',(0.E0,-1.E0,0.E0));
#1467=AXIS2_PLACEMENT_3D('',#1464,#1465,#1466);
#1469=DIRECTION('',(1.E0,0.E0,0.E0));
#1470=VECTOR('',#1469,6.E-1);
#1471=CARTESIAN_POINT('',(-2.84E0,-7.2E0,9.9386E-1));
#1472=LINE('4310',#1471,#1470);
#1473=DIRECTION('',(1.E0,0.E0,0.E0));
#1474=VECTOR('',#1473,6.E-1);
#1475=CARTESIAN_POINT('',(-2.84E0,-7.2E0,1.59386E0));
#1476=LINE('4309',#1475,#1474);
#1477=DIRECTION('',(0.E0,0.E0,-1.E0));
#1478=VECTOR('',#1477,6.E-1);
#1479=CARTESIAN_POINT('',(-2.84E0,-7.E0,1.59386E0));
#1480=LINE('4298',#1479,#1478);
#1481=DIRECTION('',(0.E0,-1.E0,0.E0));
#1482=VECTOR('',#1481,2.E-1);
#1483=CARTESIAN_POINT('',(-2.84E0,-7.E0,1.59386E0));
#1484=LINE('4316',#1483,#1482);
#1485=DIRECTION('',(0.E0,0.E0,-1.E0));
#1486=VECTOR('',#1485,6.E-1);
#1487=CARTESIAN_POINT('',(-2.84E0,-7.2E0,1.59386E0));
#1488=LINE('4305',#1487,#1486);
#1489=DIRECTION('',(1.E0,0.E0,0.E0));
#1490=VECTOR('',#1489,6.E-1);
#1491=CARTESIAN_POINT('',(-2.84E0,-7.E0,1.59386E0));
#1492=LINE('4302',#1491,#1490);
#1493=DIRECTION('',(0.E0,0.E0,-1.E0));
#1494=VECTOR('',#1493,6.E-1);
#1495=CARTESIAN_POINT('',(-2.24E0,-7.E0,1.59386E0));
#1496=LINE('4300',#1495,#1494);
#1497=DIRECTION('',(0.E0,-1.E0,0.E0));
#1498=VECTOR('',#1497,2.E-1);
#1499=CARTESIAN_POINT('',(-2.24E0,-7.E0,9.9386E-1));
#1500=LINE('4315',#1499,#1498);
#1501=DIRECTION('',(0.E0,0.E0,-1.E0));
#1502=VECTOR('',#1501,6.E-1);
#1503=CARTESIAN_POINT('',(-2.24E0,-7.2E0,1.59386E0));
#1504=LINE('4307',#1503,#1502);
#1505=DIRECTION('',(0.E0,-1.E0,0.E0));
#1506=VECTOR('',#1505,2.E-1);
#1507=CARTESIAN_POINT('',(-2.24E0,-7.E0,1.59386E0));
#1508=LINE('4317',#1507,#1506);
#1509=DIRECTION('',(0.E0,-1.E0,0.E0));
#1510=VECTOR('',#1509,1.E-1);
#1511=CARTESIAN_POINT('',(-2.83E0,-6.7E0,-5.938686366889E-1));
#1512=LINE('4352',#1511,#1510);
#1513=DIRECTION('',(0.E0,-1.E0,0.E0));
#1514=VECTOR('',#1513,1.E-1);
#1515=CARTESIAN_POINT('',(-2.83E0,-6.7E0,-7.938686366889E-1));
#1516=LINE('4350',#1515,#1514);
#1517=DIRECTION('',(0.E0,-1.E0,0.E0));
#1518=VECTOR('',#1517,1.E-1);
#1519=CARTESIAN_POINT('',(-2.25E0,-6.7E0,-7.938686366889E-1));
#1520=LINE('4351',#1519,#1518);
#1521=DIRECTION('',(0.E0,0.E0,1.E0));
#1522=VECTOR('',#1521,2.E-1);
#1523=CARTESIAN_POINT('',(-2.25E0,-6.8E0,-7.938686366889E-1));
#1524=LINE('4337',#1523,#1522);
#1525=DIRECTION('',(0.E0,-1.E0,0.E0));
#1526=VECTOR('',#1525,1.E-1);
#1527=CARTESIAN_POINT('',(-2.25E0,-6.7E0,-5.938686366889E-1));
#1528=LINE('4353',#1527,#1526);
#1529=CARTESIAN_POINT('',(-2.25E0,-6.8E0,-9.938686366889E-1));
#1530=DIRECTION('',(1.E0,0.E0,0.E0));
#1531=DIRECTION('',(0.E0,0.E0,1.E0));
#1532=AXIS2_PLACEMENT_3D('',#1529,#1530,#1531);
#1534=DIRECTION('',(0.E0,-1.E0,0.E0));
#1535=VECTOR('',#1534,2.E-1);
#1536=CARTESIAN_POINT('',(-2.25E0,-7.E0,-9.938686366889E-1));
#1537=LINE('4335',#1536,#1535);
#1538=CARTESIAN_POINT('',(-2.25E0,-6.8E0,-9.938686366889E-1));
#1539=DIRECTION('',(1.E0,0.E0,0.E0));
#1540=DIRECTION('',(0.E0,0.E0,1.E0));
#1541=AXIS2_PLACEMENT_3D('',#1538,#1539,#1540);
#1543=DIRECTION('',(1.E0,0.E0,0.E0));
#1544=VECTOR('',#1543,5.8E-1);
#1545=CARTESIAN_POINT('',(-2.83E0,-6.8E0,-7.938686366889E-1));
#1546=LINE('4322',#1545,#1544);
#1547=CARTESIAN_POINT('',(-2.83E0,-6.8E0,-9.938686366889E-1));
#1548=DIRECTION('',(1.E0,0.E0,0.E0));
#1549=DIRECTION('',(0.E0,0.E0,1.E0));
#1550=AXIS2_PLACEMENT_3D('',#1547,#1548,#1549);
#1552=DIRECTION('',(0.E0,0.E0,1.E0));
#1553=VECTOR('',#1552,2.E-1);
#1554=CARTESIAN_POINT('',(-2.83E0,-6.8E0,-7.938686366889E-1));
#1555=LINE('4336',#1554,#1553);
#1556=CARTESIAN_POINT('',(-2.83E0,-6.8E0,-9.938686366889E-1));
#1557=DIRECTION('',(1.E0,0.E0,0.E0));
#1558=DIRECTION('',(0.E0,0.E0,1.E0));
#1559=AXIS2_PLACEMENT_3D('',#1556,#1557,#1558);
#1561=DIRECTION('',(1.E0,0.E0,0.E0));
#1562=VECTOR('',#1561,5.8E-1);
#1563=CARTESIAN_POINT('',(-2.83E0,-6.8E0,-5.938686366889E-1));
#1564=LINE('4329',#1563,#1562);
#1565=DIRECTION('',(1.E0,0.E0,0.E0));
#1566=VECTOR('',#1565,5.8E-1);
#1567=CARTESIAN_POINT('',(-2.83E0,-7.2E0,-9.938686366889E-1));
#1568=LINE('4330',#1567,#1566);
#1569=DIRECTION('',(0.E0,0.E0,-1.E0));
#1570=VECTOR('',#1569,6.E-1);
#1571=CARTESIAN_POINT('',(-2.83E0,-7.E0,-9.938686366889E-1));
#1572=LINE('4319',#1571,#1570);
#1573=DIRECTION('',(0.E0,-1.E0,0.E0));
#1574=VECTOR('',#1573,2.E-1);
#1575=CARTESIAN_POINT('',(-2.83E0,-7.E0,-9.938686366889E-1));
#1576=LINE('4333',#1575,#1574);
#1577=DIRECTION('',(0.E0,0.E0,-1.E0));
#1578=VECTOR('',#1577,6.E-1);
#1579=CARTESIAN_POINT('',(-2.83E0,-7.2E0,-9.938686366889E-1));
#1580=LINE('4326',#1579,#1578);
#1581=DIRECTION('',(1.E0,0.E0,0.E0));
#1582=VECTOR('',#1581,5.8E-1);
#1583=CARTESIAN_POINT('',(-2.83E0,-7.E0,-9.938686366889E-1));
#1584=LINE('4323',#1583,#1582);
#1585=DIRECTION('',(1.E0,0.E0,0.E0));
#1586=VECTOR('',#1585,5.8E-1);
#1587=CARTESIAN_POINT('',(-2.83E0,-7.E0,-1.593868636689E0));
#1588=LINE('4324',#1587,#1586);
#1589=DIRECTION('',(0.E0,-1.E0,0.E0));
#1590=VECTOR('',#1589,2.E-1);
#1591=CARTESIAN_POINT('',(-2.83E0,-7.E0,-1.593868636689E0));
#1592=LINE('4332',#1591,#1590);
#1593=DIRECTION('',(1.E0,0.E0,0.E0));
#1594=VECTOR('',#1593,5.8E-1);
#1595=CARTESIAN_POINT('',(-2.83E0,-7.2E0,-1.593868636689E0));
#1596=LINE('4331',#1595,#1594);
#1597=DIRECTION('',(0.E0,0.E0,-1.E0));
#1598=VECTOR('',#1597,6.E-1);
#1599=CARTESIAN_POINT('',(-2.25E0,-7.E0,-9.938686366889E-1));
#1600=LINE('4321',#1599,#1598);
#1601=DIRECTION('',(0.E0,-1.E0,0.E0));
#1602=VECTOR('',#1601,2.E-1);
#1603=CARTESIAN_POINT('',(-2.25E0,-7.E0,-1.593868636689E0));
#1604=LINE('4334',#1603,#1602);
#1605=DIRECTION('',(0.E0,0.E0,-1.E0));
#1606=VECTOR('',#1605,6.E-1);
#1607=CARTESIAN_POINT('',(-2.25E0,-7.2E0,-9.938686366889E-1));
#1608=LINE('4328',#1607,#1606);
#1609=DIRECTION('',(1.E0,0.E0,0.E0));
#1610=VECTOR('',#1609,6.E-1);
#1611=CARTESIAN_POINT('',(-3.E-1,-6.8E0,7.9386E-1));
#1612=LINE('4360',#1611,#1610);
#1613=DIRECTION('',(0.E0,1.E0,0.E0));
#1614=VECTOR('',#1613,1.E-1);
#1615=CARTESIAN_POINT('',(3.E-1,-6.8E0,5.9386E-1));
#1616=LINE('4405',#1615,#1614);
#1617=DIRECTION('',(0.E0,1.E0,0.E0));
#1618=VECTOR('',#1617,1.E-1);
#1619=CARTESIAN_POINT('',(3.E-1,-6.8E0,7.9386E-1));
#1620=LINE('4403',#1619,#1618);
#1621=DIRECTION('',(1.E0,0.E0,0.E0));
#1622=VECTOR('',#1621,6.E-1);
#1623=CARTESIAN_POINT('',(-3.E-1,-6.8E0,5.9386E-1));
#1624=LINE('4367',#1623,#1622);
#1625=DIRECTION('',(0.E0,1.E0,0.E0));
#1626=VECTOR('',#1625,1.E-1);
#1627=CARTESIAN_POINT('',(-3.E-1,-6.8E0,7.9386E-1));
#1628=LINE('4402',#1627,#1626);
#1629=DIRECTION('',(0.E0,0.E0,-1.E0));
#1630=VECTOR('',#1629,2.E-1);
#1631=CARTESIAN_POINT('',(-3.E-1,-6.8E0,7.9386E-1));
#1632=LINE('4368',#1631,#1630);
#1633=DIRECTION('',(0.E0,1.E0,0.E0));
#1634=VECTOR('',#1633,1.E-1);
#1635=CARTESIAN_POINT('',(-3.E-1,-6.8E0,5.9386E-1));
#1636=LINE('4404',#1635,#1634);
#1637=CARTESIAN_POINT('',(-3.E-1,-6.8E0,9.9386E-1));
#1638=DIRECTION('',(1.E0,0.E0,0.E0));
#1639=DIRECTION('',(0.E0,-1.E0,0.E0));
#1640=AXIS2_PLACEMENT_3D('',#1637,#1638,#1639);
#1642=DIRECTION('',(0.E0,-1.E0,0.E0));
#1643=VECTOR('',#1642,2.E-1);
#1644=CARTESIAN_POINT('',(-3.E-1,-7.E0,9.9386E-1));
#1645=LINE('4370',#1644,#1643);
#1646=CARTESIAN_POINT('',(-3.E-1,-6.8E0,9.9386E-1));
#1647=DIRECTION('',(1.E0,0.E0,0.E0));
#1648=DIRECTION('',(0.E0,-1.E0,0.E0));
#1649=AXIS2_PLACEMENT_3D('',#1646,#1647,#1648);
#1651=DIRECTION('',(1.E0,0.E0,0.E0));
#1652=VECTOR('',#1651,6.E-1);
#1653=CARTESIAN_POINT('',(-3.E-1,-7.E0,9.9386E-1));
#1654=LINE('4359',#1653,#1652);
#1655=CARTESIAN_POINT('',(3.E-1,-6.8E0,9.9386E-1));
#1656=DIRECTION('',(1.E0,0.E0,0.E0));
#1657=DIRECTION('',(0.E0,-1.E0,0.E0));
#1658=AXIS2_PLACEMENT_3D('',#1655,#1656,#1657);
#1660=DIRECTION('',(0.E0,0.E0,-1.E0));
#1661=VECTOR('',#1660,2.E-1);
#1662=CARTESIAN_POINT('',(3.E-1,-6.8E0,7.9386E-1));
#1663=LINE('4369',#1662,#1661);
#1664=CARTESIAN_POINT('',(3.E-1,-6.8E0,9.9386E-1));
#1665=DIRECTION('',(1.E0,0.E0,0.E0));
#1666=DIRECTION('',(0.E0,-1.E0,0.E0));
#1667=AXIS2_PLACEMENT_3D('',#1664,#1665,#1666);
#1669=DIRECTION('',(1.E0,0.E0,0.E0));
#1670=VECTOR('',#1669,6.E-1);
#1671=CARTESIAN_POINT('',(-3.E-1,-7.2E0,9.9386E-1));
#1672=LINE('4366',#1671,#1670);
#1673=DIRECTION('',(1.E0,0.E0,0.E0));
#1674=VECTOR('',#1673,6.E-1);
#1675=CARTESIAN_POINT('',(-3.E-1,-7.2E0,1.59386E0));
#1676=LINE('4365',#1675,#1674);
#1677=DIRECTION('',(0.E0,0.E0,-1.E0));
#1678=VECTOR('',#1677,6.E-1);
#1679=CARTESIAN_POINT('',(-3.E-1,-7.E0,1.59386E0));
#1680=LINE('4354',#1679,#1678);
#1681=DIRECTION('',(0.E0,-1.E0,0.E0));
#1682=VECTOR('',#1681,2.E-1);
#1683=CARTESIAN_POINT('',(-3.E-1,-7.E0,1.59386E0));
#1684=LINE('4372',#1683,#1682);
#1685=DIRECTION('',(0.E0,0.E0,-1.E0));
#1686=VECTOR('',#1685,6.E-1);
#1687=CARTESIAN_POINT('',(-3.E-1,-7.2E0,1.59386E0));
#1688=LINE('4361',#1687,#1686);
#1689=DIRECTION('',(1.E0,0.E0,0.E0));
#1690=VECTOR('',#1689,6.E-1);
#1691=CARTESIAN_POINT('',(-3.E-1,-7.E0,1.59386E0));
#1692=LINE('4358',#1691,#1690);
#1693=DIRECTION('',(0.E0,0.E0,-1.E0));
#1694=VECTOR('',#1693,6.E-1);
#1695=CARTESIAN_POINT('',(3.E-1,-7.E0,1.59386E0));
#1696=LINE('4356',#1695,#1694);
#1697=DIRECTION('',(0.E0,-1.E0,0.E0));
#1698=VECTOR('',#1697,2.E-1);
#1699=CARTESIAN_POINT('',(3.E-1,-7.E0,9.9386E-1));
#1700=LINE('4371',#1699,#1698);
#1701=DIRECTION('',(0.E0,0.E0,-1.E0));
#1702=VECTOR('',#1701,6.E-1);
#1703=CARTESIAN_POINT('',(3.E-1,-7.2E0,1.59386E0));
#1704=LINE('4363',#1703,#1702);
#1705=DIRECTION('',(0.E0,-1.E0,0.E0));
#1706=VECTOR('',#1705,2.E-1);
#1707=CARTESIAN_POINT('',(3.E-1,-7.E0,1.59386E0));
#1708=LINE('4373',#1707,#1706);
#1709=DIRECTION('',(0.E0,-1.E0,0.E0));
#1710=VECTOR('',#1709,1.E-1);
#1711=CARTESIAN_POINT('',(-2.9E-1,-6.7E0,-5.938686366889E-1));
#1712=LINE('4408',#1711,#1710);
#1713=DIRECTION('',(0.E0,-1.E0,0.E0));
#1714=VECTOR('',#1713,1.E-1);
#1715=CARTESIAN_POINT('',(-2.9E-1,-6.7E0,-7.938686366889E-1));
#1716=LINE('4406',#1715,#1714);
#1717=DIRECTION('',(0.E0,-1.E0,0.E0));
#1718=VECTOR('',#1717,1.E-1);
#1719=CARTESIAN_POINT('',(2.9E-1,-6.7E0,-7.938686366889E-1));
#1720=LINE('4407',#1719,#1718);
#1721=DIRECTION('',(0.E0,0.E0,1.E0));
#1722=VECTOR('',#1721,2.E-1);
#1723=CARTESIAN_POINT('',(2.9E-1,-6.8E0,-7.938686366889E-1));
#1724=LINE('4393',#1723,#1722);
#1725=DIRECTION('',(0.E0,-1.E0,0.E0));
#1726=VECTOR('',#1725,1.E-1);
#1727=CARTESIAN_POINT('',(2.9E-1,-6.7E0,-5.938686366889E-1));
#1728=LINE('4409',#1727,#1726);
#1729=CARTESIAN_POINT('',(2.9E-1,-6.8E0,-9.938686366889E-1));
#1730=DIRECTION('',(1.E0,0.E0,0.E0));
#1731=DIRECTION('',(0.E0,0.E0,1.E0));
#1732=AXIS2_PLACEMENT_3D('',#1729,#1730,#1731);
#1734=DIRECTION('',(0.E0,-1.E0,0.E0));
#1735=VECTOR('',#1734,2.E-1);
#1736=CARTESIAN_POINT('',(2.9E-1,-7.E0,-9.938686366889E-1));
#1737=LINE('4391',#1736,#1735);
#1738=CARTESIAN_POINT('',(2.9E-1,-6.8E0,-9.938686366889E-1));
#1739=DIRECTION('',(1.E0,0.E0,0.E0));
#1740=DIRECTION('',(0.E0,0.E0,1.E0));
#1741=AXIS2_PLACEMENT_3D('',#1738,#1739,#1740);
#1743=DIRECTION('',(1.E0,0.E0,0.E0));
#1744=VECTOR('',#1743,5.8E-1);
#1745=CARTESIAN_POINT('',(-2.9E-1,-6.8E0,-7.938686366889E-1));
#1746=LINE('4378',#1745,#1744);
#1747=CARTESIAN_POINT('',(-2.9E-1,-6.8E0,-9.938686366889E-1));
#1748=DIRECTION('',(1.E0,0.E0,0.E0));
#1749=DIRECTION('',(0.E0,0.E0,1.E0));
#1750=AXIS2_PLACEMENT_3D('',#1747,#1748,#1749);
#1752=DIRECTION('',(0.E0,0.E0,1.E0));
#1753=VECTOR('',#1752,2.E-1);
#1754=CARTESIAN_POINT('',(-2.9E-1,-6.8E0,-7.938686366889E-1));
#1755=LINE('4392',#1754,#1753);
#1756=CARTESIAN_POINT('',(-2.9E-1,-6.8E0,-9.938686366889E-1));
#1757=DIRECTION('',(1.E0,0.E0,0.E0));
#1758=DIRECTION('',(0.E0,0.E0,1.E0));
#1759=AXIS2_PLACEMENT_3D('',#1756,#1757,#1758);
#1761=DIRECTION('',(1.E0,0.E0,0.E0));
#1762=VECTOR('',#1761,5.8E-1);
#1763=CARTESIAN_POINT('',(-2.9E-1,-6.8E0,-5.938686366889E-1));
#1764=LINE('4385',#1763,#1762);
#1765=DIRECTION('',(1.E0,0.E0,0.E0));
#1766=VECTOR('',#1765,5.8E-1);
#1767=CARTESIAN_POINT('',(-2.9E-1,-7.2E0,-9.938686366889E-1));
#1768=LINE('4386',#1767,#1766);
#1769=DIRECTION('',(0.E0,0.E0,-1.E0));
#1770=VECTOR('',#1769,6.E-1);
#1771=CARTESIAN_POINT('',(-2.9E-1,-7.E0,-9.938686366889E-1));
#1772=LINE('4375',#1771,#1770);
#1773=DIRECTION('',(0.E0,-1.E0,0.E0));
#1774=VECTOR('',#1773,2.E-1);
#1775=CARTESIAN_POINT('',(-2.9E-1,-7.E0,-9.938686366889E-1));
#1776=LINE('4389',#1775,#1774);
#1777=DIRECTION('',(0.E0,0.E0,-1.E0));
#1778=VECTOR('',#1777,6.E-1);
#1779=CARTESIAN_POINT('',(-2.9E-1,-7.2E0,-9.938686366889E-1));
#1780=LINE('4382',#1779,#1778);
#1781=DIRECTION('',(1.E0,0.E0,0.E0));
#1782=VECTOR('',#1781,5.8E-1);
#1783=CARTESIAN_POINT('',(-2.9E-1,-7.E0,-9.938686366889E-1));
#1784=LINE('4379',#1783,#1782);
#1785=DIRECTION('',(1.E0,0.E0,0.E0));
#1786=VECTOR('',#1785,5.8E-1);
#1787=CARTESIAN_POINT('',(-2.9E-1,-7.E0,-1.593868636689E0));
#1788=LINE('4380',#1787,#1786);
#1789=DIRECTION('',(0.E0,-1.E0,0.E0));
#1790=VECTOR('',#1789,2.E-1);
#1791=CARTESIAN_POINT('',(-2.9E-1,-7.E0,-1.593868636689E0));
#1792=LINE('4388',#1791,#1790);
#1793=DIRECTION('',(1.E0,0.E0,0.E0));
#1794=VECTOR('',#1793,5.8E-1);
#1795=CARTESIAN_POINT('',(-2.9E-1,-7.2E0,-1.593868636689E0));
#1796=LINE('4387',#1795,#1794);
#1797=DIRECTION('',(0.E0,0.E0,-1.E0));
#1798=VECTOR('',#1797,6.E-1);
#1799=CARTESIAN_POINT('',(2.9E-1,-7.E0,-9.938686366889E-1));
#1800=LINE('4377',#1799,#1798);
#1801=DIRECTION('',(0.E0,-1.E0,0.E0));
#1802=VECTOR('',#1801,2.E-1);
#1803=CARTESIAN_POINT('',(2.9E-1,-7.E0,-1.593868636689E0));
#1804=LINE('4390',#1803,#1802);
#1805=DIRECTION('',(0.E0,0.E0,-1.E0));
#1806=VECTOR('',#1805,6.E-1);
#1807=CARTESIAN_POINT('',(2.9E-1,-7.2E0,-9.938686366889E-1));
#1808=LINE('4384',#1807,#1806);
#1809=DIRECTION('',(1.E0,0.E0,0.E0));
#1810=VECTOR('',#1809,6.E-1);
#1811=CARTESIAN_POINT('',(2.24E0,-6.8E0,7.9386E-1));
#1812=LINE('4416',#1811,#1810);
#1813=DIRECTION('',(0.E0,1.E0,0.E0));
#1814=VECTOR('',#1813,1.E-1);
#1815=CARTESIAN_POINT('',(2.84E0,-6.8E0,5.9386E-1));
#1816=LINE('4461',#1815,#1814);
#1817=DIRECTION('',(0.E0,1.E0,0.E0));
#1818=VECTOR('',#1817,1.E-1);
#1819=CARTESIAN_POINT('',(2.84E0,-6.8E0,7.9386E-1));
#1820=LINE('4459',#1819,#1818);
#1821=DIRECTION('',(1.E0,0.E0,0.E0));
#1822=VECTOR('',#1821,6.E-1);
#1823=CARTESIAN_POINT('',(2.24E0,-6.8E0,5.9386E-1));
#1824=LINE('4423',#1823,#1822);
#1825=DIRECTION('',(0.E0,1.E0,0.E0));
#1826=VECTOR('',#1825,1.E-1);
#1827=CARTESIAN_POINT('',(2.24E0,-6.8E0,7.9386E-1));
#1828=LINE('4458',#1827,#1826);
#1829=DIRECTION('',(0.E0,0.E0,-1.E0));
#1830=VECTOR('',#1829,2.E-1);
#1831=CARTESIAN_POINT('',(2.24E0,-6.8E0,7.9386E-1));
#1832=LINE('4424',#1831,#1830);
#1833=DIRECTION('',(0.E0,1.E0,0.E0));
#1834=VECTOR('',#1833,1.E-1);
#1835=CARTESIAN_POINT('',(2.24E0,-6.8E0,5.9386E-1));
#1836=LINE('4460',#1835,#1834);
#1837=CARTESIAN_POINT('',(2.24E0,-6.8E0,9.9386E-1));
#1838=DIRECTION('',(1.E0,0.E0,0.E0));
#1839=DIRECTION('',(0.E0,-1.E0,0.E0));
#1840=AXIS2_PLACEMENT_3D('',#1837,#1838,#1839);
#1842=DIRECTION('',(0.E0,-1.E0,0.E0));
#1843=VECTOR('',#1842,2.E-1);
#1844=CARTESIAN_POINT('',(2.24E0,-7.E0,9.9386E-1));
#1845=LINE('4426',#1844,#1843);
#1846=CARTESIAN_POINT('',(2.24E0,-6.8E0,9.9386E-1));
#1847=DIRECTION('',(1.E0,0.E0,0.E0));
#1848=DIRECTION('',(0.E0,-1.E0,0.E0));
#1849=AXIS2_PLACEMENT_3D('',#1846,#1847,#1848);
#1851=DIRECTION('',(1.E0,0.E0,0.E0));
#1852=VECTOR('',#1851,6.E-1);
#1853=CARTESIAN_POINT('',(2.24E0,-7.E0,9.9386E-1));
#1854=LINE('4415',#1853,#1852);
#1855=CARTESIAN_POINT('',(2.84E0,-6.8E0,9.9386E-1));
#1856=DIRECTION('',(1.E0,0.E0,0.E0));
#1857=DIRECTION('',(0.E0,-1.E0,0.E0));
#1858=AXIS2_PLACEMENT_3D('',#1855,#1856,#1857);
#1860=DIRECTION('',(0.E0,0.E0,-1.E0));
#1861=VECTOR('',#1860,2.E-1);
#1862=CARTESIAN_POINT('',(2.84E0,-6.8E0,7.9386E-1));
#1863=LINE('4425',#1862,#1861);
#1864=CARTESIAN_POINT('',(2.84E0,-6.8E0,9.9386E-1));
#1865=DIRECTION('',(1.E0,0.E0,0.E0));
#1866=DIRECTION('',(0.E0,-1.E0,0.E0));
#1867=AXIS2_PLACEMENT_3D('',#1864,#1865,#1866);
#1869=DIRECTION('',(1.E0,0.E0,0.E0));
#1870=VECTOR('',#1869,6.E-1);
#1871=CARTESIAN_POINT('',(2.24E0,-7.2E0,9.9386E-1));
#1872=LINE('4422',#1871,#1870);
#1873=DIRECTION('',(1.E0,0.E0,0.E0));
#1874=VECTOR('',#1873,6.E-1);
#1875=CARTESIAN_POINT('',(2.24E0,-7.2E0,1.59386E0));
#1876=LINE('4421',#1875,#1874);
#1877=DIRECTION('',(0.E0,0.E0,-1.E0));
#1878=VECTOR('',#1877,6.E-1);
#1879=CARTESIAN_POINT('',(2.24E0,-7.E0,1.59386E0));
#1880=LINE('4410',#1879,#1878);
#1881=DIRECTION('',(0.E0,-1.E0,0.E0));
#1882=VECTOR('',#1881,2.E-1);
#1883=CARTESIAN_POINT('',(2.24E0,-7.E0,1.59386E0));
#1884=LINE('4428',#1883,#1882);
#1885=DIRECTION('',(0.E0,0.E0,-1.E0));
#1886=VECTOR('',#1885,6.E-1);
#1887=CARTESIAN_POINT('',(2.24E0,-7.2E0,1.59386E0));
#1888=LINE('4417',#1887,#1886);
#1889=DIRECTION('',(1.E0,0.E0,0.E0));
#1890=VECTOR('',#1889,6.E-1);
#1891=CARTESIAN_POINT('',(2.24E0,-7.E0,1.59386E0));
#1892=LINE('4414',#1891,#1890);
#1893=DIRECTION('',(0.E0,0.E0,-1.E0));
#1894=VECTOR('',#1893,6.E-1);
#1895=CARTESIAN_POINT('',(2.84E0,-7.E0,1.59386E0));
#1896=LINE('4412',#1895,#1894);
#1897=DIRECTION('',(0.E0,-1.E0,0.E0));
#1898=VECTOR('',#1897,2.E-1);
#1899=CARTESIAN_POINT('',(2.84E0,-7.E0,9.9386E-1));
#1900=LINE('4427',#1899,#1898);
#1901=DIRECTION('',(0.E0,0.E0,-1.E0));
#1902=VECTOR('',#1901,6.E-1);
#1903=CARTESIAN_POINT('',(2.84E0,-7.2E0,1.59386E0));
#1904=LINE('4419',#1903,#1902);
#1905=DIRECTION('',(0.E0,-1.E0,0.E0));
#1906=VECTOR('',#1905,2.E-1);
#1907=CARTESIAN_POINT('',(2.84E0,-7.E0,1.59386E0));
#1908=LINE('4429',#1907,#1906);
#1909=DIRECTION('',(0.E0,-1.E0,0.E0));
#1910=VECTOR('',#1909,1.E-1);
#1911=CARTESIAN_POINT('',(2.25E0,-6.7E0,-5.938686366889E-1));
#1912=LINE('4464',#1911,#1910);
#1913=DIRECTION('',(0.E0,-1.E0,0.E0));
#1914=VECTOR('',#1913,1.E-1);
#1915=CARTESIAN_POINT('',(2.25E0,-6.7E0,-7.938686366889E-1));
#1916=LINE('4462',#1915,#1914);
#1917=DIRECTION('',(0.E0,-1.E0,0.E0));
#1918=VECTOR('',#1917,1.E-1);
#1919=CARTESIAN_POINT('',(2.83E0,-6.7E0,-7.938686366889E-1));
#1920=LINE('4463',#1919,#1918);
#1921=DIRECTION('',(0.E0,0.E0,1.E0));
#1922=VECTOR('',#1921,2.E-1);
#1923=CARTESIAN_POINT('',(2.83E0,-6.8E0,-7.938686366889E-1));
#1924=LINE('4449',#1923,#1922);
#1925=DIRECTION('',(0.E0,-1.E0,0.E0));
#1926=VECTOR('',#1925,1.E-1);
#1927=CARTESIAN_POINT('',(2.83E0,-6.7E0,-5.938686366889E-1));
#1928=LINE('4465',#1927,#1926);
#1929=CARTESIAN_POINT('',(2.83E0,-6.8E0,-9.938686366889E-1));
#1930=DIRECTION('',(1.E0,0.E0,0.E0));
#1931=DIRECTION('',(0.E0,0.E0,1.E0));
#1932=AXIS2_PLACEMENT_3D('',#1929,#1930,#1931);
#1934=DIRECTION('',(0.E0,-1.E0,0.E0));
#1935=VECTOR('',#1934,2.E-1);
#1936=CARTESIAN_POINT('',(2.83E0,-7.E0,-9.938686366889E-1));
#1937=LINE('4447',#1936,#1935);
#1938=CARTESIAN_POINT('',(2.83E0,-6.8E0,-9.938686366889E-1));
#1939=DIRECTION('',(1.E0,0.E0,0.E0));
#1940=DIRECTION('',(0.E0,0.E0,1.E0));
#1941=AXIS2_PLACEMENT_3D('',#1938,#1939,#1940);
#1943=DIRECTION('',(1.E0,0.E0,0.E0));
#1944=VECTOR('',#1943,5.8E-1);
#1945=CARTESIAN_POINT('',(2.25E0,-6.8E0,-7.938686366889E-1));
#1946=LINE('4434',#1945,#1944);
#1947=CARTESIAN_POINT('',(2.25E0,-6.8E0,-9.938686366889E-1));
#1948=DIRECTION('',(1.E0,0.E0,0.E0));
#1949=DIRECTION('',(0.E0,0.E0,1.E0));
#1950=AXIS2_PLACEMENT_3D('',#1947,#1948,#1949);
#1952=DIRECTION('',(0.E0,0.E0,1.E0));
#1953=VECTOR('',#1952,2.E-1);
#1954=CARTESIAN_POINT('',(2.25E0,-6.8E0,-7.938686366889E-1));
#1955=LINE('4448',#1954,#1953);
#1956=CARTESIAN_POINT('',(2.25E0,-6.8E0,-9.938686366889E-1));
#1957=DIRECTION('',(1.E0,0.E0,0.E0));
#1958=DIRECTION('',(0.E0,0.E0,1.E0));
#1959=AXIS2_PLACEMENT_3D('',#1956,#1957,#1958);
#1961=DIRECTION('',(1.E0,0.E0,0.E0));
#1962=VECTOR('',#1961,5.8E-1);
#1963=CARTESIAN_POINT('',(2.25E0,-6.8E0,-5.938686366889E-1));
#1964=LINE('4441',#1963,#1962);
#1965=DIRECTION('',(1.E0,0.E0,0.E0));
#1966=VECTOR('',#1965,5.8E-1);
#1967=CARTESIAN_POINT('',(2.25E0,-7.2E0,-9.938686366889E-1));
#1968=LINE('4442',#1967,#1966);
#1969=DIRECTION('',(0.E0,0.E0,-1.E0));
#1970=VECTOR('',#1969,6.E-1);
#1971=CARTESIAN_POINT('',(2.25E0,-7.E0,-9.938686366889E-1));
#1972=LINE('4431',#1971,#1970);
#1973=DIRECTION('',(0.E0,-1.E0,0.E0));
#1974=VECTOR('',#1973,2.E-1);
#1975=CARTESIAN_POINT('',(2.25E0,-7.E0,-9.938686366889E-1));
#1976=LINE('4445',#1975,#1974);
#1977=DIRECTION('',(0.E0,0.E0,-1.E0));
#1978=VECTOR('',#1977,6.E-1);
#1979=CARTESIAN_POINT('',(2.25E0,-7.2E0,-9.938686366889E-1));
#1980=LINE('4438',#1979,#1978);
#1981=DIRECTION('',(1.E0,0.E0,0.E0));
#1982=VECTOR('',#1981,5.8E-1);
#1983=CARTESIAN_POINT('',(2.25E0,-7.E0,-9.938686366889E-1));
#1984=LINE('4435',#1983,#1982);
#1985=DIRECTION('',(1.E0,0.E0,0.E0));
#1986=VECTOR('',#1985,5.8E-1);
#1987=CARTESIAN_POINT('',(2.25E0,-7.E0,-1.593868636689E0));
#1988=LINE('4436',#1987,#1986);
#1989=DIRECTION('',(0.E0,-1.E0,0.E0));
#1990=VECTOR('',#1989,2.E-1);
#1991=CARTESIAN_POINT('',(2.25E0,-7.E0,-1.593868636689E0));
#1992=LINE('4444',#1991,#1990);
#1993=DIRECTION('',(1.E0,0.E0,0.E0));
#1994=VECTOR('',#1993,5.8E-1);
#1995=CARTESIAN_POINT('',(2.25E0,-7.2E0,-1.593868636689E0));
#1996=LINE('4443',#1995,#1994);
#1997=DIRECTION('',(0.E0,0.E0,-1.E0));
#1998=VECTOR('',#1997,6.E-1);
#1999=CARTESIAN_POINT('',(2.83E0,-7.E0,-9.938686366889E-1));
#2000=LINE('4433',#1999,#1998);
#2001=DIRECTION('',(0.E0,-1.E0,0.E0));
#2002=VECTOR('',#2001,2.E-1);
#2003=CARTESIAN_POINT('',(2.83E0,-7.E0,-1.593868636689E0));
#2004=LINE('4446',#2003,#2002);
#2005=DIRECTION('',(0.E0,0.E0,-1.E0));
#2006=VECTOR('',#2005,6.E-1);
#2007=CARTESIAN_POINT('',(2.83E0,-7.2E0,-9.938686366889E-1));
#2008=LINE('4440',#2007,#2006);
#2009=DIRECTION('',(1.E0,0.E0,0.E0));
#2010=VECTOR('',#2009,6.E-1);
#2011=CARTESIAN_POINT('',(4.78E0,-6.8E0,7.9386E-1));
#2012=LINE('4472',#2011,#2010);
#2013=DIRECTION('',(0.E0,1.E0,0.E0));
#2014=VECTOR('',#2013,1.E-1);
#2015=CARTESIAN_POINT('',(5.38E0,-6.8E0,5.9386E-1));
#2016=LINE('4517',#2015,#2014);
#2017=DIRECTION('',(0.E0,1.E0,0.E0));
#2018=VECTOR('',#2017,1.E-1);
#2019=CARTESIAN_POINT('',(5.38E0,-6.8E0,7.9386E-1));
#2020=LINE('4515',#2019,#2018);
#2021=DIRECTION('',(1.E0,0.E0,0.E0));
#2022=VECTOR('',#2021,6.E-1);
#2023=CARTESIAN_POINT('',(4.78E0,-6.8E0,5.9386E-1));
#2024=LINE('4479',#2023,#2022);
#2025=DIRECTION('',(0.E0,1.E0,0.E0));
#2026=VECTOR('',#2025,1.E-1);
#2027=CARTESIAN_POINT('',(4.78E0,-6.8E0,7.9386E-1));
#2028=LINE('4514',#2027,#2026);
#2029=DIRECTION('',(0.E0,0.E0,-1.E0));
#2030=VECTOR('',#2029,2.E-1);
#2031=CARTESIAN_POINT('',(4.78E0,-6.8E0,7.9386E-1));
#2032=LINE('4480',#2031,#2030);
#2033=DIRECTION('',(0.E0,1.E0,0.E0));
#2034=VECTOR('',#2033,1.E-1);
#2035=CARTESIAN_POINT('',(4.78E0,-6.8E0,5.9386E-1));
#2036=LINE('4516',#2035,#2034);
#2037=CARTESIAN_POINT('',(4.78E0,-6.8E0,9.9386E-1));
#2038=DIRECTION('',(1.E0,0.E0,0.E0));
#2039=DIRECTION('',(0.E0,-1.E0,0.E0));
#2040=AXIS2_PLACEMENT_3D('',#2037,#2038,#2039);
#2042=DIRECTION('',(0.E0,-1.E0,0.E0));
#2043=VECTOR('',#2042,2.E-1);
#2044=CARTESIAN_POINT('',(4.78E0,-7.E0,9.9386E-1));
#2045=LINE('4482',#2044,#2043);
#2046=CARTESIAN_POINT('',(4.78E0,-6.8E0,9.9386E-1));
#2047=DIRECTION('',(1.E0,0.E0,0.E0));
#2048=DIRECTION('',(0.E0,-1.E0,0.E0));
#2049=AXIS2_PLACEMENT_3D('',#2046,#2047,#2048);
#2051=DIRECTION('',(1.E0,0.E0,0.E0));
#2052=VECTOR('',#2051,6.E-1);
#2053=CARTESIAN_POINT('',(4.78E0,-7.E0,9.9386E-1));
#2054=LINE('4471',#2053,#2052);
#2055=CARTESIAN_POINT('',(5.38E0,-6.8E0,9.9386E-1));
#2056=DIRECTION('',(1.E0,0.E0,0.E0));
#2057=DIRECTION('',(0.E0,-1.E0,0.E0));
#2058=AXIS2_PLACEMENT_3D('',#2055,#2056,#2057);
#2060=DIRECTION('',(0.E0,0.E0,-1.E0));
#2061=VECTOR('',#2060,2.E-1);
#2062=CARTESIAN_POINT('',(5.38E0,-6.8E0,7.9386E-1));
#2063=LINE('4481',#2062,#2061);
#2064=CARTESIAN_POINT('',(5.38E0,-6.8E0,9.9386E-1));
#2065=DIRECTION('',(1.E0,0.E0,0.E0));
#2066=DIRECTION('',(0.E0,-1.E0,0.E0));
#2067=AXIS2_PLACEMENT_3D('',#2064,#2065,#2066);
#2069=DIRECTION('',(1.E0,0.E0,0.E0));
#2070=VECTOR('',#2069,6.E-1);
#2071=CARTESIAN_POINT('',(4.78E0,-7.2E0,9.9386E-1));
#2072=LINE('4478',#2071,#2070);
#2073=DIRECTION('',(1.E0,0.E0,0.E0));
#2074=VECTOR('',#2073,6.E-1);
#2075=CARTESIAN_POINT('',(4.78E0,-7.2E0,1.59386E0));
#2076=LINE('4477',#2075,#2074);
#2077=DIRECTION('',(0.E0,0.E0,-1.E0));
#2078=VECTOR('',#2077,6.E-1);
#2079=CARTESIAN_POINT('',(4.78E0,-7.E0,1.59386E0));
#2080=LINE('4466',#2079,#2078);
#2081=DIRECTION('',(0.E0,-1.E0,0.E0));
#2082=VECTOR('',#2081,2.E-1);
#2083=CARTESIAN_POINT('',(4.78E0,-7.E0,1.59386E0));
#2084=LINE('4484',#2083,#2082);
#2085=DIRECTION('',(0.E0,0.E0,-1.E0));
#2086=VECTOR('',#2085,6.E-1);
#2087=CARTESIAN_POINT('',(4.78E0,-7.2E0,1.59386E0));
#2088=LINE('4473',#2087,#2086);
#2089=DIRECTION('',(1.E0,0.E0,0.E0));
#2090=VECTOR('',#2089,6.E-1);
#2091=CARTESIAN_POINT('',(4.78E0,-7.E0,1.59386E0));
#2092=LINE('4470',#2091,#2090);
#2093=DIRECTION('',(0.E0,0.E0,-1.E0));
#2094=VECTOR('',#2093,6.E-1);
#2095=CARTESIAN_POINT('',(5.38E0,-7.E0,1.59386E0));
#2096=LINE('4468',#2095,#2094);
#2097=DIRECTION('',(0.E0,-1.E0,0.E0));
#2098=VECTOR('',#2097,2.E-1);
#2099=CARTESIAN_POINT('',(5.38E0,-7.E0,9.9386E-1));
#2100=LINE('4483',#2099,#2098);
#2101=DIRECTION('',(0.E0,0.E0,-1.E0));
#2102=VECTOR('',#2101,6.E-1);
#2103=CARTESIAN_POINT('',(5.38E0,-7.2E0,1.59386E0));
#2104=LINE('4475',#2103,#2102);
#2105=DIRECTION('',(0.E0,-1.E0,0.E0));
#2106=VECTOR('',#2105,2.E-1);
#2107=CARTESIAN_POINT('',(5.38E0,-7.E0,1.59386E0));
#2108=LINE('4485',#2107,#2106);
#2109=DIRECTION('',(0.E0,-1.E0,0.E0));
#2110=VECTOR('',#2109,1.E-1);
#2111=CARTESIAN_POINT('',(4.79E0,-6.7E0,-5.938686366889E-1));
#2112=LINE('4520',#2111,#2110);
#2113=DIRECTION('',(0.E0,-1.E0,0.E0));
#2114=VECTOR('',#2113,1.E-1);
#2115=CARTESIAN_POINT('',(4.79E0,-6.7E0,-7.938686366889E-1));
#2116=LINE('4518',#2115,#2114);
#2117=DIRECTION('',(1.776356839400E-14,-1.E0,0.E0));
#2118=VECTOR('',#2117,1.E-1);
#2119=CARTESIAN_POINT('',(5.37E0,-6.7E0,-7.938686366889E-1));
#2120=LINE('4519',#2119,#2118);
#2121=DIRECTION('',(0.E0,0.E0,1.E0));
#2122=VECTOR('',#2121,2.E-1);
#2123=CARTESIAN_POINT('',(5.37E0,-6.8E0,-7.938686366889E-1));
#2124=LINE('4505',#2123,#2122);
#2125=DIRECTION('',(0.E0,-1.E0,0.E0));
#2126=VECTOR('',#2125,1.E-1);
#2127=CARTESIAN_POINT('',(5.37E0,-6.7E0,-5.938686366889E-1));
#2128=LINE('4521',#2127,#2126);
#2129=CARTESIAN_POINT('',(5.37E0,-6.8E0,-9.938686366889E-1));
#2130=DIRECTION('',(1.E0,0.E0,0.E0));
#2131=DIRECTION('',(0.E0,0.E0,1.E0));
#2132=AXIS2_PLACEMENT_3D('',#2129,#2130,#2131);
#2134=DIRECTION('',(0.E0,-1.E0,0.E0));
#2135=VECTOR('',#2134,2.E-1);
#2136=CARTESIAN_POINT('',(5.37E0,-7.E0,-9.938686366889E-1));
#2137=LINE('4503',#2136,#2135);
#2138=CARTESIAN_POINT('',(5.37E0,-6.8E0,-9.938686366889E-1));
#2139=DIRECTION('',(1.E0,0.E0,0.E0));
#2140=DIRECTION('',(0.E0,0.E0,1.E0));
#2141=AXIS2_PLACEMENT_3D('',#2138,#2139,#2140);
#2143=DIRECTION('',(1.E0,0.E0,0.E0));
#2144=VECTOR('',#2143,5.8E-1);
#2145=CARTESIAN_POINT('',(4.79E0,-6.8E0,-7.938686366889E-1));
#2146=LINE('4490',#2145,#2144);
#2147=CARTESIAN_POINT('',(4.79E0,-6.8E0,-9.938686366889E-1));
#2148=DIRECTION('',(1.E0,0.E0,0.E0));
#2149=DIRECTION('',(0.E0,0.E0,1.E0));
#2150=AXIS2_PLACEMENT_3D('',#2147,#2148,#2149);
#2152=DIRECTION('',(0.E0,0.E0,1.E0));
#2153=VECTOR('',#2152,2.E-1);
#2154=CARTESIAN_POINT('',(4.79E0,-6.8E0,-7.938686366889E-1));
#2155=LINE('4504',#2154,#2153);
#2156=CARTESIAN_POINT('',(4.79E0,-6.8E0,-9.938686366889E-1));
#2157=DIRECTION('',(1.E0,0.E0,0.E0));
#2158=DIRECTION('',(0.E0,0.E0,1.E0));
#2159=AXIS2_PLACEMENT_3D('',#2156,#2157,#2158);
#2161=DIRECTION('',(1.E0,0.E0,0.E0));
#2162=VECTOR('',#2161,5.8E-1);
#2163=CARTESIAN_POINT('',(4.79E0,-6.8E0,-5.938686366889E-1));
#2164=LINE('4497',#2163,#2162);
#2165=DIRECTION('',(1.E0,0.E0,0.E0));
#2166=VECTOR('',#2165,5.8E-1);
#2167=CARTESIAN_POINT('',(4.79E0,-7.2E0,-9.938686366889E-1));
#2168=LINE('4498',#2167,#2166);
#2169=DIRECTION('',(0.E0,0.E0,-1.E0));
#2170=VECTOR('',#2169,6.E-1);
#2171=CARTESIAN_POINT('',(4.79E0,-7.E0,-9.938686366889E-1));
#2172=LINE('4487',#2171,#2170);
#2173=DIRECTION('',(0.E0,-1.E0,0.E0));
#2174=VECTOR('',#2173,2.E-1);
#2175=CARTESIAN_POINT('',(4.79E0,-7.E0,-9.938686366889E-1));
#2176=LINE('4501',#2175,#2174);
#2177=DIRECTION('',(0.E0,0.E0,-1.E0));
#2178=VECTOR('',#2177,6.E-1);
#2179=CARTESIAN_POINT('',(4.79E0,-7.2E0,-9.938686366889E-1));
#2180=LINE('4494',#2179,#2178);
#2181=DIRECTION('',(1.E0,0.E0,0.E0));
#2182=VECTOR('',#2181,5.8E-1);
#2183=CARTESIAN_POINT('',(4.79E0,-7.E0,-9.938686366889E-1));
#2184=LINE('4491',#2183,#2182);
#2185=DIRECTION('',(1.E0,0.E0,0.E0));
#2186=VECTOR('',#2185,5.8E-1);
#2187=CARTESIAN_POINT('',(4.79E0,-7.E0,-1.593868636689E0));
#2188=LINE('4492',#2187,#2186);
#2189=DIRECTION('',(0.E0,-1.E0,0.E0));
#2190=VECTOR('',#2189,2.E-1);
#2191=CARTESIAN_POINT('',(4.79E0,-7.E0,-1.593868636689E0));
#2192=LINE('4500',#2191,#2190);
#2193=DIRECTION('',(1.E0,0.E0,0.E0));
#2194=VECTOR('',#2193,5.8E-1);
#2195=CARTESIAN_POINT('',(4.79E0,-7.2E0,-1.593868636689E0));
#2196=LINE('4499',#2195,#2194);
#2197=DIRECTION('',(0.E0,0.E0,-1.E0));
#2198=VECTOR('',#2197,6.E-1);
#2199=CARTESIAN_POINT('',(5.37E0,-7.E0,-9.938686366889E-1));
#2200=LINE('4489',#2199,#2198);
#2201=DIRECTION('',(0.E0,-1.E0,0.E0));
#2202=VECTOR('',#2201,2.E-1);
#2203=CARTESIAN_POINT('',(5.37E0,-7.E0,-1.593868636689E0));
#2204=LINE('4502',#2203,#2202);
#2205=DIRECTION('',(0.E0,0.E0,-1.E0));
#2206=VECTOR('',#2205,6.E-1);
#2207=CARTESIAN_POINT('',(5.37E0,-7.2E0,-9.938686366889E-1));
#2208=LINE('4496',#2207,#2206);
#2209=DIRECTION('',(1.E0,0.E0,0.E0));
#2210=VECTOR('',#2209,6.E-1);
#2211=CARTESIAN_POINT('',(7.32E0,-6.8E0,7.9386E-1));
#2212=LINE('4528',#2211,#2210);
#2213=DIRECTION('',(0.E0,1.E0,0.E0));
#2214=VECTOR('',#2213,1.E-1);
#2215=CARTESIAN_POINT('',(7.92E0,-6.8E0,5.9386E-1));
#2216=LINE('4573',#2215,#2214);
#2217=DIRECTION('',(0.E0,1.E0,0.E0));
#2218=VECTOR('',#2217,1.E-1);
#2219=CARTESIAN_POINT('',(7.92E0,-6.8E0,7.9386E-1));
#2220=LINE('4571',#2219,#2218);
#2221=DIRECTION('',(1.E0,0.E0,0.E0));
#2222=VECTOR('',#2221,6.E-1);
#2223=CARTESIAN_POINT('',(7.32E0,-6.8E0,5.9386E-1));
#2224=LINE('4535',#2223,#2222);
#2225=DIRECTION('',(0.E0,1.E0,0.E0));
#2226=VECTOR('',#2225,1.E-1);
#2227=CARTESIAN_POINT('',(7.32E0,-6.8E0,7.9386E-1));
#2228=LINE('4570',#2227,#2226);
#2229=DIRECTION('',(0.E0,0.E0,-1.E0));
#2230=VECTOR('',#2229,2.E-1);
#2231=CARTESIAN_POINT('',(7.32E0,-6.8E0,7.9386E-1));
#2232=LINE('4536',#2231,#2230);
#2233=DIRECTION('',(0.E0,1.E0,0.E0));
#2234=VECTOR('',#2233,1.E-1);
#2235=CARTESIAN_POINT('',(7.32E0,-6.8E0,5.9386E-1));
#2236=LINE('4572',#2235,#2234);
#2237=CARTESIAN_POINT('',(7.32E0,-6.8E0,9.9386E-1));
#2238=DIRECTION('',(1.E0,0.E0,0.E0));
#2239=DIRECTION('',(0.E0,-1.E0,0.E0));
#2240=AXIS2_PLACEMENT_3D('',#2237,#2238,#2239);
#2242=DIRECTION('',(0.E0,-1.E0,0.E0));
#2243=VECTOR('',#2242,2.E-1);
#2244=CARTESIAN_POINT('',(7.32E0,-7.E0,9.9386E-1));
#2245=LINE('4538',#2244,#2243);
#2246=CARTESIAN_POINT('',(7.32E0,-6.8E0,9.9386E-1));
#2247=DIRECTION('',(1.E0,0.E0,0.E0));
#2248=DIRECTION('',(0.E0,-1.E0,0.E0));
#2249=AXIS2_PLACEMENT_3D('',#2246,#2247,#2248);
#2251=DIRECTION('',(1.E0,0.E0,0.E0));
#2252=VECTOR('',#2251,6.E-1);
#2253=CARTESIAN_POINT('',(7.32E0,-7.E0,9.9386E-1));
#2254=LINE('4527',#2253,#2252);
#2255=CARTESIAN_POINT('',(7.92E0,-6.8E0,9.9386E-1));
#2256=DIRECTION('',(1.E0,0.E0,0.E0));
#2257=DIRECTION('',(0.E0,-1.E0,0.E0));
#2258=AXIS2_PLACEMENT_3D('',#2255,#2256,#2257);
#2260=DIRECTION('',(0.E0,0.E0,-1.E0));
#2261=VECTOR('',#2260,2.E-1);
#2262=CARTESIAN_POINT('',(7.92E0,-6.8E0,7.9386E-1));
#2263=LINE('4537',#2262,#2261);
#2264=CARTESIAN_POINT('',(7.92E0,-6.8E0,9.9386E-1));
#2265=DIRECTION('',(1.E0,0.E0,0.E0));
#2266=DIRECTION('',(0.E0,-1.E0,0.E0));
#2267=AXIS2_PLACEMENT_3D('',#2264,#2265,#2266);
#2269=DIRECTION('',(1.E0,0.E0,0.E0));
#2270=VECTOR('',#2269,6.E-1);
#2271=CARTESIAN_POINT('',(7.32E0,-7.2E0,9.9386E-1));
#2272=LINE('4534',#2271,#2270);
#2273=DIRECTION('',(1.E0,0.E0,0.E0));
#2274=VECTOR('',#2273,6.E-1);
#2275=CARTESIAN_POINT('',(7.32E0,-7.2E0,1.59386E0));
#2276=LINE('4533',#2275,#2274);
#2277=DIRECTION('',(0.E0,0.E0,-1.E0));
#2278=VECTOR('',#2277,6.E-1);
#2279=CARTESIAN_POINT('',(7.32E0,-7.E0,1.59386E0));
#2280=LINE('4522',#2279,#2278);
#2281=DIRECTION('',(0.E0,-1.E0,0.E0));
#2282=VECTOR('',#2281,2.E-1);
#2283=CARTESIAN_POINT('',(7.32E0,-7.E0,1.59386E0));
#2284=LINE('4540',#2283,#2282);
#2285=DIRECTION('',(0.E0,0.E0,-1.E0));
#2286=VECTOR('',#2285,6.E-1);
#2287=CARTESIAN_POINT('',(7.32E0,-7.2E0,1.59386E0));
#2288=LINE('4529',#2287,#2286);
#2289=DIRECTION('',(1.E0,0.E0,0.E0));
#2290=VECTOR('',#2289,6.E-1);
#2291=CARTESIAN_POINT('',(7.32E0,-7.E0,1.59386E0));
#2292=LINE('4526',#2291,#2290);
#2293=DIRECTION('',(0.E0,0.E0,-1.E0));
#2294=VECTOR('',#2293,6.E-1);
#2295=CARTESIAN_POINT('',(7.92E0,-7.E0,1.59386E0));
#2296=LINE('4524',#2295,#2294);
#2297=DIRECTION('',(0.E0,-1.E0,0.E0));
#2298=VECTOR('',#2297,2.E-1);
#2299=CARTESIAN_POINT('',(7.92E0,-7.E0,9.9386E-1));
#2300=LINE('4539',#2299,#2298);
#2301=DIRECTION('',(0.E0,0.E0,-1.E0));
#2302=VECTOR('',#2301,6.E-1);
#2303=CARTESIAN_POINT('',(7.92E0,-7.2E0,1.59386E0));
#2304=LINE('4531',#2303,#2302);
#2305=DIRECTION('',(0.E0,-1.E0,0.E0));
#2306=VECTOR('',#2305,2.E-1);
#2307=CARTESIAN_POINT('',(7.92E0,-7.E0,1.59386E0));
#2308=LINE('4541',#2307,#2306);
#2309=DIRECTION('',(0.E0,-1.E0,0.E0));
#2310=VECTOR('',#2309,1.E-1);
#2311=CARTESIAN_POINT('',(7.33E0,-6.7E0,-5.938686366889E-1));
#2312=LINE('4576',#2311,#2310);
#2313=DIRECTION('',(0.E0,-1.E0,0.E0));
#2314=VECTOR('',#2313,1.E-1);
#2315=CARTESIAN_POINT('',(7.33E0,-6.7E0,-7.938686366889E-1));
#2316=LINE('4574',#2315,#2314);
#2317=DIRECTION('',(0.E0,-1.E0,0.E0));
#2318=VECTOR('',#2317,1.E-1);
#2319=CARTESIAN_POINT('',(7.91E0,-6.7E0,-7.938686366889E-1));
#2320=LINE('4575',#2319,#2318);
#2321=DIRECTION('',(0.E0,0.E0,1.E0));
#2322=VECTOR('',#2321,2.E-1);
#2323=CARTESIAN_POINT('',(7.91E0,-6.8E0,-7.938686366889E-1));
#2324=LINE('4561',#2323,#2322);
#2325=DIRECTION('',(0.E0,-1.E0,0.E0));
#2326=VECTOR('',#2325,1.E-1);
#2327=CARTESIAN_POINT('',(7.91E0,-6.7E0,-5.938686366889E-1));
#2328=LINE('4577',#2327,#2326);
#2329=CARTESIAN_POINT('',(7.91E0,-6.8E0,-9.938686366889E-1));
#2330=DIRECTION('',(1.E0,0.E0,0.E0));
#2331=DIRECTION('',(0.E0,0.E0,1.E0));
#2332=AXIS2_PLACEMENT_3D('',#2329,#2330,#2331);
#2334=DIRECTION('',(0.E0,-1.E0,0.E0));
#2335=VECTOR('',#2334,2.E-1);
#2336=CARTESIAN_POINT('',(7.91E0,-7.E0,-9.938686366889E-1));
#2337=LINE('4559',#2336,#2335);
#2338=CARTESIAN_POINT('',(7.91E0,-6.8E0,-9.938686366889E-1));
#2339=DIRECTION('',(1.E0,0.E0,0.E0));
#2340=DIRECTION('',(0.E0,0.E0,1.E0));
#2341=AXIS2_PLACEMENT_3D('',#2338,#2339,#2340);
#2343=DIRECTION('',(1.E0,0.E0,0.E0));
#2344=VECTOR('',#2343,5.8E-1);
#2345=CARTESIAN_POINT('',(7.33E0,-6.8E0,-7.938686366889E-1));
#2346=LINE('4546',#2345,#2344);
#2347=CARTESIAN_POINT('',(7.33E0,-6.8E0,-9.938686366889E-1));
#2348=DIRECTION('',(1.E0,0.E0,0.E0));
#2349=DIRECTION('',(0.E0,0.E0,1.E0));
#2350=AXIS2_PLACEMENT_3D('',#2347,#2348,#2349);
#2352=DIRECTION('',(0.E0,0.E0,1.E0));
#2353=VECTOR('',#2352,2.E-1);
#2354=CARTESIAN_POINT('',(7.33E0,-6.8E0,-7.938686366889E-1));
#2355=LINE('4560',#2354,#2353);
#2356=CARTESIAN_POINT('',(7.33E0,-6.8E0,-9.938686366889E-1));
#2357=DIRECTION('',(1.E0,0.E0,0.E0));
#2358=DIRECTION('',(0.E0,0.E0,1.E0));
#2359=AXIS2_PLACEMENT_3D('',#2356,#2357,#2358);
#2361=DIRECTION('',(1.E0,0.E0,0.E0));
#2362=VECTOR('',#2361,5.8E-1);
#2363=CARTESIAN_POINT('',(7.33E0,-6.8E0,-5.938686366889E-1));
#2364=LINE('4553',#2363,#2362);
#2365=DIRECTION('',(1.E0,0.E0,0.E0));
#2366=VECTOR('',#2365,5.8E-1);
#2367=CARTESIAN_POINT('',(7.33E0,-7.2E0,-9.938686366889E-1));
#2368=LINE('4554',#2367,#2366);
#2369=DIRECTION('',(0.E0,0.E0,-1.E0));
#2370=VECTOR('',#2369,6.E-1);
#2371=CARTESIAN_POINT('',(7.33E0,-7.E0,-9.938686366889E-1));
#2372=LINE('4543',#2371,#2370);
#2373=DIRECTION('',(0.E0,-1.E0,0.E0));
#2374=VECTOR('',#2373,2.E-1);
#2375=CARTESIAN_POINT('',(7.33E0,-7.E0,-9.938686366889E-1));
#2376=LINE('4557',#2375,#2374);
#2377=DIRECTION('',(0.E0,0.E0,-1.E0));
#2378=VECTOR('',#2377,6.E-1);
#2379=CARTESIAN_POINT('',(7.33E0,-7.2E0,-9.938686366889E-1));
#2380=LINE('4550',#2379,#2378);
#2381=DIRECTION('',(1.E0,0.E0,0.E0));
#2382=VECTOR('',#2381,5.8E-1);
#2383=CARTESIAN_POINT('',(7.33E0,-7.E0,-9.938686366889E-1));
#2384=LINE('4547',#2383,#2382);
#2385=DIRECTION('',(1.E0,0.E0,0.E0));
#2386=VECTOR('',#2385,5.8E-1);
#2387=CARTESIAN_POINT('',(7.33E0,-7.E0,-1.593868636689E0));
#2388=LINE('4548',#2387,#2386);
#2389=DIRECTION('',(0.E0,-1.E0,0.E0));
#2390=VECTOR('',#2389,2.E-1);
#2391=CARTESIAN_POINT('',(7.33E0,-7.E0,-1.593868636689E0));
#2392=LINE('4556',#2391,#2390);
#2393=DIRECTION('',(1.E0,0.E0,0.E0));
#2394=VECTOR('',#2393,5.8E-1);
#2395=CARTESIAN_POINT('',(7.33E0,-7.2E0,-1.593868636689E0));
#2396=LINE('4555',#2395,#2394);
#2397=DIRECTION('',(0.E0,0.E0,-1.E0));
#2398=VECTOR('',#2397,6.E-1);
#2399=CARTESIAN_POINT('',(7.91E0,-7.E0,-9.938686366889E-1));
#2400=LINE('4545',#2399,#2398);
#2401=DIRECTION('',(0.E0,-1.E0,0.E0));
#2402=VECTOR('',#2401,2.E-1);
#2403=CARTESIAN_POINT('',(7.91E0,-7.E0,-1.593868636689E0));
#2404=LINE('4558',#2403,#2402);
#2405=DIRECTION('',(0.E0,0.E0,-1.E0));
#2406=VECTOR('',#2405,6.E-1);
#2407=CARTESIAN_POINT('',(7.91E0,-7.2E0,-9.938686366889E-1));
#2408=LINE('4552',#2407,#2406);
#2409=DIRECTION('',(0.E0,0.E0,-1.E0));
#2410=VECTOR('',#2409,1.E0);
#2411=CARTESIAN_POINT('',(-5.58E0,-3.E-1,5.E-1));
#2412=LINE('3884',#2411,#2410);
#2413=DIRECTION('',(-5.773502691896E-1,-5.773502691896E-1,5.773502691896E-1));
#2414=VECTOR('',#2413,5.196152422707E-1);
#2415=CARTESIAN_POINT('',(-4.28E0,0.E0,-8.E-1));
#2416=LINE('3891',#2415,#2414);
#2417=DIRECTION('',(-5.773502691896E-1,5.773502691896E-1,-5.773502691896E-1));
#2418=VECTOR('',#2417,5.196152422707E-1);
#2419=CARTESIAN_POINT('',(-5.58E0,-3.E-1,-5.E-1));
#2420=LINE('3890',#2419,#2418);
#2421=DIRECTION('',(5.773502691896E-1,-5.773502691896E-1,-5.773502691896E-1));
#2422=VECTOR('',#2421,5.196152422707E-1);
#2423=CARTESIAN_POINT('',(-5.88E0,0.E0,8.E-1));
#2424=LINE('3893',#2423,#2422);
#2425=DIRECTION('',(5.773502691896E-1,5.773502691896E-1,5.773502691896E-1));
#2426=VECTOR('',#2425,5.196152422707E-1);
#2427=CARTESIAN_POINT('',(-4.58E0,-3.E-1,5.E-1));
#2428=LINE('3892',#2427,#2426);
#2429=DIRECTION('',(1.E0,0.E0,0.E0));
#2430=VECTOR('',#2429,1.E0);
#2431=CARTESIAN_POINT('',(-5.58E0,-4.5E-1,5.E-1));
#2432=LINE('4066',#2431,#2430);
#2433=DIRECTION('',(0.E0,-1.E0,0.E0));
#2434=VECTOR('',#2433,1.5E-1);
#2435=CARTESIAN_POINT('',(-4.58E0,-3.E-1,5.E-1));
#2436=LINE('4087',#2435,#2434);
#2437=DIRECTION('',(-1.E0,0.E0,0.E0));
#2438=VECTOR('',#2437,1.E0);
#2439=CARTESIAN_POINT('',(-4.58E0,-3.E-1,5.E-1));
#2440=LINE('3883',#2439,#2438);
#2441=DIRECTION('',(0.E0,1.E0,0.E0));
#2442=VECTOR('',#2441,1.5E-1);
#2443=CARTESIAN_POINT('',(-5.58E0,-4.5E-1,5.E-1));
#2444=LINE('4086',#2443,#2442);
#2445=DIRECTION('',(0.E0,0.E0,-1.E0));
#2446=VECTOR('',#2445,1.E0);
#2447=CARTESIAN_POINT('',(-5.58E0,-4.5E-1,5.E-1));
#2448=LINE('4068',#2447,#2446);
#2449=DIRECTION('',(1.E0,0.E0,0.E0));
#2450=VECTOR('',#2449,1.E0);
#2451=CARTESIAN_POINT('',(-5.58E0,-4.5E-1,-5.E-1));
#2452=LINE('4067',#2451,#2450);
#2453=DIRECTION('',(0.E0,1.E0,0.E0));
#2454=VECTOR('',#2453,1.5E-1);
#2455=CARTESIAN_POINT('',(-5.58E0,-4.5E-1,-5.E-1));
#2456=LINE('4088',#2455,#2454);
#2457=DIRECTION('',(1.E0,0.E0,0.E0));
#2458=VECTOR('',#2457,1.E0);
#2459=CARTESIAN_POINT('',(-5.58E0,-3.E-1,-5.E-1));
#2460=LINE('3882',#2459,#2458);
#2461=DIRECTION('',(0.E0,-1.E0,0.E0));
#2462=VECTOR('',#2461,1.5E-1);
#2463=CARTESIAN_POINT('',(-4.58E0,-3.E-1,-5.E-1));
#2464=LINE('4089',#2463,#2462);
#2465=DIRECTION('',(0.E0,0.E0,-1.E0));
#2466=VECTOR('',#2465,1.E0);
#2467=CARTESIAN_POINT('',(-4.58E0,-4.5E-1,5.E-1));
#2468=LINE('4069',#2467,#2466);
#2469=DIRECTION('',(0.E0,0.E0,-1.E0));
#2470=VECTOR('',#2469,1.E0);
#2471=CARTESIAN_POINT('',(-4.58E0,-3.E-1,5.E-1));
#2472=LINE('3885',#2471,#2470);
#2473=DIRECTION('',(0.E0,0.E0,-1.E0));
#2474=VECTOR('',#2473,1.E0);
#2475=CARTESIAN_POINT('',(-3.04E0,-3.E-1,5.E-1));
#2476=LINE('3896',#2475,#2474);
#2477=DIRECTION('',(-5.773502691896E-1,-5.773502691896E-1,5.773502691896E-1));
#2478=VECTOR('',#2477,5.196152422707E-1);
#2479=CARTESIAN_POINT('',(-1.74E0,0.E0,-8.E-1));
#2480=LINE('3903',#2479,#2478);
#2481=DIRECTION('',(-5.773502691896E-1,5.773502691896E-1,-5.773502691896E-1));
#2482=VECTOR('',#2481,5.196152422707E-1);
#2483=CARTESIAN_POINT('',(-3.04E0,-3.E-1,-5.E-1));
#2484=LINE('3902',#2483,#2482);
#2485=DIRECTION('',(5.773502691896E-1,-5.773502691896E-1,-5.773502691896E-1));
#2486=VECTOR('',#2485,5.196152422707E-1);
#2487=CARTESIAN_POINT('',(-3.34E0,0.E0,8.E-1));
#2488=LINE('3905',#2487,#2486);
#2489=DIRECTION('',(5.773502691896E-1,5.773502691896E-1,5.773502691896E-1));
#2490=VECTOR('',#2489,5.196152422707E-1);
#2491=CARTESIAN_POINT('',(-2.04E0,-3.E-1,5.E-1));
#2492=LINE('3904',#2491,#2490);
#2493=DIRECTION('',(1.E0,0.E0,0.E0));
#2494=VECTOR('',#2493,1.E0);
#2495=CARTESIAN_POINT('',(-3.04E0,-4.5E-1,5.E-1));
#2496=LINE('4070',#2495,#2494);
#2497=DIRECTION('',(0.E0,-1.E0,0.E0));
#2498=VECTOR('',#2497,1.5E-1);
#2499=CARTESIAN_POINT('',(-2.04E0,-3.E-1,5.E-1));
#2500=LINE('4091',#2499,#2498);
#2501=DIRECTION('',(-1.E0,0.E0,0.E0));
#2502=VECTOR('',#2501,1.E0);
#2503=CARTESIAN_POINT('',(-2.04E0,-3.E-1,5.E-1));
#2504=LINE('3895',#2503,#2502);
#2505=DIRECTION('',(0.E0,1.E0,0.E0));
#2506=VECTOR('',#2505,1.5E-1);
#2507=CARTESIAN_POINT('',(-3.04E0,-4.5E-1,5.E-1));
#2508=LINE('4090',#2507,#2506);
#2509=DIRECTION('',(0.E0,0.E0,-1.E0));
#2510=VECTOR('',#2509,1.E0);
#2511=CARTESIAN_POINT('',(-3.04E0,-4.5E-1,5.E-1));
#2512=LINE('4072',#2511,#2510);
#2513=DIRECTION('',(1.E0,0.E0,0.E0));
#2514=VECTOR('',#2513,1.E0);
#2515=CARTESIAN_POINT('',(-3.04E0,-4.5E-1,-5.E-1));
#2516=LINE('4071',#2515,#2514);
#2517=DIRECTION('',(0.E0,1.E0,0.E0));
#2518=VECTOR('',#2517,1.5E-1);
#2519=CARTESIAN_POINT('',(-3.04E0,-4.5E-1,-5.E-1));
#2520=LINE('4092',#2519,#2518);
#2521=DIRECTION('',(1.E0,0.E0,0.E0));
#2522=VECTOR('',#2521,1.E0);
#2523=CARTESIAN_POINT('',(-3.04E0,-3.E-1,-5.E-1));
#2524=LINE('3894',#2523,#2522);
#2525=DIRECTION('',(0.E0,-1.E0,0.E0));
#2526=VECTOR('',#2525,1.5E-1);
#2527=CARTESIAN_POINT('',(-2.04E0,-3.E-1,-5.E-1));
#2528=LINE('4093',#2527,#2526);
#2529=DIRECTION('',(0.E0,0.E0,-1.E0));
#2530=VECTOR('',#2529,1.E0);
#2531=CARTESIAN_POINT('',(-2.04E0,-4.5E-1,5.E-1));
#2532=LINE('4073',#2531,#2530);
#2533=DIRECTION('',(0.E0,0.E0,-1.E0));
#2534=VECTOR('',#2533,1.E0);
#2535=CARTESIAN_POINT('',(-2.04E0,-3.E-1,5.E-1));
#2536=LINE('3897',#2535,#2534);
#2537=DIRECTION('',(0.E0,0.E0,-1.E0));
#2538=VECTOR('',#2537,1.E0);
#2539=CARTESIAN_POINT('',(-5.E-1,-3.E-1,5.E-1));
#2540=LINE('3908',#2539,#2538);
#2541=DIRECTION('',(-5.773502691896E-1,-5.773502691896E-1,5.773502691896E-1));
#2542=VECTOR('',#2541,5.196152422707E-1);
#2543=CARTESIAN_POINT('',(8.E-1,0.E0,-8.E-1));
#2544=LINE('3915',#2543,#2542);
#2545=DIRECTION('',(-5.773502691896E-1,5.773502691896E-1,-5.773502691896E-1));
#2546=VECTOR('',#2545,5.196152422707E-1);
#2547=CARTESIAN_POINT('',(-5.E-1,-3.E-1,-5.E-1));
#2548=LINE('3914',#2547,#2546);
#2549=DIRECTION('',(5.773502691896E-1,-5.773502691896E-1,-5.773502691896E-1));
#2550=VECTOR('',#2549,5.196152422707E-1);
#2551=CARTESIAN_POINT('',(-8.E-1,0.E0,8.E-1));
#2552=LINE('3917',#2551,#2550);
#2553=DIRECTION('',(5.773502691896E-1,5.773502691896E-1,5.773502691896E-1));
#2554=VECTOR('',#2553,5.196152422707E-1);
#2555=CARTESIAN_POINT('',(5.E-1,-3.E-1,5.E-1));
#2556=LINE('3916',#2555,#2554);
#2557=DIRECTION('',(1.E0,0.E0,0.E0));
#2558=VECTOR('',#2557,1.E0);
#2559=CARTESIAN_POINT('',(-5.E-1,-4.5E-1,5.E-1));
#2560=LINE('4074',#2559,#2558);
#2561=DIRECTION('',(0.E0,-1.E0,0.E0));
#2562=VECTOR('',#2561,1.5E-1);
#2563=CARTESIAN_POINT('',(5.E-1,-3.E-1,5.E-1));
#2564=LINE('4095',#2563,#2562);
#2565=DIRECTION('',(-1.E0,0.E0,0.E0));
#2566=VECTOR('',#2565,1.E0);
#2567=CARTESIAN_POINT('',(5.E-1,-3.E-1,5.E-1));
#2568=LINE('3907',#2567,#2566);
#2569=DIRECTION('',(0.E0,1.E0,0.E0));
#2570=VECTOR('',#2569,1.5E-1);
#2571=CARTESIAN_POINT('',(-5.E-1,-4.5E-1,5.E-1));
#2572=LINE('4094',#2571,#2570);
#2573=DIRECTION('',(0.E0,0.E0,-1.E0));
#2574=VECTOR('',#2573,1.E0);
#2575=CARTESIAN_POINT('',(-5.E-1,-4.5E-1,5.E-1));
#2576=LINE('4076',#2575,#2574);
#2577=DIRECTION('',(1.E0,0.E0,0.E0));
#2578=VECTOR('',#2577,1.E0);
#2579=CARTESIAN_POINT('',(-5.E-1,-4.5E-1,-5.E-1));
#2580=LINE('4075',#2579,#2578);
#2581=DIRECTION('',(0.E0,1.E0,0.E0));
#2582=VECTOR('',#2581,1.5E-1);
#2583=CARTESIAN_POINT('',(-5.E-1,-4.5E-1,-5.E-1));
#2584=LINE('4096',#2583,#2582);
#2585=DIRECTION('',(1.E0,0.E0,0.E0));
#2586=VECTOR('',#2585,1.E0);
#2587=CARTESIAN_POINT('',(-5.E-1,-3.E-1,-5.E-1));
#2588=LINE('3906',#2587,#2586);
#2589=DIRECTION('',(0.E0,-1.E0,0.E0));
#2590=VECTOR('',#2589,1.5E-1);
#2591=CARTESIAN_POINT('',(5.E-1,-3.E-1,-5.E-1));
#2592=LINE('4097',#2591,#2590);
#2593=DIRECTION('',(0.E0,0.E0,-1.E0));
#2594=VECTOR('',#2593,1.E0);
#2595=CARTESIAN_POINT('',(5.E-1,-4.5E-1,5.E-1));
#2596=LINE('4077',#2595,#2594);
#2597=DIRECTION('',(0.E0,0.E0,-1.E0));
#2598=VECTOR('',#2597,1.E0);
#2599=CARTESIAN_POINT('',(5.E-1,-3.E-1,5.E-1));
#2600=LINE('3909',#2599,#2598);
#2601=DIRECTION('',(0.E0,0.E0,-1.E0));
#2602=VECTOR('',#2601,1.E0);
#2603=CARTESIAN_POINT('',(2.04E0,-3.E-1,5.E-1));
#2604=LINE('3920',#2603,#2602);
#2605=DIRECTION('',(-5.773502691896E-1,-5.773502691896E-1,5.773502691896E-1));
#2606=VECTOR('',#2605,5.196152422707E-1);
#2607=CARTESIAN_POINT('',(3.34E0,0.E0,-8.E-1));
#2608=LINE('3927',#2607,#2606);
#2609=DIRECTION('',(-5.773502691896E-1,5.773502691896E-1,-5.773502691896E-1));
#2610=VECTOR('',#2609,5.196152422707E-1);
#2611=CARTESIAN_POINT('',(2.04E0,-3.E-1,-5.E-1));
#2612=LINE('3926',#2611,#2610);
#2613=DIRECTION('',(5.773502691896E-1,-5.773502691896E-1,-5.773502691896E-1));
#2614=VECTOR('',#2613,5.196152422707E-1);
#2615=CARTESIAN_POINT('',(1.74E0,0.E0,8.E-1));
#2616=LINE('3929',#2615,#2614);
#2617=DIRECTION('',(5.773502691896E-1,5.773502691896E-1,5.773502691896E-1));
#2618=VECTOR('',#2617,5.196152422707E-1);
#2619=CARTESIAN_POINT('',(3.04E0,-3.E-1,5.E-1));
#2620=LINE('3928',#2619,#2618);
#2621=DIRECTION('',(1.E0,0.E0,0.E0));
#2622=VECTOR('',#2621,1.E0);
#2623=CARTESIAN_POINT('',(2.04E0,-4.5E-1,5.E-1));
#2624=LINE('4078',#2623,#2622);
#2625=DIRECTION('',(0.E0,-1.E0,0.E0));
#2626=VECTOR('',#2625,1.5E-1);
#2627=CARTESIAN_POINT('',(3.04E0,-3.E-1,5.E-1));
#2628=LINE('4099',#2627,#2626);
#2629=DIRECTION('',(-1.E0,0.E0,0.E0));
#2630=VECTOR('',#2629,1.E0);
#2631=CARTESIAN_POINT('',(3.04E0,-3.E-1,5.E-1));
#2632=LINE('3919',#2631,#2630);
#2633=DIRECTION('',(0.E0,1.E0,0.E0));
#2634=VECTOR('',#2633,1.5E-1);
#2635=CARTESIAN_POINT('',(2.04E0,-4.5E-1,5.E-1));
#2636=LINE('4098',#2635,#2634);
#2637=DIRECTION('',(0.E0,0.E0,-1.E0));
#2638=VECTOR('',#2637,1.E0);
#2639=CARTESIAN_POINT('',(2.04E0,-4.5E-1,5.E-1));
#2640=LINE('4080',#2639,#2638);
#2641=DIRECTION('',(1.E0,0.E0,0.E0));
#2642=VECTOR('',#2641,1.E0);
#2643=CARTESIAN_POINT('',(2.04E0,-4.5E-1,-5.E-1));
#2644=LINE('4079',#2643,#2642);
#2645=DIRECTION('',(0.E0,1.E0,0.E0));
#2646=VECTOR('',#2645,1.5E-1);
#2647=CARTESIAN_POINT('',(2.04E0,-4.5E-1,-5.E-1));
#2648=LINE('4100',#2647,#2646);
#2649=DIRECTION('',(1.E0,0.E0,0.E0));
#2650=VECTOR('',#2649,1.E0);
#2651=CARTESIAN_POINT('',(2.04E0,-3.E-1,-5.E-1));
#2652=LINE('3918',#2651,#2650);
#2653=DIRECTION('',(0.E0,-1.E0,0.E0));
#2654=VECTOR('',#2653,1.5E-1);
#2655=CARTESIAN_POINT('',(3.04E0,-3.E-1,-5.E-1));
#2656=LINE('4101',#2655,#2654);
#2657=DIRECTION('',(0.E0,0.E0,-1.E0));
#2658=VECTOR('',#2657,1.E0);
#2659=CARTESIAN_POINT('',(3.04E0,-4.5E-1,5.E-1));
#2660=LINE('4081',#2659,#2658);
#2661=DIRECTION('',(0.E0,0.E0,-1.E0));
#2662=VECTOR('',#2661,1.E0);
#2663=CARTESIAN_POINT('',(3.04E0,-3.E-1,5.E-1));
#2664=LINE('3921',#2663,#2662);
#2665=DIRECTION('',(0.E0,0.E0,-1.E0));
#2666=VECTOR('',#2665,1.E0);
#2667=CARTESIAN_POINT('',(4.58E0,-3.E-1,5.E-1));
#2668=LINE('3961',#2667,#2666);
#2669=DIRECTION('',(-5.773502691896E-1,-5.773502691896E-1,5.773502691896E-1));
#2670=VECTOR('',#2669,5.196152422707E-1);
#2671=CARTESIAN_POINT('',(5.88E0,0.E0,-8.E-1));
#2672=LINE('3968',#2671,#2670);
#2673=DIRECTION('',(-5.773502691896E-1,5.773502691896E-1,-5.773502691896E-1));
#2674=VECTOR('',#2673,5.196152422707E-1);
#2675=CARTESIAN_POINT('',(4.58E0,-3.E-1,-5.E-1));
#2676=LINE('3967',#2675,#2674);
#2677=DIRECTION('',(5.773502691896E-1,-5.773502691896E-1,-5.773502691896E-1));
#2678=VECTOR('',#2677,5.196152422707E-1);
#2679=CARTESIAN_POINT('',(4.28E0,0.E0,8.E-1));
#2680=LINE('3970',#2679,#2678);
#2681=DIRECTION('',(5.773502691896E-1,5.773502691896E-1,5.773502691896E-1));
#2682=VECTOR('',#2681,5.196152422707E-1);
#2683=CARTESIAN_POINT('',(5.58E0,-3.E-1,5.E-1));
#2684=LINE('3969',#2683,#2682);
#2685=DIRECTION('',(1.E0,0.E0,0.E0));
#2686=VECTOR('',#2685,1.E0);
#2687=CARTESIAN_POINT('',(4.58E0,-4.5E-1,5.E-1));
#2688=LINE('4145',#2687,#2686);
#2689=DIRECTION('',(0.E0,-1.E0,0.E0));
#2690=VECTOR('',#2689,1.5E-1);
#2691=CARTESIAN_POINT('',(5.58E0,-3.E-1,5.E-1));
#2692=LINE('4150',#2691,#2690);
#2693=DIRECTION('',(-1.E0,0.E0,0.E0));
#2694=VECTOR('',#2693,1.E0);
#2695=CARTESIAN_POINT('',(5.58E0,-3.E-1,5.E-1));
#2696=LINE('3960',#2695,#2694);
#2697=DIRECTION('',(0.E0,1.E0,0.E0));
#2698=VECTOR('',#2697,1.5E-1);
#2699=CARTESIAN_POINT('',(4.58E0,-4.5E-1,5.E-1));
#2700=LINE('4149',#2699,#2698);
#2701=DIRECTION('',(0.E0,0.E0,-1.E0));
#2702=VECTOR('',#2701,1.E0);
#2703=CARTESIAN_POINT('',(4.58E0,-4.5E-1,5.E-1));
#2704=LINE('4147',#2703,#2702);
#2705=DIRECTION('',(1.E0,0.E0,0.E0));
#2706=VECTOR('',#2705,1.E0);
#2707=CARTESIAN_POINT('',(4.58E0,-4.5E-1,-5.E-1));
#2708=LINE('4146',#2707,#2706);
#2709=DIRECTION('',(0.E0,1.E0,0.E0));
#2710=VECTOR('',#2709,1.5E-1);
#2711=CARTESIAN_POINT('',(4.58E0,-4.5E-1,-5.E-1));
#2712=LINE('4151',#2711,#2710);
#2713=DIRECTION('',(1.E0,0.E0,0.E0));
#2714=VECTOR('',#2713,1.E0);
#2715=CARTESIAN_POINT('',(4.58E0,-3.E-1,-5.E-1));
#2716=LINE('3959',#2715,#2714);
#2717=DIRECTION('',(0.E0,-1.E0,0.E0));
#2718=VECTOR('',#2717,1.5E-1);
#2719=CARTESIAN_POINT('',(5.58E0,-3.E-1,-5.E-1));
#2720=LINE('4152',#2719,#2718);
#2721=DIRECTION('',(0.E0,0.E0,-1.E0));
#2722=VECTOR('',#2721,1.E0);
#2723=CARTESIAN_POINT('',(5.58E0,-4.5E-1,5.E-1));
#2724=LINE('4148',#2723,#2722);
#2725=DIRECTION('',(0.E0,0.E0,-1.E0));
#2726=VECTOR('',#2725,1.E0);
#2727=CARTESIAN_POINT('',(5.58E0,-3.E-1,5.E-1));
#2728=LINE('3962',#2727,#2726);
#2729=DIRECTION('',(0.E0,0.E0,-1.E0));
#2730=VECTOR('',#2729,1.E0);
#2731=CARTESIAN_POINT('',(7.12E0,-3.E-1,5.E-1));
#2732=LINE('3974',#2731,#2730);
#2733=DIRECTION('',(-5.773502691896E-1,-5.773502691896E-1,5.773502691896E-1));
#2734=VECTOR('',#2733,5.196152422707E-1);
#2735=CARTESIAN_POINT('',(8.42E0,0.E0,-8.E-1));
#2736=LINE('3981',#2735,#2734);
#2737=DIRECTION('',(-5.773502691896E-1,5.773502691896E-1,-5.773502691896E-1));
#2738=VECTOR('',#2737,5.196152422707E-1);
#2739=CARTESIAN_POINT('',(7.12E0,-3.E-1,-5.E-1));
#2740=LINE('3980',#2739,#2738);
#2741=DIRECTION('',(5.773502691896E-1,-5.773502691896E-1,-5.773502691896E-1));
#2742=VECTOR('',#2741,5.196152422707E-1);
#2743=CARTESIAN_POINT('',(6.82E0,0.E0,8.E-1));
#2744=LINE('3983',#2743,#2742);
#2745=DIRECTION('',(5.773502691896E-1,5.773502691896E-1,5.773502691896E-1));
#2746=VECTOR('',#2745,5.196152422707E-1);
#2747=CARTESIAN_POINT('',(8.12E0,-3.E-1,5.E-1));
#2748=LINE('3982',#2747,#2746);
#2749=DIRECTION('',(1.E0,0.E0,0.E0));
#2750=VECTOR('',#2749,1.E0);
#2751=CARTESIAN_POINT('',(7.12E0,-4.5E-1,5.E-1));
#2752=LINE('4167',#2751,#2750);
#2753=DIRECTION('',(0.E0,-1.E0,0.E0));
#2754=VECTOR('',#2753,1.5E-1);
#2755=CARTESIAN_POINT('',(8.12E0,-3.E-1,5.E-1));
#2756=LINE('4172',#2755,#2754);
#2757=DIRECTION('',(-1.E0,0.E0,0.E0));
#2758=VECTOR('',#2757,1.E0);
#2759=CARTESIAN_POINT('',(8.12E0,-3.E-1,5.E-1));
#2760=LINE('3973',#2759,#2758);
#2761=DIRECTION('',(0.E0,1.E0,0.E0));
#2762=VECTOR('',#2761,1.5E-1);
#2763=CARTESIAN_POINT('',(7.12E0,-4.5E-1,5.E-1));
#2764=LINE('4171',#2763,#2762);
#2765=DIRECTION('',(0.E0,0.E0,-1.E0));
#2766=VECTOR('',#2765,1.E0);
#2767=CARTESIAN_POINT('',(7.12E0,-4.5E-1,5.E-1));
#2768=LINE('4169',#2767,#2766);
#2769=DIRECTION('',(1.E0,0.E0,0.E0));
#2770=VECTOR('',#2769,1.E0);
#2771=CARTESIAN_POINT('',(7.12E0,-4.5E-1,-5.E-1));
#2772=LINE('4168',#2771,#2770);
#2773=DIRECTION('',(0.E0,1.E0,0.E0));
#2774=VECTOR('',#2773,1.5E-1);
#2775=CARTESIAN_POINT('',(7.12E0,-4.5E-1,-5.E-1));
#2776=LINE('4173',#2775,#2774);
#2777=DIRECTION('',(1.E0,0.E0,0.E0));
#2778=VECTOR('',#2777,1.E0);
#2779=CARTESIAN_POINT('',(7.12E0,-3.E-1,-5.E-1));
#2780=LINE('3972',#2779,#2778);
#2781=DIRECTION('',(0.E0,-1.E0,0.E0));
#2782=VECTOR('',#2781,1.5E-1);
#2783=CARTESIAN_POINT('',(8.12E0,-3.E-1,-5.E-1));
#2784=LINE('4174',#2783,#2782);
#2785=DIRECTION('',(0.E0,0.E0,-1.E0));
#2786=VECTOR('',#2785,1.E0);
#2787=CARTESIAN_POINT('',(8.12E0,-4.5E-1,5.E-1));
#2788=LINE('4170',#2787,#2786);
#2789=DIRECTION('',(0.E0,0.E0,-1.E0));
#2790=VECTOR('',#2789,1.E0);
#2791=CARTESIAN_POINT('',(8.12E0,-3.E-1,5.E-1));
#2792=LINE('3975',#2791,#2790);
#2793=DIRECTION('',(0.E0,0.E0,1.E0));
#2794=VECTOR('',#2793,1.E0);
#2795=CARTESIAN_POINT('',(-8.12E0,-3.E-1,-5.E-1));
#2796=LINE('3932',#2795,#2794);
#2797=DIRECTION('',(-5.773502691896E-1,5.773502691896E-1,5.773502691896E-1));
#2798=VECTOR('',#2797,5.196152422707E-1);
#2799=CARTESIAN_POINT('',(-8.12E0,-3.E-1,5.E-1));
#2800=LINE('3934',#2799,#2798);
#2801=DIRECTION('',(-5.773502691896E-1,-5.773502691896E-1,-5.773502691896E-1));
#2802=VECTOR('',#2801,5.196152422707E-1);
#2803=CARTESIAN_POINT('',(-6.82E0,0.E0,8.E-1));
#2804=LINE('3935',#2803,#2802);
#2805=DIRECTION('',(1.E0,0.E0,0.E0));
#2806=VECTOR('',#2805,1.E0);
#2807=CARTESIAN_POINT('',(-8.12E0,-4.5E-1,5.E-1));
#2808=LINE('4083',#2807,#2806);
#2809=DIRECTION('',(0.E0,-1.E0,0.E0));
#2810=VECTOR('',#2809,1.5E-1);
#2811=CARTESIAN_POINT('',(-7.12E0,-3.E-1,5.E-1));
#2812=LINE('4105',#2811,#2810);
#2813=DIRECTION('',(1.E0,0.E0,0.E0));
#2814=VECTOR('',#2813,1.E0);
#2815=CARTESIAN_POINT('',(-8.12E0,-3.E-1,5.E-1));
#2816=LINE('3930',#2815,#2814);
#2817=DIRECTION('',(0.E0,1.E0,0.E0));
#2818=VECTOR('',#2817,1.5E-1);
#2819=CARTESIAN_POINT('',(-8.12E0,-4.5E-1,5.E-1));
#2820=LINE('4104',#2819,#2818);
#2821=DIRECTION('',(1.E0,0.E0,0.E0));
#2822=VECTOR('',#2821,1.E0);
#2823=CARTESIAN_POINT('',(-8.12E0,-4.5E-1,-5.E-1));
#2824=LINE('4082',#2823,#2822);
#2825=DIRECTION('',(0.E0,1.E0,0.E0));
#2826=VECTOR('',#2825,1.5E-1);
#2827=CARTESIAN_POINT('',(-8.12E0,-4.5E-1,-5.E-1));
#2828=LINE('4102',#2827,#2826);
#2829=DIRECTION('',(-1.E0,0.E0,0.E0));
#2830=VECTOR('',#2829,1.E0);
#2831=CARTESIAN_POINT('',(-7.12E0,-3.E-1,-5.E-1));
#2832=LINE('3931',#2831,#2830);
#2833=DIRECTION('',(0.E0,-1.E0,0.E0));
#2834=VECTOR('',#2833,1.5E-1);
#2835=CARTESIAN_POINT('',(-7.12E0,-3.E-1,-5.E-1));
#2836=LINE('4103',#2835,#2834);
#2837=DIRECTION('',(0.E0,0.E0,1.E0));
#2838=VECTOR('',#2837,1.E0);
#2839=CARTESIAN_POINT('',(-8.12E0,-4.5E-1,-5.E-1));
#2840=LINE('4084',#2839,#2838);
#2841=DIRECTION('',(5.773502691896E-1,5.773502691896E-1,-5.773502691896E-1));
#2842=VECTOR('',#2841,5.196152422707E-1);
#2843=CARTESIAN_POINT('',(-7.12E0,-3.E-1,-5.E-1));
#2844=LINE('3936',#2843,#2842);
#2845=DIRECTION('',(5.773502691896E-1,-5.773502691896E-1,5.773502691896E-1));
#2846=VECTOR('',#2845,5.196152422707E-1);
#2847=CARTESIAN_POINT('',(-8.42E0,0.E0,-8.E-1));
#2848=LINE('3937',#2847,#2846);
#2849=DIRECTION('',(0.E0,0.E0,1.E0));
#2850=VECTOR('',#2849,1.E0);
#2851=CARTESIAN_POINT('',(-7.12E0,-4.5E-1,-5.E-1));
#2852=LINE('4085',#2851,#2850);
#2853=DIRECTION('',(0.E0,0.E0,1.E0));
#2854=VECTOR('',#2853,1.E0);
#2855=CARTESIAN_POINT('',(-7.12E0,-3.E-1,-5.E-1));
#2856=LINE('3933',#2855,#2854);
#2857=CARTESIAN_POINT('',(-8.85E0,0.E0,1.27E0));
#2858=CARTESIAN_POINT('',(-8.85E0,0.E0,-1.27E0));
#2859=VERTEX_POINT('',#2857);
#2860=VERTEX_POINT('',#2858);
#2861=CARTESIAN_POINT('',(8.85E0,0.E0,-1.27E0));
#2862=VERTEX_POINT('',#2861);
#2863=CARTESIAN_POINT('',(8.85E0,0.E0,1.27E0));
#2864=VERTEX_POINT('',#2863);
#2865=CARTESIAN_POINT('',(-5.58E0,-3.E-1,-5.E-1));
#2866=CARTESIAN_POINT('',(-4.58E0,-3.E-1,-5.E-1));
#2867=VERTEX_POINT('',#2865);
#2868=VERTEX_POINT('',#2866);
#2869=CARTESIAN_POINT('',(-4.58E0,-3.E-1,5.E-1));
#2870=CARTESIAN_POINT('',(-5.58E0,-3.E-1,5.E-1));
#2871=VERTEX_POINT('',#2869);
#2872=VERTEX_POINT('',#2870);
#2873=CARTESIAN_POINT('',(-5.88E0,0.E0,8.E-1));
#2874=CARTESIAN_POINT('',(-5.88E0,0.E0,-8.E-1));
#2875=VERTEX_POINT('',#2873);
#2876=VERTEX_POINT('',#2874);
#2877=CARTESIAN_POINT('',(-4.28E0,0.E0,-8.E-1));
#2878=CARTESIAN_POINT('',(-4.28E0,0.E0,8.E-1));
#2879=VERTEX_POINT('',#2877);
#2880=VERTEX_POINT('',#2878);
#2881=CARTESIAN_POINT('',(-3.04E0,-3.E-1,-5.E-1));
#2882=CARTESIAN_POINT('',(-2.04E0,-3.E-1,-5.E-1));
#2883=VERTEX_POINT('',#2881);
#2884=VERTEX_POINT('',#2882);
#2885=CARTESIAN_POINT('',(-2.04E0,-3.E-1,5.E-1));
#2886=CARTESIAN_POINT('',(-3.04E0,-3.E-1,5.E-1));
#2887=VERTEX_POINT('',#2885);
#2888=VERTEX_POINT('',#2886);
#2889=CARTESIAN_POINT('',(-3.34E0,0.E0,8.E-1));
#2890=CARTESIAN_POINT('',(-3.34E0,0.E0,-8.E-1));
#2891=VERTEX_POINT('',#2889);
#2892=VERTEX_POINT('',#2890);
#2893=CARTESIAN_POINT('',(-1.74E0,0.E0,-8.E-1));
#2894=CARTESIAN_POINT('',(-1.74E0,0.E0,8.E-1));
#2895=VERTEX_POINT('',#2893);
#2896=VERTEX_POINT('',#2894);
#2897=CARTESIAN_POINT('',(-5.E-1,-3.E-1,-5.E-1));
#2898=CARTESIAN_POINT('',(5.E-1,-3.E-1,-5.E-1));
#2899=VERTEX_POINT('',#2897);
#2900=VERTEX_POINT('',#2898);
#2901=CARTESIAN_POINT('',(5.E-1,-3.E-1,5.E-1));
#2902=CARTESIAN_POINT('',(-5.E-1,-3.E-1,5.E-1));
#2903=VERTEX_POINT('',#2901);
#2904=VERTEX_POINT('',#2902);
#2905=CARTESIAN_POINT('',(-8.E-1,0.E0,8.E-1));
#2906=CARTESIAN_POINT('',(-8.E-1,0.E0,-8.E-1));
#2907=VERTEX_POINT('',#2905);
#2908=VERTEX_POINT('',#2906);
#2909=CARTESIAN_POINT('',(8.E-1,0.E0,-8.E-1));
#2910=CARTESIAN_POINT('',(8.E-1,0.E0,8.E-1));
#2911=VERTEX_POINT('',#2909);
#2912=VERTEX_POINT('',#2910);
#2913=CARTESIAN_POINT('',(2.04E0,-3.E-1,-5.E-1));
#2914=CARTESIAN_POINT('',(3.04E0,-3.E-1,-5.E-1));
#2915=VERTEX_POINT('',#2913);
#2916=VERTEX_POINT('',#2914);
#2917=CARTESIAN_POINT('',(3.04E0,-3.E-1,5.E-1));
#2918=CARTESIAN_POINT('',(2.04E0,-3.E-1,5.E-1));
#2919=VERTEX_POINT('',#2917);
#2920=VERTEX_POINT('',#2918);
#2921=CARTESIAN_POINT('',(1.74E0,0.E0,8.E-1));
#2922=CARTESIAN_POINT('',(1.74E0,0.E0,-8.E-1));
#2923=VERTEX_POINT('',#2921);
#2924=VERTEX_POINT('',#2922);
#2925=CARTESIAN_POINT('',(3.34E0,0.E0,-8.E-1));
#2926=CARTESIAN_POINT('',(3.34E0,0.E0,8.E-1));
#2927=VERTEX_POINT('',#2925);
#2928=VERTEX_POINT('',#2926);
#2929=CARTESIAN_POINT('',(-8.12E0,-3.E-1,5.E-1));
#2930=CARTESIAN_POINT('',(-7.12E0,-3.E-1,5.E-1));
#2931=VERTEX_POINT('',#2929);
#2932=VERTEX_POINT('',#2930);
#2933=CARTESIAN_POINT('',(-7.12E0,-3.E-1,-5.E-1));
#2934=CARTESIAN_POINT('',(-8.12E0,-3.E-1,-5.E-1));
#2935=VERTEX_POINT('',#2933);
#2936=VERTEX_POINT('',#2934);
#2937=CARTESIAN_POINT('',(-8.42E0,0.E0,8.E-1));
#2938=VERTEX_POINT('',#2937);
#2939=CARTESIAN_POINT('',(-6.82E0,0.E0,8.E-1));
#2940=VERTEX_POINT('',#2939);
#2941=CARTESIAN_POINT('',(-6.82E0,0.E0,-8.E-1));
#2942=VERTEX_POINT('',#2941);
#2943=CARTESIAN_POINT('',(-8.42E0,0.E0,-8.E-1));
#2944=VERTEX_POINT('',#2943);
#2945=CARTESIAN_POINT('',(-8.62E0,-6.7E0,-1.27E0));
#2946=CARTESIAN_POINT('',(-6.62E0,-6.7E0,-1.27E0));
#2947=VERTEX_POINT('',#2945);
#2948=VERTEX_POINT('',#2946);
#2949=CARTESIAN_POINT('',(-6.62E0,-6.7E0,1.27E0));
#2950=CARTESIAN_POINT('',(-8.62E0,-6.7E0,1.27E0));
#2951=VERTEX_POINT('',#2949);
#2952=VERTEX_POINT('',#2950);
#2953=CARTESIAN_POINT('',(-6.08E0,-6.7E0,-1.27E0));
#2954=CARTESIAN_POINT('',(-4.08E0,-6.7E0,-1.27E0));
#2955=VERTEX_POINT('',#2953);
#2956=VERTEX_POINT('',#2954);
#2957=CARTESIAN_POINT('',(-4.08E0,-6.7E0,1.27E0));
#2958=CARTESIAN_POINT('',(-6.08E0,-6.7E0,1.27E0));
#2959=VERTEX_POINT('',#2957);
#2960=VERTEX_POINT('',#2958);
#2961=CARTESIAN_POINT('',(-6.08E0,-7.E0,1.27E0));
#2962=CARTESIAN_POINT('',(-6.62E0,-7.E0,1.27E0));
#2963=VERTEX_POINT('',#2961);
#2964=VERTEX_POINT('',#2962);
#2965=CARTESIAN_POINT('',(-6.62E0,-7.E0,-1.27E0));
#2966=CARTESIAN_POINT('',(-6.08E0,-7.E0,-1.27E0));
#2967=VERTEX_POINT('',#2965);
#2968=VERTEX_POINT('',#2966);
#2969=CARTESIAN_POINT('',(-3.54E0,-6.7E0,-1.27E0));
#2970=CARTESIAN_POINT('',(-1.54E0,-6.7E0,-1.27E0));
#2971=VERTEX_POINT('',#2969);
#2972=VERTEX_POINT('',#2970);
#2973=CARTESIAN_POINT('',(-1.54E0,-6.7E0,1.27E0));
#2974=CARTESIAN_POINT('',(-3.54E0,-6.7E0,1.27E0));
#2975=VERTEX_POINT('',#2973);
#2976=VERTEX_POINT('',#2974);
#2977=CARTESIAN_POINT('',(-3.54E0,-7.E0,1.27E0));
#2978=CARTESIAN_POINT('',(-4.08E0,-7.E0,1.27E0));
#2979=VERTEX_POINT('',#2977);
#2980=VERTEX_POINT('',#2978);
#2981=CARTESIAN_POINT('',(-4.08E0,-7.E0,-1.27E0));
#2982=CARTESIAN_POINT('',(-3.54E0,-7.E0,-1.27E0));
#2983=VERTEX_POINT('',#2981);
#2984=VERTEX_POINT('',#2982);
#2985=CARTESIAN_POINT('',(-1.E0,-6.7E0,-1.27E0));
#2986=CARTESIAN_POINT('',(1.E0,-6.7E0,-1.27E0));
#2987=VERTEX_POINT('',#2985);
#2988=VERTEX_POINT('',#2986);
#2989=CARTESIAN_POINT('',(1.E0,-6.7E0,1.27E0));
#2990=CARTESIAN_POINT('',(-1.E0,-6.7E0,1.27E0));
#2991=VERTEX_POINT('',#2989);
#2992=VERTEX_POINT('',#2990);
#2993=CARTESIAN_POINT('',(-1.E0,-7.E0,1.27E0));
#2994=CARTESIAN_POINT('',(-1.54E0,-7.E0,1.27E0));
#2995=VERTEX_POINT('',#2993);
#2996=VERTEX_POINT('',#2994);
#2997=CARTESIAN_POINT('',(-1.54E0,-7.E0,-1.27E0));
#2998=CARTESIAN_POINT('',(-1.E0,-7.E0,-1.27E0));
#2999=VERTEX_POINT('',#2997);
#3000=VERTEX_POINT('',#2998);
#3001=CARTESIAN_POINT('',(1.54E0,-6.7E0,-1.27E0));
#3002=CARTESIAN_POINT('',(3.54E0,-6.7E0,-1.27E0));
#3003=VERTEX_POINT('',#3001);
#3004=VERTEX_POINT('',#3002);
#3005=CARTESIAN_POINT('',(1.54E0,-7.E0,1.27E0));
#3006=CARTESIAN_POINT('',(1.E0,-7.E0,1.27E0));
#3007=VERTEX_POINT('',#3005);
#3008=VERTEX_POINT('',#3006);
#3009=CARTESIAN_POINT('',(1.E0,-7.E0,-1.27E0));
#3010=CARTESIAN_POINT('',(1.54E0,-7.E0,-1.27E0));
#3011=VERTEX_POINT('',#3009);
#3012=VERTEX_POINT('',#3010);
#3013=CARTESIAN_POINT('',(-8.85E0,-7.E0,1.27E0));
#3014=CARTESIAN_POINT('',(-8.85E0,-7.E0,-1.27E0));
#3015=VERTEX_POINT('',#3013);
#3016=VERTEX_POINT('',#3014);
#3017=CARTESIAN_POINT('',(-8.62E0,-7.E0,1.27E0));
#3018=VERTEX_POINT('',#3017);
#3019=CARTESIAN_POINT('',(-8.62E0,-7.E0,-1.27E0));
#3020=VERTEX_POINT('',#3019);
#3021=CARTESIAN_POINT('',(4.58E0,-3.E-1,-5.E-1));
#3022=CARTESIAN_POINT('',(5.58E0,-3.E-1,-5.E-1));
#3023=VERTEX_POINT('',#3021);
#3024=VERTEX_POINT('',#3022);
#3025=CARTESIAN_POINT('',(5.58E0,-3.E-1,5.E-1));
#3026=CARTESIAN_POINT('',(4.58E0,-3.E-1,5.E-1));
#3027=VERTEX_POINT('',#3025);
#3028=VERTEX_POINT('',#3026);
#3029=CARTESIAN_POINT('',(4.28E0,0.E0,8.E-1));
#3030=CARTESIAN_POINT('',(4.28E0,0.E0,-8.E-1));
#3031=VERTEX_POINT('',#3029);
#3032=VERTEX_POINT('',#3030);
#3033=CARTESIAN_POINT('',(5.88E0,0.E0,-8.E-1));
#3034=CARTESIAN_POINT('',(5.88E0,0.E0,8.E-1));
#3035=VERTEX_POINT('',#3033);
#3036=VERTEX_POINT('',#3034);
#3037=CARTESIAN_POINT('',(3.54E0,-6.7E0,1.27E0));
#3038=CARTESIAN_POINT('',(1.54E0,-6.7E0,1.27E0));
#3039=VERTEX_POINT('',#3037);
#3040=VERTEX_POINT('',#3038);
#3041=CARTESIAN_POINT('',(7.12E0,-3.E-1,-5.E-1));
#3042=CARTESIAN_POINT('',(8.12E0,-3.E-1,-5.E-1));
#3043=VERTEX_POINT('',#3041);
#3044=VERTEX_POINT('',#3042);
#3045=CARTESIAN_POINT('',(8.12E0,-3.E-1,5.E-1));
#3046=CARTESIAN_POINT('',(7.12E0,-3.E-1,5.E-1));
#3047=VERTEX_POINT('',#3045);
#3048=VERTEX_POINT('',#3046);
#3049=CARTESIAN_POINT('',(6.82E0,0.E0,8.E-1));
#3050=CARTESIAN_POINT('',(6.82E0,0.E0,-8.E-1));
#3051=VERTEX_POINT('',#3049);
#3052=VERTEX_POINT('',#3050);
#3053=CARTESIAN_POINT('',(8.42E0,0.E0,-8.E-1));
#3054=CARTESIAN_POINT('',(8.42E0,0.E0,8.E-1));
#3055=VERTEX_POINT('',#3053);
#3056=VERTEX_POINT('',#3054);
#3057=CARTESIAN_POINT('',(3.54E0,-7.E0,1.27E0));
#3058=VERTEX_POINT('',#3057);
#3059=CARTESIAN_POINT('',(3.54E0,-7.E0,-1.27E0));
#3060=VERTEX_POINT('',#3059);
#3061=CARTESIAN_POINT('',(-6.62E0,-7.E0,9.762465990578E-1));
#3062=VERTEX_POINT('',#3061);
#3063=CARTESIAN_POINT('',(-6.62E0,-7.E0,-9.762465990578E-1));
#3064=VERTEX_POINT('',#3063);
#3065=CARTESIAN_POINT('',(-6.08E0,-7.E0,9.762465990578E-1));
#3066=VERTEX_POINT('',#3065);
#3067=CARTESIAN_POINT('',(-6.08E0,-7.E0,-9.762465990578E-1));
#3068=VERTEX_POINT('',#3067);
#3069=CARTESIAN_POINT('',(-4.08E0,-7.E0,9.762465990578E-1));
#3070=VERTEX_POINT('',#3069);
#3071=CARTESIAN_POINT('',(-4.08E0,-7.E0,-9.762465990578E-1));
#3072=VERTEX_POINT('',#3071);
#3073=CARTESIAN_POINT('',(-3.54E0,-7.E0,9.762465990578E-1));
#3074=VERTEX_POINT('',#3073);
#3075=CARTESIAN_POINT('',(-3.54E0,-7.E0,-9.762465990578E-1));
#3076=VERTEX_POINT('',#3075);
#3077=CARTESIAN_POINT('',(4.08E0,-6.7E0,-1.27E0));
#3078=CARTESIAN_POINT('',(6.08E0,-6.7E0,-1.27E0));
#3079=VERTEX_POINT('',#3077);
#3080=VERTEX_POINT('',#3078);
#3081=CARTESIAN_POINT('',(4.08E0,-6.7E0,1.27E0));
#3082=CARTESIAN_POINT('',(4.08E0,-7.E0,1.27E0));
#3083=VERTEX_POINT('',#3081);
#3084=VERTEX_POINT('',#3082);
#3085=CARTESIAN_POINT('',(6.08E0,-7.E0,1.27E0));
#3086=CARTESIAN_POINT('',(6.08E0,-6.7E0,1.27E0));
#3087=VERTEX_POINT('',#3085);
#3088=VERTEX_POINT('',#3086);
#3089=CARTESIAN_POINT('',(4.08E0,-7.E0,-1.27E0));
#3090=VERTEX_POINT('',#3089);
#3091=CARTESIAN_POINT('',(6.08E0,-7.E0,-1.27E0));
#3092=VERTEX_POINT('',#3091);
#3093=CARTESIAN_POINT('',(-1.54E0,-7.E0,9.762465990578E-1));
#3094=VERTEX_POINT('',#3093);
#3095=CARTESIAN_POINT('',(-1.54E0,-7.E0,-9.762465990578E-1));
#3096=VERTEX_POINT('',#3095);
#3097=CARTESIAN_POINT('',(8.62E0,-7.E0,1.27E0));
#3098=CARTESIAN_POINT('',(8.62E0,-7.E0,-1.27E0));
#3099=VERTEX_POINT('',#3097);
#3100=VERTEX_POINT('',#3098);
#3101=CARTESIAN_POINT('',(8.62E0,-6.7E0,1.27E0));
#3102=CARTESIAN_POINT('',(6.62E0,-6.7E0,1.27E0));
#3103=VERTEX_POINT('',#3101);
#3104=VERTEX_POINT('',#3102);
#3105=CARTESIAN_POINT('',(6.62E0,-6.7E0,-1.27E0));
#3106=CARTESIAN_POINT('',(8.62E0,-6.7E0,-1.27E0));
#3107=VERTEX_POINT('',#3105);
#3108=VERTEX_POINT('',#3106);
#3109=CARTESIAN_POINT('',(6.62E0,-7.E0,1.27E0));
#3110=VERTEX_POINT('',#3109);
#3111=CARTESIAN_POINT('',(6.62E0,-7.E0,-1.27E0));
#3112=VERTEX_POINT('',#3111);
#3113=CARTESIAN_POINT('',(8.85E0,-7.E0,1.27E0));
#3114=CARTESIAN_POINT('',(8.85E0,-7.E0,-1.27E0));
#3115=VERTEX_POINT('',#3113);
#3116=VERTEX_POINT('',#3114);
#3117=CARTESIAN_POINT('',(-1.E0,-7.E0,9.762465990578E-1));
#3118=VERTEX_POINT('',#3117);
#3119=CARTESIAN_POINT('',(-1.E0,-7.E0,-9.762465990578E-1));
#3120=VERTEX_POINT('',#3119);
#3121=CARTESIAN_POINT('',(1.54E0,-7.E0,-9.762465990578E-1));
#3122=CARTESIAN_POINT('',(1.E0,-7.E0,-9.762465990578E-1));
#3123=VERTEX_POINT('',#3121);
#3124=VERTEX_POINT('',#3122);
#3125=CARTESIAN_POINT('',(1.54E0,-7.E0,9.762465990578E-1));
#3126=CARTESIAN_POINT('',(1.E0,-7.E0,9.762465990578E-1));
#3127=VERTEX_POINT('',#3125);
#3128=VERTEX_POINT('',#3126);
#3129=CARTESIAN_POINT('',(4.08E0,-7.E0,-9.762465990578E-1));
#3130=CARTESIAN_POINT('',(3.54E0,-7.E0,-9.762465990578E-1));
#3131=VERTEX_POINT('',#3129);
#3132=VERTEX_POINT('',#3130);
#3133=CARTESIAN_POINT('',(4.08E0,-7.E0,9.762465990578E-1));
#3134=CARTESIAN_POINT('',(3.54E0,-7.E0,9.762465990578E-1));
#3135=VERTEX_POINT('',#3133);
#3136=VERTEX_POINT('',#3134);
#3137=CARTESIAN_POINT('',(6.62E0,-7.E0,-9.762465990578E-1));
#3138=CARTESIAN_POINT('',(6.08E0,-7.E0,-9.762465990578E-1));
#3139=VERTEX_POINT('',#3137);
#3140=VERTEX_POINT('',#3138);
#3141=CARTESIAN_POINT('',(6.62E0,-7.E0,9.762465990578E-1));
#3142=CARTESIAN_POINT('',(6.08E0,-7.E0,9.762465990578E-1));
#3143=VERTEX_POINT('',#3141);
#3144=VERTEX_POINT('',#3142);
#3145=CARTESIAN_POINT('',(-5.58E0,-4.5E-1,5.E-1));
#3146=CARTESIAN_POINT('',(-4.58E0,-4.5E-1,5.E-1));
#3147=VERTEX_POINT('',#3145);
#3148=VERTEX_POINT('',#3146);
#3149=CARTESIAN_POINT('',(-5.58E0,-4.5E-1,-5.E-1));
#3150=CARTESIAN_POINT('',(-4.58E0,-4.5E-1,-5.E-1));
#3151=VERTEX_POINT('',#3149);
#3152=VERTEX_POINT('',#3150);
#3153=CARTESIAN_POINT('',(-3.04E0,-4.5E-1,5.E-1));
#3154=CARTESIAN_POINT('',(-2.04E0,-4.5E-1,5.E-1));
#3155=VERTEX_POINT('',#3153);
#3156=VERTEX_POINT('',#3154);
#3157=CARTESIAN_POINT('',(-3.04E0,-4.5E-1,-5.E-1));
#3158=CARTESIAN_POINT('',(-2.04E0,-4.5E-1,-5.E-1));
#3159=VERTEX_POINT('',#3157);
#3160=VERTEX_POINT('',#3158);
#3161=CARTESIAN_POINT('',(-5.E-1,-4.5E-1,5.E-1));
#3162=CARTESIAN_POINT('',(5.E-1,-4.5E-1,5.E-1));
#3163=VERTEX_POINT('',#3161);
#3164=VERTEX_POINT('',#3162);
#3165=CARTESIAN_POINT('',(-5.E-1,-4.5E-1,-5.E-1));
#3166=CARTESIAN_POINT('',(5.E-1,-4.5E-1,-5.E-1));
#3167=VERTEX_POINT('',#3165);
#3168=VERTEX_POINT('',#3166);
#3169=CARTESIAN_POINT('',(2.04E0,-4.5E-1,5.E-1));
#3170=CARTESIAN_POINT('',(3.04E0,-4.5E-1,5.E-1));
#3171=VERTEX_POINT('',#3169);
#3172=VERTEX_POINT('',#3170);
#3173=CARTESIAN_POINT('',(2.04E0,-4.5E-1,-5.E-1));
#3174=CARTESIAN_POINT('',(3.04E0,-4.5E-1,-5.E-1));
#3175=VERTEX_POINT('',#3173);
#3176=VERTEX_POINT('',#3174);
#3177=CARTESIAN_POINT('',(-8.12E0,-4.5E-1,-5.E-1));
#3178=CARTESIAN_POINT('',(-7.12E0,-4.5E-1,-5.E-1));
#3179=VERTEX_POINT('',#3177);
#3180=VERTEX_POINT('',#3178);
#3181=CARTESIAN_POINT('',(-8.12E0,-4.5E-1,5.E-1));
#3182=CARTESIAN_POINT('',(-7.12E0,-4.5E-1,5.E-1));
#3183=VERTEX_POINT('',#3181);
#3184=VERTEX_POINT('',#3182);
#3185=CARTESIAN_POINT('',(-6.62E0,-6.7E0,-9.5E-1));
#3186=VERTEX_POINT('',#3185);
#3187=CARTESIAN_POINT('',(-6.62E0,-6.7E0,9.5E-1));
#3188=VERTEX_POINT('',#3187);
#3189=CARTESIAN_POINT('',(-6.08E0,-6.7E0,-9.5E-1));
#3190=VERTEX_POINT('',#3189);
#3191=CARTESIAN_POINT('',(-6.08E0,-6.7E0,9.5E-1));
#3192=VERTEX_POINT('',#3191);
#3193=CARTESIAN_POINT('',(-4.08E0,-6.7E0,-9.5E-1));
#3194=VERTEX_POINT('',#3193);
#3195=CARTESIAN_POINT('',(-4.08E0,-6.7E0,9.5E-1));
#3196=VERTEX_POINT('',#3195);
#3197=CARTESIAN_POINT('',(-3.54E0,-6.7E0,-9.5E-1));
#3198=VERTEX_POINT('',#3197);
#3199=CARTESIAN_POINT('',(-3.54E0,-6.7E0,9.5E-1));
#3200=VERTEX_POINT('',#3199);
#3201=CARTESIAN_POINT('',(-1.E0,-6.7E0,-9.5E-1));
#3202=CARTESIAN_POINT('',(-1.54E0,-6.7E0,-9.5E-1));
#3203=VERTEX_POINT('',#3201);
#3204=VERTEX_POINT('',#3202);
#3205=CARTESIAN_POINT('',(-1.E0,-6.7E0,9.5E-1));
#3206=CARTESIAN_POINT('',(-1.54E0,-6.7E0,9.5E-1));
#3207=VERTEX_POINT('',#3205);
#3208=VERTEX_POINT('',#3206);
#3209=CARTESIAN_POINT('',(1.E0,-6.7E0,-9.5E-1));
#3210=VERTEX_POINT('',#3209);
#3211=CARTESIAN_POINT('',(1.E0,-6.7E0,9.5E-1));
#3212=VERTEX_POINT('',#3211);
#3213=CARTESIAN_POINT('',(1.54E0,-6.7E0,-9.5E-1));
#3214=VERTEX_POINT('',#3213);
#3215=CARTESIAN_POINT('',(1.54E0,-6.7E0,9.5E-1));
#3216=VERTEX_POINT('',#3215);
#3217=CARTESIAN_POINT('',(3.54E0,-6.7E0,-9.5E-1));
#3218=CARTESIAN_POINT('',(4.08E0,-6.7E0,-9.5E-1));
#3219=VERTEX_POINT('',#3217);
#3220=VERTEX_POINT('',#3218);
#3221=CARTESIAN_POINT('',(3.54E0,-6.7E0,9.5E-1));
#3222=CARTESIAN_POINT('',(4.08E0,-6.7E0,9.5E-1));
#3223=VERTEX_POINT('',#3221);
#3224=VERTEX_POINT('',#3222);
#3225=CARTESIAN_POINT('',(4.58E0,-4.5E-1,5.E-1));
#3226=CARTESIAN_POINT('',(5.58E0,-4.5E-1,5.E-1));
#3227=VERTEX_POINT('',#3225);
#3228=VERTEX_POINT('',#3226);
#3229=CARTESIAN_POINT('',(4.58E0,-4.5E-1,-5.E-1));
#3230=CARTESIAN_POINT('',(5.58E0,-4.5E-1,-5.E-1));
#3231=VERTEX_POINT('',#3229);
#3232=VERTEX_POINT('',#3230);
#3233=CARTESIAN_POINT('',(6.08E0,-6.7E0,-9.5E-1));
#3234=CARTESIAN_POINT('',(6.62E0,-6.7E0,-9.5E-1));
#3235=VERTEX_POINT('',#3233);
#3236=VERTEX_POINT('',#3234);
#3237=CARTESIAN_POINT('',(6.08E0,-6.7E0,9.5E-1));
#3238=CARTESIAN_POINT('',(6.62E0,-6.7E0,9.5E-1));
#3239=VERTEX_POINT('',#3237);
#3240=VERTEX_POINT('',#3238);
#3241=CARTESIAN_POINT('',(7.12E0,-4.5E-1,5.E-1));
#3242=CARTESIAN_POINT('',(8.12E0,-4.5E-1,5.E-1));
#3243=VERTEX_POINT('',#3241);
#3244=VERTEX_POINT('',#3242);
#3245=CARTESIAN_POINT('',(7.12E0,-4.5E-1,-5.E-1));
#3246=CARTESIAN_POINT('',(8.12E0,-4.5E-1,-5.E-1));
#3247=VERTEX_POINT('',#3245);
#3248=VERTEX_POINT('',#3246);
#3249=CARTESIAN_POINT('',(-7.92E0,-7.E0,1.59386E0));
#3250=CARTESIAN_POINT('',(-7.92E0,-7.E0,9.9386E-1));
#3251=VERTEX_POINT('',#3249);
#3252=VERTEX_POINT('',#3250);
#3253=CARTESIAN_POINT('',(-7.92E0,-6.8E0,7.9386E-1));
#3254=VERTEX_POINT('',#3253);
#3255=CARTESIAN_POINT('',(-7.32E0,-7.E0,1.59386E0));
#3256=CARTESIAN_POINT('',(-7.32E0,-7.E0,9.9386E-1));
#3257=VERTEX_POINT('',#3255);
#3258=VERTEX_POINT('',#3256);
#3259=CARTESIAN_POINT('',(-7.32E0,-6.8E0,7.9386E-1));
#3260=VERTEX_POINT('',#3259);
#3261=CARTESIAN_POINT('',(-7.92E0,-7.2E0,1.59386E0));
#3262=CARTESIAN_POINT('',(-7.92E0,-7.2E0,9.9386E-1));
#3263=VERTEX_POINT('',#3261);
#3264=VERTEX_POINT('',#3262);
#3265=CARTESIAN_POINT('',(-7.92E0,-6.8E0,5.9386E-1));
#3266=VERTEX_POINT('',#3265);
#3267=CARTESIAN_POINT('',(-7.32E0,-7.2E0,1.59386E0));
#3268=CARTESIAN_POINT('',(-7.32E0,-7.2E0,9.9386E-1));
#3269=VERTEX_POINT('',#3267);
#3270=VERTEX_POINT('',#3268);
#3271=CARTESIAN_POINT('',(-7.32E0,-6.8E0,5.9386E-1));
#3272=VERTEX_POINT('',#3271);
#3273=CARTESIAN_POINT('',(-7.91E0,-6.8E0,-7.938686366889E-1));
#3274=CARTESIAN_POINT('',(-7.91E0,-7.E0,-9.938686366889E-1));
#3275=VERTEX_POINT('',#3273);
#3276=VERTEX_POINT('',#3274);
#3277=CARTESIAN_POINT('',(-7.91E0,-7.E0,-1.593868636689E0));
#3278=VERTEX_POINT('',#3277);
#3279=CARTESIAN_POINT('',(-7.33E0,-6.8E0,-7.938686366889E-1));
#3280=CARTESIAN_POINT('',(-7.33E0,-7.E0,-9.938686366889E-1));
#3281=VERTEX_POINT('',#3279);
#3282=VERTEX_POINT('',#3280);
#3283=CARTESIAN_POINT('',(-7.33E0,-7.E0,-1.593868636689E0));
#3284=VERTEX_POINT('',#3283);
#3285=CARTESIAN_POINT('',(-7.91E0,-6.8E0,-5.938686366889E-1));
#3286=CARTESIAN_POINT('',(-7.91E0,-7.2E0,-9.938686366889E-1));
#3287=VERTEX_POINT('',#3285);
#3288=VERTEX_POINT('',#3286);
#3289=CARTESIAN_POINT('',(-7.91E0,-7.2E0,-1.593868636689E0));
#3290=VERTEX_POINT('',#3289);
#3291=CARTESIAN_POINT('',(-7.33E0,-6.8E0,-5.938686366889E-1));
#3292=CARTESIAN_POINT('',(-7.33E0,-7.2E0,-9.938686366889E-1));
#3293=VERTEX_POINT('',#3291);
#3294=VERTEX_POINT('',#3292);
#3295=CARTESIAN_POINT('',(-7.33E0,-7.2E0,-1.593868636689E0));
#3296=VERTEX_POINT('',#3295);
#3297=CARTESIAN_POINT('',(-7.32E0,-6.7E0,7.9386E-1));
#3298=CARTESIAN_POINT('',(-7.92E0,-6.7E0,7.9386E-1));
#3299=VERTEX_POINT('',#3297);
#3300=VERTEX_POINT('',#3298);
#3301=CARTESIAN_POINT('',(-7.32E0,-6.7E0,5.9386E-1));
#3302=CARTESIAN_POINT('',(-7.92E0,-6.7E0,5.9386E-1));
#3303=VERTEX_POINT('',#3301);
#3304=VERTEX_POINT('',#3302);
#3305=CARTESIAN_POINT('',(-7.33E0,-6.7E0,-7.938686366889E-1));
#3306=CARTESIAN_POINT('',(-7.91E0,-6.7E0,-7.938686366889E-1));
#3307=VERTEX_POINT('',#3305);
#3308=VERTEX_POINT('',#3306);
#3309=CARTESIAN_POINT('',(-7.33E0,-6.7E0,-5.938686366889E-1));
#3310=CARTESIAN_POINT('',(-7.91E0,-6.7E0,-5.938686366889E-1));
#3311=VERTEX_POINT('',#3309);
#3312=VERTEX_POINT('',#3310);
#3313=CARTESIAN_POINT('',(-5.38E0,-7.E0,1.59386E0));
#3314=CARTESIAN_POINT('',(-5.38E0,-7.E0,9.9386E-1));
#3315=VERTEX_POINT('',#3313);
#3316=VERTEX_POINT('',#3314);
#3317=CARTESIAN_POINT('',(-5.38E0,-6.8E0,7.9386E-1));
#3318=VERTEX_POINT('',#3317);
#3319=CARTESIAN_POINT('',(-4.78E0,-7.E0,1.59386E0));
#3320=CARTESIAN_POINT('',(-4.78E0,-7.E0,9.9386E-1));
#3321=VERTEX_POINT('',#3319);
#3322=VERTEX_POINT('',#3320);
#3323=CARTESIAN_POINT('',(-4.78E0,-6.8E0,7.9386E-1));
#3324=VERTEX_POINT('',#3323);
#3325=CARTESIAN_POINT('',(-5.38E0,-7.2E0,1.59386E0));
#3326=CARTESIAN_POINT('',(-5.38E0,-7.2E0,9.9386E-1));
#3327=VERTEX_POINT('',#3325);
#3328=VERTEX_POINT('',#3326);
#3329=CARTESIAN_POINT('',(-5.38E0,-6.8E0,5.9386E-1));
#3330=VERTEX_POINT('',#3329);
#3331=CARTESIAN_POINT('',(-4.78E0,-7.2E0,1.59386E0));
#3332=CARTESIAN_POINT('',(-4.78E0,-7.2E0,9.9386E-1));
#3333=VERTEX_POINT('',#3331);
#3334=VERTEX_POINT('',#3332);
#3335=CARTESIAN_POINT('',(-4.78E0,-6.8E0,5.9386E-1));
#3336=VERTEX_POINT('',#3335);
#3337=CARTESIAN_POINT('',(-5.37E0,-6.8E0,-7.938686366889E-1));
#3338=CARTESIAN_POINT('',(-5.37E0,-7.E0,-9.938686366889E-1));
#3339=VERTEX_POINT('',#3337);
#3340=VERTEX_POINT('',#3338);
#3341=CARTESIAN_POINT('',(-5.37E0,-7.E0,-1.593868636689E0));
#3342=VERTEX_POINT('',#3341);
#3343=CARTESIAN_POINT('',(-4.79E0,-6.8E0,-7.938686366889E-1));
#3344=CARTESIAN_POINT('',(-4.79E0,-7.E0,-9.938686366889E-1));
#3345=VERTEX_POINT('',#3343);
#3346=VERTEX_POINT('',#3344);
#3347=CARTESIAN_POINT('',(-4.79E0,-7.E0,-1.593868636689E0));
#3348=VERTEX_POINT('',#3347);
#3349=CARTESIAN_POINT('',(-5.37E0,-6.8E0,-5.938686366889E-1));
#3350=CARTESIAN_POINT('',(-5.37E0,-7.2E0,-9.938686366889E-1));
#3351=VERTEX_POINT('',#3349);
#3352=VERTEX_POINT('',#3350);
#3353=CARTESIAN_POINT('',(-5.37E0,-7.2E0,-1.593868636689E0));
#3354=VERTEX_POINT('',#3353);
#3355=CARTESIAN_POINT('',(-4.79E0,-6.8E0,-5.938686366889E-1));
#3356=CARTESIAN_POINT('',(-4.79E0,-7.2E0,-9.938686366889E-1));
#3357=VERTEX_POINT('',#3355);
#3358=VERTEX_POINT('',#3356);
#3359=CARTESIAN_POINT('',(-4.79E0,-7.2E0,-1.593868636689E0));
#3360=VERTEX_POINT('',#3359);
#3361=CARTESIAN_POINT('',(-4.78E0,-6.7E0,7.9386E-1));
#3362=CARTESIAN_POINT('',(-5.38E0,-6.7E0,7.9386E-1));
#3363=VERTEX_POINT('',#3361);
#3364=VERTEX_POINT('',#3362);
#3365=CARTESIAN_POINT('',(-4.78E0,-6.7E0,5.9386E-1));
#3366=CARTESIAN_POINT('',(-5.38E0,-6.7E0,5.9386E-1));
#3367=VERTEX_POINT('',#3365);
#3368=VERTEX_POINT('',#3366);
#3369=CARTESIAN_POINT('',(-4.79E0,-6.7E0,-7.938686366889E-1));
#3370=CARTESIAN_POINT('',(-5.37E0,-6.7E0,-7.938686366889E-1));
#3371=VERTEX_POINT('',#3369);
#3372=VERTEX_POINT('',#3370);
#3373=CARTESIAN_POINT('',(-4.79E0,-6.7E0,-5.938686366889E-1));
#3374=CARTESIAN_POINT('',(-5.37E0,-6.7E0,-5.938686366889E-1));
#3375=VERTEX_POINT('',#3373);
#3376=VERTEX_POINT('',#3374);
#3377=CARTESIAN_POINT('',(-2.84E0,-7.E0,1.59386E0));
#3378=CARTESIAN_POINT('',(-2.84E0,-7.E0,9.9386E-1));
#3379=VERTEX_POINT('',#3377);
#3380=VERTEX_POINT('',#3378);
#3381=CARTESIAN_POINT('',(-2.84E0,-6.8E0,7.9386E-1));
#3382=VERTEX_POINT('',#3381);
#3383=CARTESIAN_POINT('',(-2.24E0,-7.E0,1.59386E0));
#3384=CARTESIAN_POINT('',(-2.24E0,-7.E0,9.9386E-1));
#3385=VERTEX_POINT('',#3383);
#3386=VERTEX_POINT('',#3384);
#3387=CARTESIAN_POINT('',(-2.24E0,-6.8E0,7.9386E-1));
#3388=VERTEX_POINT('',#3387);
#3389=CARTESIAN_POINT('',(-2.84E0,-7.2E0,1.59386E0));
#3390=CARTESIAN_POINT('',(-2.84E0,-7.2E0,9.9386E-1));
#3391=VERTEX_POINT('',#3389);
#3392=VERTEX_POINT('',#3390);
#3393=CARTESIAN_POINT('',(-2.84E0,-6.8E0,5.9386E-1));
#3394=VERTEX_POINT('',#3393);
#3395=CARTESIAN_POINT('',(-2.24E0,-7.2E0,1.59386E0));
#3396=CARTESIAN_POINT('',(-2.24E0,-7.2E0,9.9386E-1));
#3397=VERTEX_POINT('',#3395);
#3398=VERTEX_POINT('',#3396);
#3399=CARTESIAN_POINT('',(-2.24E0,-6.8E0,5.9386E-1));
#3400=VERTEX_POINT('',#3399);
#3401=CARTESIAN_POINT('',(-2.83E0,-6.8E0,-7.938686366889E-1));
#3402=CARTESIAN_POINT('',(-2.83E0,-7.E0,-9.938686366889E-1));
#3403=VERTEX_POINT('',#3401);
#3404=VERTEX_POINT('',#3402);
#3405=CARTESIAN_POINT('',(-2.83E0,-7.E0,-1.593868636689E0));
#3406=VERTEX_POINT('',#3405);
#3407=CARTESIAN_POINT('',(-2.25E0,-6.8E0,-7.938686366889E-1));
#3408=CARTESIAN_POINT('',(-2.25E0,-7.E0,-9.938686366889E-1));
#3409=VERTEX_POINT('',#3407);
#3410=VERTEX_POINT('',#3408);
#3411=CARTESIAN_POINT('',(-2.25E0,-7.E0,-1.593868636689E0));
#3412=VERTEX_POINT('',#3411);
#3413=CARTESIAN_POINT('',(-2.83E0,-6.8E0,-5.938686366889E-1));
#3414=CARTESIAN_POINT('',(-2.83E0,-7.2E0,-9.938686366889E-1));
#3415=VERTEX_POINT('',#3413);
#3416=VERTEX_POINT('',#3414);
#3417=CARTESIAN_POINT('',(-2.83E0,-7.2E0,-1.593868636689E0));
#3418=VERTEX_POINT('',#3417);
#3419=CARTESIAN_POINT('',(-2.25E0,-6.8E0,-5.938686366889E-1));
#3420=CARTESIAN_POINT('',(-2.25E0,-7.2E0,-9.938686366889E-1));
#3421=VERTEX_POINT('',#3419);
#3422=VERTEX_POINT('',#3420);
#3423=CARTESIAN_POINT('',(-2.25E0,-7.2E0,-1.593868636689E0));
#3424=VERTEX_POINT('',#3423);
#3425=CARTESIAN_POINT('',(-2.24E0,-6.7E0,7.9386E-1));
#3426=CARTESIAN_POINT('',(-2.84E0,-6.7E0,7.9386E-1));
#3427=VERTEX_POINT('',#3425);
#3428=VERTEX_POINT('',#3426);
#3429=CARTESIAN_POINT('',(-2.24E0,-6.7E0,5.9386E-1));
#3430=CARTESIAN_POINT('',(-2.84E0,-6.7E0,5.9386E-1));
#3431=VERTEX_POINT('',#3429);
#3432=VERTEX_POINT('',#3430);
#3433=CARTESIAN_POINT('',(-2.25E0,-6.7E0,-7.938686366889E-1));
#3434=CARTESIAN_POINT('',(-2.83E0,-6.7E0,-7.938686366889E-1));
#3435=VERTEX_POINT('',#3433);
#3436=VERTEX_POINT('',#3434);
#3437=CARTESIAN_POINT('',(-2.25E0,-6.7E0,-5.938686366889E-1));
#3438=CARTESIAN_POINT('',(-2.83E0,-6.7E0,-5.938686366889E-1));
#3439=VERTEX_POINT('',#3437);
#3440=VERTEX_POINT('',#3438);
#3441=CARTESIAN_POINT('',(-3.E-1,-7.E0,1.59386E0));
#3442=CARTESIAN_POINT('',(-3.E-1,-7.E0,9.9386E-1));
#3443=VERTEX_POINT('',#3441);
#3444=VERTEX_POINT('',#3442);
#3445=CARTESIAN_POINT('',(-3.E-1,-6.8E0,7.9386E-1));
#3446=VERTEX_POINT('',#3445);
#3447=CARTESIAN_POINT('',(3.E-1,-7.E0,1.59386E0));
#3448=CARTESIAN_POINT('',(3.E-1,-7.E0,9.9386E-1));
#3449=VERTEX_POINT('',#3447);
#3450=VERTEX_POINT('',#3448);
#3451=CARTESIAN_POINT('',(3.E-1,-6.8E0,7.9386E-1));
#3452=VERTEX_POINT('',#3451);
#3453=CARTESIAN_POINT('',(-3.E-1,-7.2E0,1.59386E0));
#3454=CARTESIAN_POINT('',(-3.E-1,-7.2E0,9.9386E-1));
#3455=VERTEX_POINT('',#3453);
#3456=VERTEX_POINT('',#3454);
#3457=CARTESIAN_POINT('',(-3.E-1,-6.8E0,5.9386E-1));
#3458=VERTEX_POINT('',#3457);
#3459=CARTESIAN_POINT('',(3.E-1,-7.2E0,1.59386E0));
#3460=CARTESIAN_POINT('',(3.E-1,-7.2E0,9.9386E-1));
#3461=VERTEX_POINT('',#3459);
#3462=VERTEX_POINT('',#3460);
#3463=CARTESIAN_POINT('',(3.E-1,-6.8E0,5.9386E-1));
#3464=VERTEX_POINT('',#3463);
#3465=CARTESIAN_POINT('',(-2.9E-1,-6.8E0,-7.938686366889E-1));
#3466=CARTESIAN_POINT('',(-2.9E-1,-7.E0,-9.938686366889E-1));
#3467=VERTEX_POINT('',#3465);
#3468=VERTEX_POINT('',#3466);
#3469=CARTESIAN_POINT('',(-2.9E-1,-7.E0,-1.593868636689E0));
#3470=VERTEX_POINT('',#3469);
#3471=CARTESIAN_POINT('',(2.9E-1,-6.8E0,-7.938686366889E-1));
#3472=CARTESIAN_POINT('',(2.9E-1,-7.E0,-9.938686366889E-1));
#3473=VERTEX_POINT('',#3471);
#3474=VERTEX_POINT('',#3472);
#3475=CARTESIAN_POINT('',(2.9E-1,-7.E0,-1.593868636689E0));
#3476=VERTEX_POINT('',#3475);
#3477=CARTESIAN_POINT('',(-2.9E-1,-6.8E0,-5.938686366889E-1));
#3478=CARTESIAN_POINT('',(-2.9E-1,-7.2E0,-9.938686366889E-1));
#3479=VERTEX_POINT('',#3477);
#3480=VERTEX_POINT('',#3478);
#3481=CARTESIAN_POINT('',(-2.9E-1,-7.2E0,-1.593868636689E0));
#3482=VERTEX_POINT('',#3481);
#3483=CARTESIAN_POINT('',(2.9E-1,-6.8E0,-5.938686366889E-1));
#3484=CARTESIAN_POINT('',(2.9E-1,-7.2E0,-9.938686366889E-1));
#3485=VERTEX_POINT('',#3483);
#3486=VERTEX_POINT('',#3484);
#3487=CARTESIAN_POINT('',(2.9E-1,-7.2E0,-1.593868636689E0));
#3488=VERTEX_POINT('',#3487);
#3489=CARTESIAN_POINT('',(3.E-1,-6.7E0,7.9386E-1));
#3490=CARTESIAN_POINT('',(-3.E-1,-6.7E0,7.9386E-1));
#3491=VERTEX_POINT('',#3489);
#3492=VERTEX_POINT('',#3490);
#3493=CARTESIAN_POINT('',(3.E-1,-6.7E0,5.9386E-1));
#3494=CARTESIAN_POINT('',(-3.E-1,-6.7E0,5.9386E-1));
#3495=VERTEX_POINT('',#3493);
#3496=VERTEX_POINT('',#3494);
#3497=CARTESIAN_POINT('',(2.9E-1,-6.7E0,-7.938686366889E-1));
#3498=CARTESIAN_POINT('',(-2.9E-1,-6.7E0,-7.938686366889E-1));
#3499=VERTEX_POINT('',#3497);
#3500=VERTEX_POINT('',#3498);
#3501=CARTESIAN_POINT('',(2.9E-1,-6.7E0,-5.938686366889E-1));
#3502=CARTESIAN_POINT('',(-2.9E-1,-6.7E0,-5.938686366889E-1));
#3503=VERTEX_POINT('',#3501);
#3504=VERTEX_POINT('',#3502);
#3505=CARTESIAN_POINT('',(2.24E0,-7.E0,1.59386E0));
#3506=CARTESIAN_POINT('',(2.24E0,-7.E0,9.9386E-1));
#3507=VERTEX_POINT('',#3505);
#3508=VERTEX_POINT('',#3506);
#3509=CARTESIAN_POINT('',(2.24E0,-6.8E0,7.9386E-1));
#3510=VERTEX_POINT('',#3509);
#3511=CARTESIAN_POINT('',(2.84E0,-7.E0,1.59386E0));
#3512=CARTESIAN_POINT('',(2.84E0,-7.E0,9.9386E-1));
#3513=VERTEX_POINT('',#3511);
#3514=VERTEX_POINT('',#3512);
#3515=CARTESIAN_POINT('',(2.84E0,-6.8E0,7.9386E-1));
#3516=VERTEX_POINT('',#3515);
#3517=CARTESIAN_POINT('',(2.24E0,-7.2E0,1.59386E0));
#3518=CARTESIAN_POINT('',(2.24E0,-7.2E0,9.9386E-1));
#3519=VERTEX_POINT('',#3517);
#3520=VERTEX_POINT('',#3518);
#3521=CARTESIAN_POINT('',(2.24E0,-6.8E0,5.9386E-1));
#3522=VERTEX_POINT('',#3521);
#3523=CARTESIAN_POINT('',(2.84E0,-7.2E0,1.59386E0));
#3524=CARTESIAN_POINT('',(2.84E0,-7.2E0,9.9386E-1));
#3525=VERTEX_POINT('',#3523);
#3526=VERTEX_POINT('',#3524);
#3527=CARTESIAN_POINT('',(2.84E0,-6.8E0,5.9386E-1));
#3528=VERTEX_POINT('',#3527);
#3529=CARTESIAN_POINT('',(2.25E0,-6.8E0,-7.938686366889E-1));
#3530=CARTESIAN_POINT('',(2.25E0,-7.E0,-9.938686366889E-1));
#3531=VERTEX_POINT('',#3529);
#3532=VERTEX_POINT('',#3530);
#3533=CARTESIAN_POINT('',(2.25E0,-7.E0,-1.593868636689E0));
#3534=VERTEX_POINT('',#3533);
#3535=CARTESIAN_POINT('',(2.83E0,-6.8E0,-7.938686366889E-1));
#3536=CARTESIAN_POINT('',(2.83E0,-7.E0,-9.938686366889E-1));
#3537=VERTEX_POINT('',#3535);
#3538=VERTEX_POINT('',#3536);
#3539=CARTESIAN_POINT('',(2.83E0,-7.E0,-1.593868636689E0));
#3540=VERTEX_POINT('',#3539);
#3541=CARTESIAN_POINT('',(2.25E0,-6.8E0,-5.938686366889E-1));
#3542=CARTESIAN_POINT('',(2.25E0,-7.2E0,-9.938686366889E-1));
#3543=VERTEX_POINT('',#3541);
#3544=VERTEX_POINT('',#3542);
#3545=CARTESIAN_POINT('',(2.25E0,-7.2E0,-1.593868636689E0));
#3546=VERTEX_POINT('',#3545);
#3547=CARTESIAN_POINT('',(2.83E0,-6.8E0,-5.938686366889E-1));
#3548=CARTESIAN_POINT('',(2.83E0,-7.2E0,-9.938686366889E-1));
#3549=VERTEX_POINT('',#3547);
#3550=VERTEX_POINT('',#3548);
#3551=CARTESIAN_POINT('',(2.83E0,-7.2E0,-1.593868636689E0));
#3552=VERTEX_POINT('',#3551);
#3553=CARTESIAN_POINT('',(2.84E0,-6.7E0,7.9386E-1));
#3554=CARTESIAN_POINT('',(2.24E0,-6.7E0,7.9386E-1));
#3555=VERTEX_POINT('',#3553);
#3556=VERTEX_POINT('',#3554);
#3557=CARTESIAN_POINT('',(2.84E0,-6.7E0,5.9386E-1));
#3558=CARTESIAN_POINT('',(2.24E0,-6.7E0,5.9386E-1));
#3559=VERTEX_POINT('',#3557);
#3560=VERTEX_POINT('',#3558);
#3561=CARTESIAN_POINT('',(2.83E0,-6.7E0,-7.938686366889E-1));
#3562=CARTESIAN_POINT('',(2.25E0,-6.7E0,-7.938686366889E-1));
#3563=VERTEX_POINT('',#3561);
#3564=VERTEX_POINT('',#3562);
#3565=CARTESIAN_POINT('',(2.83E0,-6.7E0,-5.938686366889E-1));
#3566=CARTESIAN_POINT('',(2.25E0,-6.7E0,-5.938686366889E-1));
#3567=VERTEX_POINT('',#3565);
#3568=VERTEX_POINT('',#3566);
#3569=CARTESIAN_POINT('',(4.78E0,-7.E0,1.59386E0));
#3570=CARTESIAN_POINT('',(4.78E0,-7.E0,9.9386E-1));
#3571=VERTEX_POINT('',#3569);
#3572=VERTEX_POINT('',#3570);
#3573=CARTESIAN_POINT('',(4.78E0,-6.8E0,7.9386E-1));
#3574=VERTEX_POINT('',#3573);
#3575=CARTESIAN_POINT('',(5.38E0,-7.E0,1.59386E0));
#3576=CARTESIAN_POINT('',(5.38E0,-7.E0,9.9386E-1));
#3577=VERTEX_POINT('',#3575);
#3578=VERTEX_POINT('',#3576);
#3579=CARTESIAN_POINT('',(5.38E0,-6.8E0,7.9386E-1));
#3580=VERTEX_POINT('',#3579);
#3581=CARTESIAN_POINT('',(4.78E0,-7.2E0,1.59386E0));
#3582=CARTESIAN_POINT('',(4.78E0,-7.2E0,9.9386E-1));
#3583=VERTEX_POINT('',#3581);
#3584=VERTEX_POINT('',#3582);
#3585=CARTESIAN_POINT('',(4.78E0,-6.8E0,5.9386E-1));
#3586=VERTEX_POINT('',#3585);
#3587=CARTESIAN_POINT('',(5.38E0,-7.2E0,1.59386E0));
#3588=CARTESIAN_POINT('',(5.38E0,-7.2E0,9.9386E-1));
#3589=VERTEX_POINT('',#3587);
#3590=VERTEX_POINT('',#3588);
#3591=CARTESIAN_POINT('',(5.38E0,-6.8E0,5.9386E-1));
#3592=VERTEX_POINT('',#3591);
#3593=CARTESIAN_POINT('',(4.79E0,-6.8E0,-7.938686366889E-1));
#3594=CARTESIAN_POINT('',(4.79E0,-7.E0,-9.938686366889E-1));
#3595=VERTEX_POINT('',#3593);
#3596=VERTEX_POINT('',#3594);
#3597=CARTESIAN_POINT('',(4.79E0,-7.E0,-1.593868636689E0));
#3598=VERTEX_POINT('',#3597);
#3599=CARTESIAN_POINT('',(5.37E0,-6.8E0,-7.938686366889E-1));
#3600=CARTESIAN_POINT('',(5.37E0,-7.E0,-9.938686366889E-1));
#3601=VERTEX_POINT('',#3599);
#3602=VERTEX_POINT('',#3600);
#3603=CARTESIAN_POINT('',(5.37E0,-7.E0,-1.593868636689E0));
#3604=VERTEX_POINT('',#3603);
#3605=CARTESIAN_POINT('',(4.79E0,-6.8E0,-5.938686366889E-1));
#3606=CARTESIAN_POINT('',(4.79E0,-7.2E0,-9.938686366889E-1));
#3607=VERTEX_POINT('',#3605);
#3608=VERTEX_POINT('',#3606);
#3609=CARTESIAN_POINT('',(4.79E0,-7.2E0,-1.593868636689E0));
#3610=VERTEX_POINT('',#3609);
#3611=CARTESIAN_POINT('',(5.37E0,-6.8E0,-5.938686366889E-1));
#3612=CARTESIAN_POINT('',(5.37E0,-7.2E0,-9.938686366889E-1));
#3613=VERTEX_POINT('',#3611);
#3614=VERTEX_POINT('',#3612);
#3615=CARTESIAN_POINT('',(5.37E0,-7.2E0,-1.593868636689E0));
#3616=VERTEX_POINT('',#3615);
#3617=CARTESIAN_POINT('',(5.38E0,-6.7E0,7.9386E-1));
#3618=CARTESIAN_POINT('',(4.78E0,-6.7E0,7.9386E-1));
#3619=VERTEX_POINT('',#3617);
#3620=VERTEX_POINT('',#3618);
#3621=CARTESIAN_POINT('',(5.38E0,-6.7E0,5.9386E-1));
#3622=CARTESIAN_POINT('',(4.78E0,-6.7E0,5.9386E-1));
#3623=VERTEX_POINT('',#3621);
#3624=VERTEX_POINT('',#3622);
#3625=CARTESIAN_POINT('',(5.37E0,-6.7E0,-7.938686366889E-1));
#3626=CARTESIAN_POINT('',(4.79E0,-6.7E0,-7.938686366889E-1));
#3627=VERTEX_POINT('',#3625);
#3628=VERTEX_POINT('',#3626);
#3629=CARTESIAN_POINT('',(5.37E0,-6.7E0,-5.938686366889E-1));
#3630=CARTESIAN_POINT('',(4.79E0,-6.7E0,-5.938686366889E-1));
#3631=VERTEX_POINT('',#3629);
#3632=VERTEX_POINT('',#3630);
#3633=CARTESIAN_POINT('',(7.32E0,-7.E0,1.59386E0));
#3634=CARTESIAN_POINT('',(7.32E0,-7.E0,9.9386E-1));
#3635=VERTEX_POINT('',#3633);
#3636=VERTEX_POINT('',#3634);
#3637=CARTESIAN_POINT('',(7.32E0,-6.8E0,7.9386E-1));
#3638=VERTEX_POINT('',#3637);
#3639=CARTESIAN_POINT('',(7.92E0,-7.E0,1.59386E0));
#3640=CARTESIAN_POINT('',(7.92E0,-7.E0,9.9386E-1));
#3641=VERTEX_POINT('',#3639);
#3642=VERTEX_POINT('',#3640);
#3643=CARTESIAN_POINT('',(7.92E0,-6.8E0,7.9386E-1));
#3644=VERTEX_POINT('',#3643);
#3645=CARTESIAN_POINT('',(7.32E0,-7.2E0,1.59386E0));
#3646=CARTESIAN_POINT('',(7.32E0,-7.2E0,9.9386E-1));
#3647=VERTEX_POINT('',#3645);
#3648=VERTEX_POINT('',#3646);
#3649=CARTESIAN_POINT('',(7.32E0,-6.8E0,5.9386E-1));
#3650=VERTEX_POINT('',#3649);
#3651=CARTESIAN_POINT('',(7.92E0,-7.2E0,1.59386E0));
#3652=CARTESIAN_POINT('',(7.92E0,-7.2E0,9.9386E-1));
#3653=VERTEX_POINT('',#3651);
#3654=VERTEX_POINT('',#3652);
#3655=CARTESIAN_POINT('',(7.92E0,-6.8E0,5.9386E-1));
#3656=VERTEX_POINT('',#3655);
#3657=CARTESIAN_POINT('',(7.33E0,-6.8E0,-7.938686366889E-1));
#3658=CARTESIAN_POINT('',(7.33E0,-7.E0,-9.938686366889E-1));
#3659=VERTEX_POINT('',#3657);
#3660=VERTEX_POINT('',#3658);
#3661=CARTESIAN_POINT('',(7.33E0,-7.E0,-1.593868636689E0));
#3662=VERTEX_POINT('',#3661);
#3663=CARTESIAN_POINT('',(7.91E0,-6.8E0,-7.938686366889E-1));
#3664=CARTESIAN_POINT('',(7.91E0,-7.E0,-9.938686366889E-1));
#3665=VERTEX_POINT('',#3663);
#3666=VERTEX_POINT('',#3664);
#3667=CARTESIAN_POINT('',(7.91E0,-7.E0,-1.593868636689E0));
#3668=VERTEX_POINT('',#3667);
#3669=CARTESIAN_POINT('',(7.33E0,-6.8E0,-5.938686366889E-1));
#3670=CARTESIAN_POINT('',(7.33E0,-7.2E0,-9.938686366889E-1));
#3671=VERTEX_POINT('',#3669);
#3672=VERTEX_POINT('',#3670);
#3673=CARTESIAN_POINT('',(7.33E0,-7.2E0,-1.593868636689E0));
#3674=VERTEX_POINT('',#3673);
#3675=CARTESIAN_POINT('',(7.91E0,-6.8E0,-5.938686366889E-1));
#3676=CARTESIAN_POINT('',(7.91E0,-7.2E0,-9.938686366889E-1));
#3677=VERTEX_POINT('',#3675);
#3678=VERTEX_POINT('',#3676);
#3679=CARTESIAN_POINT('',(7.91E0,-7.2E0,-1.593868636689E0));
#3680=VERTEX_POINT('',#3679);
#3681=CARTESIAN_POINT('',(7.92E0,-6.7E0,7.9386E-1));
#3682=CARTESIAN_POINT('',(7.32E0,-6.7E0,7.9386E-1));
#3683=VERTEX_POINT('',#3681);
#3684=VERTEX_POINT('',#3682);
#3685=CARTESIAN_POINT('',(7.92E0,-6.7E0,5.9386E-1));
#3686=CARTESIAN_POINT('',(7.32E0,-6.7E0,5.9386E-1));
#3687=VERTEX_POINT('',#3685);
#3688=VERTEX_POINT('',#3686);
#3689=CARTESIAN_POINT('',(7.91E0,-6.7E0,-7.938686366889E-1));
#3690=CARTESIAN_POINT('',(7.33E0,-6.7E0,-7.938686366889E-1));
#3691=VERTEX_POINT('',#3689);
#3692=VERTEX_POINT('',#3690);
#3693=CARTESIAN_POINT('',(7.91E0,-6.7E0,-5.938686366889E-1));
#3694=CARTESIAN_POINT('',(7.33E0,-6.7E0,-5.938686366889E-1));
#3695=VERTEX_POINT('',#3693);
#3696=VERTEX_POINT('',#3694);
#3697=CARTESIAN_POINT('',(0.E0,0.E0,0.E0));
#3698=DIRECTION('',(0.E0,-1.E0,0.E0));
#3699=DIRECTION('',(1.E0,0.E0,0.E0));
#3700=AXIS2_PLACEMENT_3D('',#3697,#3698,#3699);
#3701=PLANE('3575',#3700);
#3703=ORIENTED_EDGE('3878',*,*,#3702,.T.);
#3705=ORIENTED_EDGE('3879',*,*,#3704,.T.);
#3707=ORIENTED_EDGE('3880',*,*,#3706,.T.);
#3709=ORIENTED_EDGE('3881',*,*,#3708,.T.);
#3710=EDGE_LOOP('3575',(#3703,#3705,#3707,#3709));
#3711=FACE_OUTER_BOUND('3575',#3710,.F.);
#3713=ORIENTED_EDGE('3886',*,*,#3712,.F.);
#3715=ORIENTED_EDGE('3889',*,*,#3714,.F.);
#3717=ORIENTED_EDGE('3887',*,*,#3716,.F.);
#3719=ORIENTED_EDGE('3888',*,*,#3718,.F.);
#3720=EDGE_LOOP('3575',(#3713,#3715,#3717,#3719));
#3721=FACE_BOUND('3575',#3720,.F.);
#3723=ORIENTED_EDGE('3898',*,*,#3722,.F.);
#3725=ORIENTED_EDGE('3901',*,*,#3724,.F.);
#3727=ORIENTED_EDGE('3899',*,*,#3726,.F.);
#3729=ORIENTED_EDGE('3900',*,*,#3728,.F.);
#3730=EDGE_LOOP('3575',(#3723,#3725,#3727,#3729));
#3731=FACE_BOUND('3575',#3730,.F.);
#3733=ORIENTED_EDGE('3910',*,*,#3732,.F.);
#3735=ORIENTED_EDGE('3913',*,*,#3734,.F.);
#3737=ORIENTED_EDGE('3911',*,*,#3736,.F.);
#3739=ORIENTED_EDGE('3912',*,*,#3738,.F.);
#3740=EDGE_LOOP('3575',(#3733,#3735,#3737,#3739));
#3741=FACE_BOUND('3575',#3740,.F.);
#3743=ORIENTED_EDGE('3922',*,*,#3742,.F.);
#3745=ORIENTED_EDGE('3925',*,*,#3744,.F.);
#3747=ORIENTED_EDGE('3923',*,*,#3746,.F.);
#3749=ORIENTED_EDGE('3924',*,*,#3748,.F.);
#3750=EDGE_LOOP('3575',(#3743,#3745,#3747,#3749));
#3751=FACE_BOUND('3575',#3750,.F.);
#3753=ORIENTED_EDGE('3963',*,*,#3752,.F.);
#3755=ORIENTED_EDGE('3966',*,*,#3754,.F.);
#3757=ORIENTED_EDGE('3964',*,*,#3756,.F.);
#3759=ORIENTED_EDGE('3965',*,*,#3758,.F.);
#3760=EDGE_LOOP('3575',(#3753,#3755,#3757,#3759));
#3761=FACE_BOUND('3575',#3760,.F.);
#3763=ORIENTED_EDGE('3976',*,*,#3762,.F.);
#3765=ORIENTED_EDGE('3979',*,*,#3764,.F.);
#3767=ORIENTED_EDGE('3977',*,*,#3766,.F.);
#3769=ORIENTED_EDGE('3978',*,*,#3768,.F.);
#3770=EDGE_LOOP('3575',(#3763,#3765,#3767,#3769));
#3771=FACE_BOUND('3575',#3770,.F.);
#3773=ORIENTED_EDGE('4037',*,*,#3772,.T.);
#3775=ORIENTED_EDGE('4039',*,*,#3774,.T.);
#3777=ORIENTED_EDGE('4038',*,*,#3776,.T.);
#3779=ORIENTED_EDGE('4040',*,*,#3778,.T.);
#3780=EDGE_LOOP('3575',(#3773,#3775,#3777,#3779));
#3781=FACE_BOUND('3575',#3780,.F.);
#3782=ADVANCED_FACE('3575',(#3711,#3721,#3731,#3741,#3751,#3761,#3771,#3781),
#3701,.F.);
#3783=CARTESIAN_POINT('',(-8.85E0,0.E0,1.27E0));
#3784=DIRECTION('',(-1.E0,0.E0,0.E0));
#3785=DIRECTION('',(0.E0,0.E0,-1.E0));
#3786=AXIS2_PLACEMENT_3D('',#3783,#3784,#3785);
#3787=PLANE('3577',#3786);
#3789=ORIENTED_EDGE('4144',*,*,#3788,.F.);
#3790=ORIENTED_EDGE('3878',*,*,#3702,.F.);
#3792=ORIENTED_EDGE('3958',*,*,#3791,.T.);
#3794=ORIENTED_EDGE('3955',*,*,#3793,.T.);
#3795=EDGE_LOOP('3577',(#3789,#3790,#3792,#3794));
#3796=FACE_OUTER_BOUND('3577',#3795,.F.);
#3797=ADVANCED_FACE('3577',(#3796),#3787,.T.);
#3798=CARTESIAN_POINT('',(-8.85E0,0.E0,-1.27E0));
#3799=DIRECTION('',(0.E0,0.E0,-1.E0));
#3800=DIRECTION('',(1.E0,0.E0,0.E0));
#3801=AXIS2_PLACEMENT_3D('',#3798,#3799,#3800);
#3802=PLANE('3578',#3801);
#3803=ORIENTED_EDGE('4144',*,*,#3788,.T.);
#3805=ORIENTED_EDGE('3957',*,*,#3804,.F.);
#3807=ORIENTED_EDGE('3987',*,*,#3806,.F.);
#3809=ORIENTED_EDGE('3938',*,*,#3808,.T.);
#3811=ORIENTED_EDGE('3988',*,*,#3810,.F.);
#3813=ORIENTED_EDGE('3943',*,*,#3812,.T.);
#3815=ORIENTED_EDGE('3991',*,*,#3814,.F.);
#3817=ORIENTED_EDGE('3940',*,*,#3816,.T.);
#3819=ORIENTED_EDGE('3992',*,*,#3818,.F.);
#3821=ORIENTED_EDGE('3947',*,*,#3820,.T.);
#3823=ORIENTED_EDGE('3995',*,*,#3822,.F.);
#3825=ORIENTED_EDGE('3944',*,*,#3824,.T.);
#3827=ORIENTED_EDGE('3996',*,*,#3826,.F.);
#3829=ORIENTED_EDGE('3951',*,*,#3828,.T.);
#3831=ORIENTED_EDGE('3999',*,*,#3830,.F.);
#3833=ORIENTED_EDGE('3948',*,*,#3832,.T.);
#3835=ORIENTED_EDGE('4000',*,*,#3834,.F.);
#3837=ORIENTED_EDGE('3954',*,*,#3836,.T.);
#3839=ORIENTED_EDGE('4003',*,*,#3838,.F.);
#3841=ORIENTED_EDGE('3952',*,*,#3840,.T.);
#3843=ORIENTED_EDGE('4004',*,*,#3842,.F.);
#3845=ORIENTED_EDGE('4019',*,*,#3844,.T.);
#3847=ORIENTED_EDGE('4016',*,*,#3846,.F.);
#3849=ORIENTED_EDGE('4013',*,*,#3848,.T.);
#3851=ORIENTED_EDGE('4017',*,*,#3850,.F.);
#3853=ORIENTED_EDGE('4031',*,*,#3852,.T.);
#3855=ORIENTED_EDGE('4028',*,*,#3854,.F.);
#3857=ORIENTED_EDGE('4025',*,*,#3856,.T.);
#3859=ORIENTED_EDGE('4029',*,*,#3858,.F.);
#3861=ORIENTED_EDGE('4034',*,*,#3860,.F.);
#3863=ORIENTED_EDGE('4047',*,*,#3862,.F.);
#3864=ORIENTED_EDGE('3879',*,*,#3704,.F.);
#3865=EDGE_LOOP('3578',(#3803,#3805,#3807,#3809,#3811,#3813,#3815,#3817,#3819,
#3821,#3823,#3825,#3827,#3829,#3831,#3833,#3835,#3837,#3839,#3841,#3843,#3845,
#3847,#3849,#3851,#3853,#3855,#3857,#3859,#3861,#3863,#3864));
#3866=FACE_OUTER_BOUND('3578',#3865,.F.);
#3867=ADVANCED_FACE('3578',(#3866),#3802,.T.);
#3868=CARTESIAN_POINT('',(-8.62E0,-7.E0,1.27E0));
#3869=DIRECTION('',(0.E0,-1.E0,0.E0));
#3870=DIRECTION('',(-1.E0,0.E0,0.E0));
#3871=AXIS2_PLACEMENT_3D('',#3868,#3869,#3870);
#3872=PLANE('3621',#3871);
#3873=ORIENTED_EDGE('3955',*,*,#3793,.F.);
#3875=ORIENTED_EDGE('3956',*,*,#3874,.F.);
#3877=ORIENTED_EDGE('3984',*,*,#3876,.T.);
#3878=ORIENTED_EDGE('3957',*,*,#3804,.T.);
#3879=EDGE_LOOP('3621',(#3873,#3875,#3877,#3878));
#3880=FACE_OUTER_BOUND('3621',#3879,.F.);
#3881=ADVANCED_FACE('3621',(#3880),#3872,.T.);
#3882=CARTESIAN_POINT('',(8.85E0,0.E0,1.27E0));
#3883=DIRECTION('',(0.E0,0.E0,1.E0));
#3884=DIRECTION('',(-1.E0,0.E0,0.E0));
#3885=AXIS2_PLACEMENT_3D('',#3882,#3883,#3884);
#3886=PLANE('3580',#3885);
#3888=ORIENTED_EDGE('4185',*,*,#3887,.F.);
#3890=ORIENTED_EDGE('4033',*,*,#3889,.T.);
#3892=ORIENTED_EDGE('4027',*,*,#3891,.T.);
#3894=ORIENTED_EDGE('4024',*,*,#3893,.T.);
#3896=ORIENTED_EDGE('4026',*,*,#3895,.T.);
#3898=ORIENTED_EDGE('4030',*,*,#3897,.T.);
#3900=ORIENTED_EDGE('4015',*,*,#3899,.T.);
#3902=ORIENTED_EDGE('4022',*,*,#3901,.T.);
#3904=ORIENTED_EDGE('4014',*,*,#3903,.T.);
#3906=ORIENTED_EDGE('4018',*,*,#3905,.T.);
#3908=ORIENTED_EDGE('4002',*,*,#3907,.T.);
#3910=ORIENTED_EDGE('3971',*,*,#3909,.T.);
#3912=ORIENTED_EDGE('4001',*,*,#3911,.T.);
#3914=ORIENTED_EDGE('3953',*,*,#3913,.T.);
#3916=ORIENTED_EDGE('3998',*,*,#3915,.T.);
#3918=ORIENTED_EDGE('3949',*,*,#3917,.T.);
#3920=ORIENTED_EDGE('3997',*,*,#3919,.T.);
#3922=ORIENTED_EDGE('3950',*,*,#3921,.T.);
#3924=ORIENTED_EDGE('3994',*,*,#3923,.T.);
#3926=ORIENTED_EDGE('3945',*,*,#3925,.T.);
#3928=ORIENTED_EDGE('3993',*,*,#3927,.T.);
#3930=ORIENTED_EDGE('3946',*,*,#3929,.T.);
#3932=ORIENTED_EDGE('3990',*,*,#3931,.T.);
#3934=ORIENTED_EDGE('3941',*,*,#3933,.T.);
#3936=ORIENTED_EDGE('3989',*,*,#3935,.T.);
#3938=ORIENTED_EDGE('3942',*,*,#3937,.T.);
#3940=ORIENTED_EDGE('3986',*,*,#3939,.T.);
#3942=ORIENTED_EDGE('3939',*,*,#3941,.T.);
#3944=ORIENTED_EDGE('3985',*,*,#3943,.T.);
#3945=ORIENTED_EDGE('3956',*,*,#3874,.T.);
#3946=ORIENTED_EDGE('3958',*,*,#3791,.F.);
#3947=ORIENTED_EDGE('3881',*,*,#3708,.F.);
#3948=EDGE_LOOP('3580',(#3888,#3890,#3892,#3894,#3896,#3898,#3900,#3902,#3904,
#3906,#3908,#3910,#3912,#3914,#3916,#3918,#3920,#3922,#3924,#3926,#3928,#3930,
#3932,#3934,#3936,#3938,#3940,#3942,#3944,#3945,#3946,#3947));
#3949=FACE_OUTER_BOUND('3580',#3948,.F.);
#3950=ADVANCED_FACE('3580',(#3949),#3886,.T.);
#3951=CARTESIAN_POINT('',(8.85E0,0.E0,-1.27E0));
#3952=DIRECTION('',(1.E0,0.E0,0.E0));
#3953=DIRECTION('',(0.E0,0.E0,1.E0));
#3954=AXIS2_PLACEMENT_3D('',#3951,#3952,#3953);
#3955=PLANE('3579',#3954);
#3956=ORIENTED_EDGE('4185',*,*,#3887,.T.);
#3957=ORIENTED_EDGE('3880',*,*,#3706,.F.);
#3958=ORIENTED_EDGE('4047',*,*,#3862,.T.);
#3960=ORIENTED_EDGE('4032',*,*,#3959,.F.);
#3961=EDGE_LOOP('3579',(#3956,#3957,#3958,#3960));
#3962=FACE_OUTER_BOUND('3579',#3961,.F.);
#3963=ADVANCED_FACE('3579',(#3962),#3955,.T.);
#3964=CARTESIAN_POINT('',(8.89E0,-7.E0,1.27E0));
#3965=DIRECTION('',(0.E0,-1.E0,0.E0));
#3966=DIRECTION('',(-1.E0,0.E0,0.E0));
#3967=AXIS2_PLACEMENT_3D('',#3964,#3965,#3966);
#3968=PLANE('3657',#3967);
#3969=ORIENTED_EDGE('4032',*,*,#3959,.T.);
#3970=ORIENTED_EDGE('4034',*,*,#3860,.T.);
#3972=ORIENTED_EDGE('4023',*,*,#3971,.F.);
#3973=ORIENTED_EDGE('4033',*,*,#3889,.F.);
#3974=EDGE_LOOP('3657',(#3969,#3970,#3972,#3973));
#3975=FACE_OUTER_BOUND('3657',#3974,.F.);
#3976=ADVANCED_FACE('3657',(#3975),#3968,.T.);
#3977=CARTESIAN_POINT('',(8.62E0,-7.E0,1.27E0));
#3978=DIRECTION('',(-1.E0,0.E0,0.E0));
#3979=DIRECTION('',(0.E0,1.E0,0.E0));
#3980=AXIS2_PLACEMENT_3D('',#3977,#3978,#3979);
#3981=PLANE('3658',#3980);
#3983=ORIENTED_EDGE('4182',*,*,#3982,.F.);
#3984=ORIENTED_EDGE('4027',*,*,#3891,.F.);
#3985=ORIENTED_EDGE('4023',*,*,#3971,.T.);
#3986=ORIENTED_EDGE('4029',*,*,#3858,.T.);
#3987=EDGE_LOOP('3658',(#3983,#3984,#3985,#3986));
#3988=FACE_OUTER_BOUND('3658',#3987,.F.);
#3989=ADVANCED_FACE('3658',(#3988),#3981,.T.);
#3990=CARTESIAN_POINT('',(0.E0,-6.7E0,0.E0));
#3991=DIRECTION('',(0.E0,-1.E0,0.E0));
#3992=DIRECTION('',(1.E0,0.E0,0.E0));
#3993=AXIS2_PLACEMENT_3D('',#3990,#3991,#3992);
#3994=PLANE('3576',#3993);
#3996=ORIENTED_EDGE('4130',*,*,#3995,.T.);
#3998=ORIENTED_EDGE('4116',*,*,#3997,.F.);
#4000=ORIENTED_EDGE('4137',*,*,#3999,.T.);
#4001=ORIENTED_EDGE('3949',*,*,#3917,.F.);
#4003=ORIENTED_EDGE('4134',*,*,#4002,.T.);
#4005=ORIENTED_EDGE('4124',*,*,#4004,.T.);
#4007=ORIENTED_EDGE('4140',*,*,#4006,.T.);
#4008=ORIENTED_EDGE('3971',*,*,#3909,.F.);
#4010=ORIENTED_EDGE('4138',*,*,#4009,.T.);
#4012=ORIENTED_EDGE('4125',*,*,#4011,.T.);
#4014=ORIENTED_EDGE('4166',*,*,#4013,.T.);
#4015=ORIENTED_EDGE('4022',*,*,#3901,.F.);
#4017=ORIENTED_EDGE('4164',*,*,#4016,.T.);
#4019=ORIENTED_EDGE('4162',*,*,#4018,.T.);
#4021=ORIENTED_EDGE('4184',*,*,#4020,.T.);
#4022=ORIENTED_EDGE('4024',*,*,#3893,.F.);
#4023=ORIENTED_EDGE('4182',*,*,#3982,.T.);
#4024=ORIENTED_EDGE('4025',*,*,#3856,.F.);
#4026=ORIENTED_EDGE('4183',*,*,#4025,.T.);
#4028=ORIENTED_EDGE('4161',*,*,#4027,.F.);
#4030=ORIENTED_EDGE('4181',*,*,#4029,.T.);
#4031=ORIENTED_EDGE('4013',*,*,#3848,.F.);
#4033=ORIENTED_EDGE('4165',*,*,#4032,.T.);
#4035=ORIENTED_EDGE('4123',*,*,#4034,.F.);
#4037=ORIENTED_EDGE('4163',*,*,#4036,.T.);
#4038=ORIENTED_EDGE('3952',*,*,#3840,.F.);
#4040=ORIENTED_EDGE('4139',*,*,#4039,.T.);
#4042=ORIENTED_EDGE('4122',*,*,#4041,.F.);
#4044=ORIENTED_EDGE('4135',*,*,#4043,.T.);
#4045=ORIENTED_EDGE('3948',*,*,#3832,.F.);
#4047=ORIENTED_EDGE('4136',*,*,#4046,.T.);
#4049=ORIENTED_EDGE('4114',*,*,#4048,.T.);
#4051=ORIENTED_EDGE('4131',*,*,#4050,.T.);
#4052=ORIENTED_EDGE('3944',*,*,#3824,.F.);
#4054=ORIENTED_EDGE('4132',*,*,#4053,.T.);
#4056=ORIENTED_EDGE('4115',*,*,#4055,.T.);
#4058=ORIENTED_EDGE('4127',*,*,#4057,.T.);
#4059=ORIENTED_EDGE('3940',*,*,#3816,.F.);
#4061=ORIENTED_EDGE('4128',*,*,#4060,.T.);
#4063=ORIENTED_EDGE('4155',*,*,#4062,.T.);
#4065=ORIENTED_EDGE('4142',*,*,#4064,.T.);
#4066=ORIENTED_EDGE('3938',*,*,#3808,.F.);
#4068=ORIENTED_EDGE('4143',*,*,#4067,.T.);
#4069=ORIENTED_EDGE('3939',*,*,#3941,.F.);
#4071=ORIENTED_EDGE('4141',*,*,#4070,.T.);
#4073=ORIENTED_EDGE('4156',*,*,#4072,.F.);
#4075=ORIENTED_EDGE('4129',*,*,#4074,.T.);
#4076=ORIENTED_EDGE('3941',*,*,#3933,.F.);
#4078=ORIENTED_EDGE('4126',*,*,#4077,.T.);
#4080=ORIENTED_EDGE('4117',*,*,#4079,.F.);
#4082=ORIENTED_EDGE('4133',*,*,#4081,.T.);
#4083=ORIENTED_EDGE('3945',*,*,#3925,.F.);
#4084=EDGE_LOOP('3576',(#3996,#3998,#4000,#4001,#4003,#4005,#4007,#4008,#4010,
#4012,#4014,#4015,#4017,#4019,#4021,#4022,#4023,#4024,#4026,#4028,#4030,#4031,
#4033,#4035,#4037,#4038,#4040,#4042,#4044,#4045,#4047,#4049,#4051,#4052,#4054,
#4056,#4058,#4059,#4061,#4063,#4065,#4066,#4068,#4069,#4071,#4073,#4075,#4076,
#4078,#4080,#4082,#4083));
#4085=FACE_OUTER_BOUND('3576',#4084,.F.);
#4087=ORIENTED_EDGE('4226',*,*,#4086,.T.);
#4089=ORIENTED_EDGE('4228',*,*,#4088,.F.);
#4091=ORIENTED_EDGE('4227',*,*,#4090,.F.);
#4093=ORIENTED_EDGE('4229',*,*,#4092,.T.);
#4094=EDGE_LOOP('3576',(#4087,#4089,#4091,#4093));
#4095=FACE_BOUND('3576',#4094,.F.);
#4097=ORIENTED_EDGE('4230',*,*,#4096,.F.);
#4099=ORIENTED_EDGE('4233',*,*,#4098,.F.);
#4101=ORIENTED_EDGE('4231',*,*,#4100,.T.);
#4103=ORIENTED_EDGE('4232',*,*,#4102,.T.);
#4104=EDGE_LOOP('3576',(#4097,#4099,#4101,#4103));
#4105=FACE_BOUND('3576',#4104,.F.);
#4107=ORIENTED_EDGE('4282',*,*,#4106,.T.);
#4109=ORIENTED_EDGE('4284',*,*,#4108,.F.);
#4111=ORIENTED_EDGE('4283',*,*,#4110,.F.);
#4113=ORIENTED_EDGE('4285',*,*,#4112,.T.);
#4114=EDGE_LOOP('3576',(#4107,#4109,#4111,#4113));
#4115=FACE_BOUND('3576',#4114,.F.);
#4117=ORIENTED_EDGE('4286',*,*,#4116,.F.);
#4119=ORIENTED_EDGE('4289',*,*,#4118,.F.);
#4121=ORIENTED_EDGE('4287',*,*,#4120,.T.);
#4123=ORIENTED_EDGE('4288',*,*,#4122,.T.);
#4124=EDGE_LOOP('3576',(#4117,#4119,#4121,#4123));
#4125=FACE_BOUND('3576',#4124,.F.);
#4127=ORIENTED_EDGE('4338',*,*,#4126,.T.);
#4129=ORIENTED_EDGE('4340',*,*,#4128,.F.);
#4131=ORIENTED_EDGE('4339',*,*,#4130,.F.);
#4133=ORIENTED_EDGE('4341',*,*,#4132,.T.);
#4134=EDGE_LOOP('3576',(#4127,#4129,#4131,#4133));
#4135=FACE_BOUND('3576',#4134,.F.);
#4137=ORIENTED_EDGE('4342',*,*,#4136,.F.);
#4139=ORIENTED_EDGE('4345',*,*,#4138,.F.);
#4141=ORIENTED_EDGE('4343',*,*,#4140,.T.);
#4143=ORIENTED_EDGE('4344',*,*,#4142,.T.);
#4144=EDGE_LOOP('3576',(#4137,#4139,#4141,#4143));
#4145=FACE_BOUND('3576',#4144,.F.);
#4147=ORIENTED_EDGE('4394',*,*,#4146,.T.);
#4149=ORIENTED_EDGE('4396',*,*,#4148,.F.);
#4151=ORIENTED_EDGE('4395',*,*,#4150,.F.);
#4153=ORIENTED_EDGE('4397',*,*,#4152,.T.);
#4154=EDGE_LOOP('3576',(#4147,#4149,#4151,#4153));
#4155=FACE_BOUND('3576',#4154,.F.);
#4157=ORIENTED_EDGE('4398',*,*,#4156,.F.);
#4159=ORIENTED_EDGE('4401',*,*,#4158,.F.);
#4161=ORIENTED_EDGE('4399',*,*,#4160,.T.);
#4163=ORIENTED_EDGE('4400',*,*,#4162,.T.);
#4164=EDGE_LOOP('3576',(#4157,#4159,#4161,#4163));
#4165=FACE_BOUND('3576',#4164,.F.);
#4167=ORIENTED_EDGE('4450',*,*,#4166,.T.);
#4169=ORIENTED_EDGE('4452',*,*,#4168,.F.);
#4171=ORIENTED_EDGE('4451',*,*,#4170,.F.);
#4173=ORIENTED_EDGE('4453',*,*,#4172,.T.);
#4174=EDGE_LOOP('3576',(#4167,#4169,#4171,#4173));
#4175=FACE_BOUND('3576',#4174,.F.);
#4177=ORIENTED_EDGE('4454',*,*,#4176,.F.);
#4179=ORIENTED_EDGE('4457',*,*,#4178,.F.);
#4181=ORIENTED_EDGE('4455',*,*,#4180,.T.);
#4183=ORIENTED_EDGE('4456',*,*,#4182,.T.);
#4184=EDGE_LOOP('3576',(#4177,#4179,#4181,#4183));
#4185=FACE_BOUND('3576',#4184,.F.);
#4187=ORIENTED_EDGE('4506',*,*,#4186,.T.);
#4189=ORIENTED_EDGE('4508',*,*,#4188,.F.);
#4191=ORIENTED_EDGE('4507',*,*,#4190,.F.);
#4193=ORIENTED_EDGE('4509',*,*,#4192,.T.);
#4194=EDGE_LOOP('3576',(#4187,#4189,#4191,#4193));
#4195=FACE_BOUND('3576',#4194,.F.);
#4197=ORIENTED_EDGE('4510',*,*,#4196,.F.);
#4199=ORIENTED_EDGE('4513',*,*,#4198,.F.);
#4201=ORIENTED_EDGE('4511',*,*,#4200,.T.);
#4203=ORIENTED_EDGE('4512',*,*,#4202,.T.);
#4204=EDGE_LOOP('3576',(#4197,#4199,#4201,#4203));
#4205=FACE_BOUND('3576',#4204,.F.);
#4207=ORIENTED_EDGE('4562',*,*,#4206,.T.);
#4209=ORIENTED_EDGE('4564',*,*,#4208,.F.);
#4211=ORIENTED_EDGE('4563',*,*,#4210,.F.);
#4213=ORIENTED_EDGE('4565',*,*,#4212,.T.);
#4214=EDGE_LOOP('3576',(#4207,#4209,#4211,#4213));
#4215=FACE_BOUND('3576',#4214,.F.);
#4217=ORIENTED_EDGE('4566',*,*,#4216,.F.);
#4219=ORIENTED_EDGE('4569',*,*,#4218,.F.);
#4221=ORIENTED_EDGE('4567',*,*,#4220,.T.);
#4223=ORIENTED_EDGE('4568',*,*,#4222,.T.);
#4224=EDGE_LOOP('3576',(#4217,#4219,#4221,#4223));
#4225=FACE_BOUND('3576',#4224,.F.);
#4226=ADVANCED_FACE('3576',(#4085,#4095,#4105,#4115,#4125,#4135,#4145,#4155,
#4165,#4175,#4185,#4195,#4205,#4215,#4225),#3994,.T.);
#4227=CARTESIAN_POINT('',(-1.54E0,-7.E0,1.27E0));
#4228=DIRECTION('',(-1.E0,0.E0,0.E0));
#4229=DIRECTION('',(0.E0,1.E0,0.E0));
#4230=AXIS2_PLACEMENT_3D('',#4227,#4228,#4229);
#4231=PLANE('3648',#4230);
#4232=ORIENTED_EDGE('4130',*,*,#3995,.F.);
#4233=ORIENTED_EDGE('3994',*,*,#3923,.F.);
#4235=ORIENTED_EDGE('4020',*,*,#4234,.T.);
#4237=ORIENTED_EDGE('4154',*,*,#4236,.F.);
#4238=EDGE_LOOP('3648',(#4232,#4233,#4235,#4237));
#4239=FACE_OUTER_BOUND('3648',#4238,.F.);
#4240=ADVANCED_FACE('3648',(#4239),#4231,.T.);
#4241=CARTESIAN_POINT('',(-1.27E0,-7.E0,1.27E0));
#4242=DIRECTION('',(0.E0,-1.E0,0.E0));
#4243=DIRECTION('',(-1.E0,0.E0,0.E0));
#4244=AXIS2_PLACEMENT_3D('',#4241,#4242,#4243);
#4245=PLANE('3624',#4244);
#4246=ORIENTED_EDGE('4020',*,*,#4234,.F.);
#4247=ORIENTED_EDGE('3950',*,*,#3921,.F.);
#4249=ORIENTED_EDGE('4035',*,*,#4248,.T.);
#4251=ORIENTED_EDGE('4046',*,*,#4250,.T.);
#4252=EDGE_LOOP('3624',(#4246,#4247,#4249,#4251));
#4253=FACE_OUTER_BOUND('3624',#4252,.F.);
#4254=ADVANCED_FACE('3624',(#4253),#4245,.T.);
#4255=CARTESIAN_POINT('',(-1.E0,-6.7E0,1.27E0));
#4256=DIRECTION('',(1.E0,0.E0,0.E0));
#4257=DIRECTION('',(0.E0,-1.E0,0.E0));
#4258=AXIS2_PLACEMENT_3D('',#4255,#4256,#4257);
#4259=PLANE('3649',#4258);
#4260=ORIENTED_EDGE('4137',*,*,#3999,.F.);
#4262=ORIENTED_EDGE('4176',*,*,#4261,.T.);
#4263=ORIENTED_EDGE('4035',*,*,#4248,.F.);
#4264=ORIENTED_EDGE('3997',*,*,#3919,.F.);
#4265=EDGE_LOOP('3649',(#4260,#4262,#4263,#4264));
#4266=FACE_OUTER_BOUND('3649',#4265,.F.);
#4267=ADVANCED_FACE('3649',(#4266),#4259,.T.);
#4268=CARTESIAN_POINT('',(0.E0,-6.7E0,9.5E-1));
#4269=DIRECTION('',(0.E0,8.715574274766E-2,9.961946980917E-1));
#4270=DIRECTION('',(0.E0,-9.961946980917E-1,8.715574274766E-2));
#4271=AXIS2_PLACEMENT_3D('',#4268,#4269,#4270);
#4272=PLANE('3867',#4271);
#4273=ORIENTED_EDGE('4116',*,*,#3997,.T.);
#4274=ORIENTED_EDGE('4154',*,*,#4236,.T.);
#4275=ORIENTED_EDGE('4046',*,*,#4250,.F.);
#4276=ORIENTED_EDGE('4176',*,*,#4261,.F.);
#4277=EDGE_LOOP('3867',(#4273,#4274,#4275,#4276));
#4278=FACE_OUTER_BOUND('3867',#4277,.F.);
#4279=ADVANCED_FACE('3867',(#4278),#4272,.F.);
#4280=CARTESIAN_POINT('',(1.E0,-7.E0,1.27E0));
#4281=DIRECTION('',(-1.E0,0.E0,0.E0));
#4282=DIRECTION('',(0.E0,1.E0,0.E0));
#4283=AXIS2_PLACEMENT_3D('',#4280,#4281,#4282);
#4284=PLANE('3650',#4283);
#4285=ORIENTED_EDGE('4134',*,*,#4002,.F.);
#4286=ORIENTED_EDGE('3998',*,*,#3915,.F.);
#4288=ORIENTED_EDGE('4050',*,*,#4287,.T.);
#4290=ORIENTED_EDGE('4119',*,*,#4289,.F.);
#4291=EDGE_LOOP('3650',(#4285,#4286,#4288,#4290));
#4292=FACE_OUTER_BOUND('3650',#4291,.F.);
#4293=ADVANCED_FACE('3650',(#4292),#4284,.T.);
#4294=CARTESIAN_POINT('',(1.27E0,-7.E0,1.27E0));
#4295=DIRECTION('',(0.E0,-1.E0,0.E0));
#4296=DIRECTION('',(-1.E0,0.E0,0.E0));
#4297=AXIS2_PLACEMENT_3D('',#4294,#4295,#4296);
#4298=PLANE('3625',#4297);
#4300=ORIENTED_EDGE('4049',*,*,#4299,.T.);
#4301=ORIENTED_EDGE('4050',*,*,#4287,.F.);
#4302=ORIENTED_EDGE('3953',*,*,#3913,.F.);
#4304=ORIENTED_EDGE('4052',*,*,#4303,.T.);
#4305=EDGE_LOOP('3625',(#4300,#4301,#4302,#4304));
#4306=FACE_OUTER_BOUND('3625',#4305,.F.);
#4307=ADVANCED_FACE('3625',(#4306),#4298,.T.);
#4308=CARTESIAN_POINT('',(0.E0,-6.7E0,9.5E-1));
#4309=DIRECTION('',(0.E0,-8.715574274766E-2,-9.961946980917E-1));
#4310=DIRECTION('',(0.E0,-9.961946980917E-1,8.715574274766E-2));
#4311=AXIS2_PLACEMENT_3D('',#4308,#4309,#4310);
#4312=PLANE('3871',#4311);
#4313=ORIENTED_EDGE('4119',*,*,#4289,.T.);
#4314=ORIENTED_EDGE('4049',*,*,#4299,.F.);
#4316=ORIENTED_EDGE('4121',*,*,#4315,.F.);
#4317=ORIENTED_EDGE('4124',*,*,#4004,.F.);
#4318=EDGE_LOOP('3871',(#4313,#4314,#4316,#4317));
#4319=FACE_OUTER_BOUND('3871',#4318,.F.);
#4320=ADVANCED_FACE('3871',(#4319),#4312,.T.);
#4321=CARTESIAN_POINT('',(1.54E0,-6.7E0,1.27E0));
#4322=DIRECTION('',(1.E0,0.E0,0.E0));
#4323=DIRECTION('',(0.E0,-1.E0,0.E0));
#4324=AXIS2_PLACEMENT_3D('',#4321,#4322,#4323);
#4325=PLANE('3651',#4324);
#4326=ORIENTED_EDGE('4140',*,*,#4006,.F.);
#4327=ORIENTED_EDGE('4121',*,*,#4315,.T.);
#4328=ORIENTED_EDGE('4052',*,*,#4303,.F.);
#4329=ORIENTED_EDGE('4001',*,*,#3911,.F.);
#4330=EDGE_LOOP('3651',(#4326,#4327,#4328,#4329));
#4331=FACE_OUTER_BOUND('3651',#4330,.F.);
#4332=ADVANCED_FACE('3651',(#4331),#4325,.T.);
#4333=CARTESIAN_POINT('',(3.54E0,-7.E0,1.27E0));
#4334=DIRECTION('',(-1.E0,0.E0,0.E0));
#4335=DIRECTION('',(0.E0,1.E0,0.E0));
#4336=AXIS2_PLACEMENT_3D('',#4333,#4334,#4335);
#4337=PLANE('3652',#4336);
#4338=ORIENTED_EDGE('4138',*,*,#4009,.F.);
#4339=ORIENTED_EDGE('4002',*,*,#3907,.F.);
#4341=ORIENTED_EDGE('4056',*,*,#4340,.T.);
#4343=ORIENTED_EDGE('4158',*,*,#4342,.F.);
#4344=EDGE_LOOP('3652',(#4338,#4339,#4341,#4343));
#4345=FACE_OUTER_BOUND('3652',#4344,.F.);
#4346=ADVANCED_FACE('3652',(#4345),#4337,.T.);
#4347=CARTESIAN_POINT('',(3.81E0,-7.E0,1.27E0));
#4348=DIRECTION('',(0.E0,-1.E0,0.E0));
#4349=DIRECTION('',(-1.E0,0.E0,0.E0));
#4350=AXIS2_PLACEMENT_3D('',#4347,#4348,#4349);
#4351=PLANE('3626',#4350);
#4353=ORIENTED_EDGE('4055',*,*,#4352,.T.);
#4354=ORIENTED_EDGE('4056',*,*,#4340,.F.);
#4355=ORIENTED_EDGE('4018',*,*,#3905,.F.);
#4357=ORIENTED_EDGE('4058',*,*,#4356,.T.);
#4358=EDGE_LOOP('3626',(#4353,#4354,#4355,#4357));
#4359=FACE_OUTER_BOUND('3626',#4358,.F.);
#4360=ADVANCED_FACE('3626',(#4359),#4351,.T.);
#4361=CARTESIAN_POINT('',(0.E0,-6.7E0,9.5E-1));
#4362=DIRECTION('',(0.E0,-8.715574274766E-2,-9.961946980917E-1));
#4363=DIRECTION('',(0.E0,-9.961946980917E-1,8.715574274766E-2));
#4364=AXIS2_PLACEMENT_3D('',#4361,#4362,#4363);
#4365=PLANE('3870',#4364);
#4366=ORIENTED_EDGE('4125',*,*,#4011,.F.);
#4367=ORIENTED_EDGE('4158',*,*,#4342,.T.);
#4368=ORIENTED_EDGE('4055',*,*,#4352,.F.);
#4370=ORIENTED_EDGE('4160',*,*,#4369,.F.);
#4371=EDGE_LOOP('3870',(#4366,#4367,#4368,#4370));
#4372=FACE_OUTER_BOUND('3870',#4371,.F.);
#4373=ADVANCED_FACE('3870',(#4372),#4365,.T.);
#4374=CARTESIAN_POINT('',(4.08E0,-6.7E0,1.27E0));
#4375=DIRECTION('',(1.E0,0.E0,0.E0));
#4376=DIRECTION('',(0.E0,-1.E0,0.E0));
#4377=AXIS2_PLACEMENT_3D('',#4374,#4375,#4376);
#4378=PLANE('3653',#4377);
#4379=ORIENTED_EDGE('4166',*,*,#4013,.F.);
#4380=ORIENTED_EDGE('4160',*,*,#4369,.T.);
#4381=ORIENTED_EDGE('4058',*,*,#4356,.F.);
#4382=ORIENTED_EDGE('4014',*,*,#3903,.F.);
#4383=EDGE_LOOP('3653',(#4379,#4380,#4381,#4382));
#4384=FACE_OUTER_BOUND('3653',#4383,.F.);
#4385=ADVANCED_FACE('3653',(#4384),#4378,.T.);
#4386=CARTESIAN_POINT('',(6.08E0,-7.E0,1.27E0));
#4387=DIRECTION('',(-1.E0,0.E0,0.E0));
#4388=DIRECTION('',(0.E0,1.E0,0.E0));
#4389=AXIS2_PLACEMENT_3D('',#4386,#4387,#4388);
#4390=PLANE('3655',#4389);
#4391=ORIENTED_EDGE('4164',*,*,#4016,.F.);
#4392=ORIENTED_EDGE('4015',*,*,#3899,.F.);
#4394=ORIENTED_EDGE('4062',*,*,#4393,.T.);
#4396=ORIENTED_EDGE('4178',*,*,#4395,.F.);
#4397=EDGE_LOOP('3655',(#4391,#4392,#4394,#4396));
#4398=FACE_OUTER_BOUND('3655',#4397,.F.);
#4399=ADVANCED_FACE('3655',(#4398),#4390,.T.);
#4400=CARTESIAN_POINT('',(6.35E0,-7.E0,1.27E0));
#4401=DIRECTION('',(0.E0,-1.E0,0.E0));
#4402=DIRECTION('',(-1.E0,0.E0,0.E0));
#4403=AXIS2_PLACEMENT_3D('',#4400,#4401,#4402);
#4404=PLANE('3654',#4403);
#4406=ORIENTED_EDGE('4061',*,*,#4405,.T.);
#4407=ORIENTED_EDGE('4062',*,*,#4393,.F.);
#4408=ORIENTED_EDGE('4030',*,*,#3897,.F.);
#4410=ORIENTED_EDGE('4064',*,*,#4409,.T.);
#4411=EDGE_LOOP('3654',(#4406,#4407,#4408,#4410));
#4412=FACE_OUTER_BOUND('3654',#4411,.F.);
#4413=ADVANCED_FACE('3654',(#4412),#4404,.T.);
#4414=CARTESIAN_POINT('',(0.E0,-6.7E0,9.5E-1));
#4415=DIRECTION('',(0.E0,-8.715574274766E-2,-9.961946980917E-1));
#4416=DIRECTION('',(0.E0,-9.961946980917E-1,8.715574274766E-2));
#4417=AXIS2_PLACEMENT_3D('',#4414,#4415,#4416);
#4418=PLANE('3662',#4417);
#4419=ORIENTED_EDGE('4162',*,*,#4018,.F.);
#4420=ORIENTED_EDGE('4178',*,*,#4395,.T.);
#4421=ORIENTED_EDGE('4061',*,*,#4405,.F.);
#4423=ORIENTED_EDGE('4180',*,*,#4422,.F.);
#4424=EDGE_LOOP('3662',(#4419,#4420,#4421,#4423));
#4425=FACE_OUTER_BOUND('3662',#4424,.F.);
#4426=ADVANCED_FACE('3662',(#4425),#4418,.T.);
#4427=CARTESIAN_POINT('',(6.62E0,-6.7E0,1.27E0));
#4428=DIRECTION('',(1.E0,0.E0,0.E0));
#4429=DIRECTION('',(0.E0,-1.E0,0.E0));
#4430=AXIS2_PLACEMENT_3D('',#4427,#4428,#4429);
#4431=PLANE('3656',#4430);
#4432=ORIENTED_EDGE('4184',*,*,#4020,.F.);
#4433=ORIENTED_EDGE('4180',*,*,#4422,.T.);
#4434=ORIENTED_EDGE('4064',*,*,#4409,.F.);
#4435=ORIENTED_EDGE('4026',*,*,#3895,.F.);
#4436=EDGE_LOOP('3656',(#4432,#4433,#4434,#4435));
#4437=FACE_OUTER_BOUND('3656',#4436,.F.);
#4438=ADVANCED_FACE('3656',(#4437),#4431,.T.);
#4439=CARTESIAN_POINT('',(6.62E0,-6.7E0,1.27E0));
#4440=DIRECTION('',(1.E0,0.E0,0.E0));
#4441=DIRECTION('',(0.E0,-1.E0,0.E0));
#4442=AXIS2_PLACEMENT_3D('',#4439,#4440,#4441);
#4443=PLANE('3863',#4442);
#4444=ORIENTED_EDGE('4183',*,*,#4025,.F.);
#4445=ORIENTED_EDGE('4028',*,*,#3854,.T.);
#4447=ORIENTED_EDGE('4065',*,*,#4446,.F.);
#4449=ORIENTED_EDGE('4179',*,*,#4448,.T.);
#4450=EDGE_LOOP('3863',(#4444,#4445,#4447,#4449));
#4451=FACE_OUTER_BOUND('3863',#4450,.F.);
#4452=ADVANCED_FACE('3863',(#4451),#4443,.T.);
#4453=CARTESIAN_POINT('',(6.35E0,-7.E0,1.27E0));
#4454=DIRECTION('',(0.E0,-1.E0,0.E0));
#4455=DIRECTION('',(-1.E0,0.E0,0.E0));
#4456=AXIS2_PLACEMENT_3D('',#4453,#4454,#4455);
#4457=PLANE('3861',#4456);
#4459=ORIENTED_EDGE('4060',*,*,#4458,.F.);
#4460=ORIENTED_EDGE('4065',*,*,#4446,.T.);
#4461=ORIENTED_EDGE('4031',*,*,#3852,.F.);
#4463=ORIENTED_EDGE('4063',*,*,#4462,.F.);
#4464=EDGE_LOOP('3861',(#4459,#4460,#4461,#4463));
#4465=FACE_OUTER_BOUND('3861',#4464,.F.);
#4466=ADVANCED_FACE('3861',(#4465),#4457,.T.);
#4467=CARTESIAN_POINT('',(0.E0,-7.E0,-9.762465990578E-1));
#4468=DIRECTION('',(0.E0,-8.715574274766E-2,9.961946980917E-1));
#4469=DIRECTION('',(0.E0,9.961946980917E-1,8.715574274766E-2));
#4470=AXIS2_PLACEMENT_3D('',#4467,#4468,#4469);
#4471=PLANE('3661',#4470);
#4472=ORIENTED_EDGE('4161',*,*,#4027,.T.);
#4473=ORIENTED_EDGE('4179',*,*,#4448,.F.);
#4474=ORIENTED_EDGE('4060',*,*,#4458,.T.);
#4476=ORIENTED_EDGE('4177',*,*,#4475,.T.);
#4477=EDGE_LOOP('3661',(#4472,#4473,#4474,#4476));
#4478=FACE_OUTER_BOUND('3661',#4477,.F.);
#4479=ADVANCED_FACE('3661',(#4478),#4471,.T.);
#4480=CARTESIAN_POINT('',(6.08E0,-7.E0,1.27E0));
#4481=DIRECTION('',(-1.E0,0.E0,0.E0));
#4482=DIRECTION('',(0.E0,1.E0,0.E0));
#4483=AXIS2_PLACEMENT_3D('',#4480,#4481,#4482);
#4484=PLANE('3862',#4483);
#4485=ORIENTED_EDGE('4181',*,*,#4029,.F.);
#4486=ORIENTED_EDGE('4177',*,*,#4475,.F.);
#4487=ORIENTED_EDGE('4063',*,*,#4462,.T.);
#4488=ORIENTED_EDGE('4017',*,*,#3850,.T.);
#4489=EDGE_LOOP('3862',(#4485,#4486,#4487,#4488));
#4490=FACE_OUTER_BOUND('3862',#4489,.F.);
#4491=ADVANCED_FACE('3862',(#4490),#4484,.T.);
#4492=CARTESIAN_POINT('',(4.08E0,-6.7E0,1.27E0));
#4493=DIRECTION('',(1.E0,0.E0,0.E0));
#4494=DIRECTION('',(0.E0,-1.E0,0.E0));
#4495=AXIS2_PLACEMENT_3D('',#4492,#4493,#4494);
#4496=PLANE('3860',#4495);
#4497=ORIENTED_EDGE('4165',*,*,#4032,.F.);
#4498=ORIENTED_EDGE('4016',*,*,#3846,.T.);
#4500=ORIENTED_EDGE('4059',*,*,#4499,.F.);
#4502=ORIENTED_EDGE('4159',*,*,#4501,.T.);
#4503=EDGE_LOOP('3860',(#4497,#4498,#4500,#4502));
#4504=FACE_OUTER_BOUND('3860',#4503,.F.);
#4505=ADVANCED_FACE('3860',(#4504),#4496,.T.);
#4506=CARTESIAN_POINT('',(3.81E0,-7.E0,1.27E0));
#4507=DIRECTION('',(0.E0,-1.E0,0.E0));
#4508=DIRECTION('',(-1.E0,0.E0,0.E0));
#4509=AXIS2_PLACEMENT_3D('',#4506,#4507,#4508);
#4510=PLANE('3850',#4509);
#4512=ORIENTED_EDGE('4054',*,*,#4511,.F.);
#4513=ORIENTED_EDGE('4059',*,*,#4499,.T.);
#4514=ORIENTED_EDGE('4019',*,*,#3844,.F.);
#4516=ORIENTED_EDGE('4057',*,*,#4515,.F.);
#4517=EDGE_LOOP('3850',(#4512,#4513,#4514,#4516));
#4518=FACE_OUTER_BOUND('3850',#4517,.F.);
#4519=ADVANCED_FACE('3850',(#4518),#4510,.T.);
#4520=CARTESIAN_POINT('',(0.E0,-7.E0,-9.762465990578E-1));
#4521=DIRECTION('',(0.E0,-8.715574274766E-2,9.961946980917E-1));
#4522=DIRECTION('',(0.E0,9.961946980917E-1,8.715574274766E-2));
#4523=AXIS2_PLACEMENT_3D('',#4520,#4521,#4522);
#4524=PLANE('3868',#4523);
#4525=ORIENTED_EDGE('4123',*,*,#4034,.T.);
#4526=ORIENTED_EDGE('4159',*,*,#4501,.F.);
#4527=ORIENTED_EDGE('4054',*,*,#4511,.T.);
#4529=ORIENTED_EDGE('4157',*,*,#4528,.T.);
#4530=EDGE_LOOP('3868',(#4525,#4526,#4527,#4529));
#4531=FACE_OUTER_BOUND('3868',#4530,.F.);
#4532=ADVANCED_FACE('3868',(#4531),#4524,.T.);
#4533=CARTESIAN_POINT('',(3.54E0,-7.E0,1.27E0));
#4534=DIRECTION('',(-1.E0,0.E0,0.E0));
#4535=DIRECTION('',(0.E0,1.E0,0.E0));
#4536=AXIS2_PLACEMENT_3D('',#4533,#4534,#4535);
#4537=PLANE('3859',#4536);
#4538=ORIENTED_EDGE('4163',*,*,#4036,.F.);
#4539=ORIENTED_EDGE('4157',*,*,#4528,.F.);
#4540=ORIENTED_EDGE('4057',*,*,#4515,.T.);
#4541=ORIENTED_EDGE('4004',*,*,#3842,.T.);
#4542=EDGE_LOOP('3859',(#4538,#4539,#4540,#4541));
#4543=FACE_OUTER_BOUND('3859',#4542,.F.);
#4544=ADVANCED_FACE('3859',(#4543),#4537,.T.);
#4545=CARTESIAN_POINT('',(1.54E0,-6.7E0,1.27E0));
#4546=DIRECTION('',(1.E0,0.E0,0.E0));
#4547=DIRECTION('',(0.E0,-1.E0,0.E0));
#4548=AXIS2_PLACEMENT_3D('',#4545,#4546,#4547);
#4549=PLANE('3858',#4548);
#4550=ORIENTED_EDGE('4139',*,*,#4039,.F.);
#4551=ORIENTED_EDGE('4003',*,*,#3838,.T.);
#4553=ORIENTED_EDGE('4053',*,*,#4552,.F.);
#4555=ORIENTED_EDGE('4120',*,*,#4554,.T.);
#4556=EDGE_LOOP('3858',(#4550,#4551,#4553,#4555));
#4557=FACE_OUTER_BOUND('3858',#4556,.F.);
#4558=ADVANCED_FACE('3858',(#4557),#4549,.T.);
#4559=CARTESIAN_POINT('',(1.27E0,-7.E0,1.27E0));
#4560=DIRECTION('',(0.E0,-1.E0,0.E0));
#4561=DIRECTION('',(-1.E0,0.E0,0.E0));
#4562=AXIS2_PLACEMENT_3D('',#4559,#4560,#4561);
#4563=PLANE('3849',#4562);
#4565=ORIENTED_EDGE('4048',*,*,#4564,.F.);
#4566=ORIENTED_EDGE('4053',*,*,#4552,.T.);
#4567=ORIENTED_EDGE('3954',*,*,#3836,.F.);
#4569=ORIENTED_EDGE('4051',*,*,#4568,.F.);
#4570=EDGE_LOOP('3849',(#4565,#4566,#4567,#4569));
#4571=FACE_OUTER_BOUND('3849',#4570,.F.);
#4572=ADVANCED_FACE('3849',(#4571),#4563,.T.);
#4573=CARTESIAN_POINT('',(0.E0,-7.E0,-9.762465990578E-1));
#4574=DIRECTION('',(0.E0,-8.715574274766E-2,9.961946980917E-1));
#4575=DIRECTION('',(0.E0,9.961946980917E-1,8.715574274766E-2));
#4576=AXIS2_PLACEMENT_3D('',#4573,#4574,#4575);
#4577=PLANE('3869',#4576);
#4579=ORIENTED_EDGE('4118',*,*,#4578,.T.);
#4580=ORIENTED_EDGE('4122',*,*,#4041,.T.);
#4581=ORIENTED_EDGE('4120',*,*,#4554,.F.);
#4582=ORIENTED_EDGE('4048',*,*,#4564,.T.);
#4583=EDGE_LOOP('3869',(#4579,#4580,#4581,#4582));
#4584=FACE_OUTER_BOUND('3869',#4583,.F.);
#4585=ADVANCED_FACE('3869',(#4584),#4577,.T.);
#4586=CARTESIAN_POINT('',(1.E0,-7.E0,1.27E0));
#4587=DIRECTION('',(-1.E0,0.E0,0.E0));
#4588=DIRECTION('',(0.E0,1.E0,0.E0));
#4589=AXIS2_PLACEMENT_3D('',#4586,#4587,#4588);
#4590=PLANE('3857',#4589);
#4591=ORIENTED_EDGE('4135',*,*,#4043,.F.);
#4592=ORIENTED_EDGE('4118',*,*,#4578,.F.);
#4593=ORIENTED_EDGE('4051',*,*,#4568,.T.);
#4594=ORIENTED_EDGE('4000',*,*,#3834,.T.);
#4595=EDGE_LOOP('3857',(#4591,#4592,#4593,#4594));
#4596=FACE_OUTER_BOUND('3857',#4595,.F.);
#4597=ADVANCED_FACE('3857',(#4596),#4590,.T.);
#4598=CARTESIAN_POINT('',(-1.E0,-6.7E0,1.27E0));
#4599=DIRECTION('',(1.E0,0.E0,0.E0));
#4600=DIRECTION('',(0.E0,-1.E0,0.E0));
#4601=AXIS2_PLACEMENT_3D('',#4598,#4599,#4600);
#4602=PLANE('3856',#4601);
#4603=ORIENTED_EDGE('4136',*,*,#4046,.F.);
#4604=ORIENTED_EDGE('3999',*,*,#3830,.T.);
#4606=ORIENTED_EDGE('4036',*,*,#4605,.F.);
#4608=ORIENTED_EDGE('4175',*,*,#4607,.T.);
#4609=EDGE_LOOP('3856',(#4603,#4604,#4606,#4608));
#4610=FACE_OUTER_BOUND('3856',#4609,.F.);
#4611=ADVANCED_FACE('3856',(#4610),#4602,.T.);
#4612=CARTESIAN_POINT('',(-1.27E0,-7.E0,1.27E0));
#4613=DIRECTION('',(0.E0,-1.E0,0.E0));
#4614=DIRECTION('',(-1.E0,0.E0,0.E0));
#4615=AXIS2_PLACEMENT_3D('',#4612,#4613,#4614);
#4616=PLANE('3848',#4615);
#4618=ORIENTED_EDGE('4021',*,*,#4617,.F.);
#4620=ORIENTED_EDGE('4045',*,*,#4619,.F.);
#4621=ORIENTED_EDGE('4036',*,*,#4605,.T.);
#4622=ORIENTED_EDGE('3951',*,*,#3828,.F.);
#4623=EDGE_LOOP('3848',(#4618,#4620,#4621,#4622));
#4624=FACE_OUTER_BOUND('3848',#4623,.F.);
#4625=ADVANCED_FACE('3848',(#4624),#4616,.T.);
#4626=CARTESIAN_POINT('',(-1.54E0,-7.E0,1.27E0));
#4627=DIRECTION('',(-1.E0,0.E0,0.E0));
#4628=DIRECTION('',(0.E0,1.E0,0.E0));
#4629=AXIS2_PLACEMENT_3D('',#4626,#4627,#4628);
#4630=PLANE('3855',#4629);
#4631=ORIENTED_EDGE('4131',*,*,#4050,.F.);
#4633=ORIENTED_EDGE('4153',*,*,#4632,.F.);
#4634=ORIENTED_EDGE('4021',*,*,#4617,.T.);
#4635=ORIENTED_EDGE('3996',*,*,#3826,.T.);
#4636=EDGE_LOOP('3855',(#4631,#4633,#4634,#4635));
#4637=FACE_OUTER_BOUND('3855',#4636,.F.);
#4638=ADVANCED_FACE('3855',(#4637),#4630,.T.);
#4639=CARTESIAN_POINT('',(0.E0,-7.E0,-9.762465990578E-1));
#4640=DIRECTION('',(0.E0,8.715574274766E-2,-9.961946980917E-1));
#4641=DIRECTION('',(0.E0,9.961946980917E-1,8.715574274766E-2));
#4642=AXIS2_PLACEMENT_3D('',#4639,#4640,#4641);
#4643=PLANE('3865',#4642);
#4644=ORIENTED_EDGE('4114',*,*,#4048,.F.);
#4645=ORIENTED_EDGE('4175',*,*,#4607,.F.);
#4646=ORIENTED_EDGE('4045',*,*,#4619,.T.);
#4647=ORIENTED_EDGE('4153',*,*,#4632,.T.);
#4648=EDGE_LOOP('3865',(#4644,#4645,#4646,#4647));
#4649=FACE_OUTER_BOUND('3865',#4648,.F.);
#4650=ADVANCED_FACE('3865',(#4649),#4643,.F.);
#4651=CARTESIAN_POINT('',(-3.54E0,-6.7E0,1.27E0));
#4652=DIRECTION('',(1.E0,0.E0,0.E0));
#4653=DIRECTION('',(0.E0,-1.E0,0.E0));
#4654=AXIS2_PLACEMENT_3D('',#4651,#4652,#4653);
#4655=PLANE('3854',#4654);
#4656=ORIENTED_EDGE('4132',*,*,#4053,.F.);
#4657=ORIENTED_EDGE('3995',*,*,#3822,.T.);
#4659=ORIENTED_EDGE('4012',*,*,#4658,.F.);
#4661=ORIENTED_EDGE('4112',*,*,#4660,.T.);
#4662=EDGE_LOOP('3854',(#4656,#4657,#4659,#4661));
#4663=FACE_OUTER_BOUND('3854',#4662,.F.);
#4664=ADVANCED_FACE('3854',(#4663),#4655,.T.);
#4665=CARTESIAN_POINT('',(-3.81E0,-7.E0,1.27E0));
#4666=DIRECTION('',(0.E0,-1.E0,0.E0));
#4667=DIRECTION('',(-1.E0,0.E0,0.E0));
#4668=AXIS2_PLACEMENT_3D('',#4665,#4666,#4667);
#4669=PLANE('3847',#4668);
#4671=ORIENTED_EDGE('4010',*,*,#4670,.F.);
#4673=ORIENTED_EDGE('4043',*,*,#4672,.F.);
#4674=ORIENTED_EDGE('4012',*,*,#4658,.T.);
#4675=ORIENTED_EDGE('3947',*,*,#3820,.F.);
#4676=EDGE_LOOP('3847',(#4671,#4673,#4674,#4675));
#4677=FACE_OUTER_BOUND('3847',#4676,.F.);
#4678=ADVANCED_FACE('3847',(#4677),#4669,.T.);
#4679=CARTESIAN_POINT('',(-4.08E0,-7.E0,1.27E0));
#4680=DIRECTION('',(-1.E0,0.E0,0.E0));
#4681=DIRECTION('',(0.E0,1.E0,0.E0));
#4682=AXIS2_PLACEMENT_3D('',#4679,#4680,#4681);
#4683=PLANE('3853',#4682);
#4684=ORIENTED_EDGE('4127',*,*,#4057,.F.);
#4686=ORIENTED_EDGE('4110',*,*,#4685,.F.);
#4687=ORIENTED_EDGE('4010',*,*,#4670,.T.);
#4688=ORIENTED_EDGE('3992',*,*,#3818,.T.);
#4689=EDGE_LOOP('3853',(#4684,#4686,#4687,#4688));
#4690=FACE_OUTER_BOUND('3853',#4689,.F.);
#4691=ADVANCED_FACE('3853',(#4690),#4683,.T.);
#4692=CARTESIAN_POINT('',(0.E0,-7.E0,-9.762465990578E-1));
#4693=DIRECTION('',(0.E0,8.715574274766E-2,-9.961946980917E-1));
#4694=DIRECTION('',(0.E0,9.961946980917E-1,8.715574274766E-2));
#4695=AXIS2_PLACEMENT_3D('',#4692,#4693,#4694);
#4696=PLANE('3864',#4695);
#4697=ORIENTED_EDGE('4110',*,*,#4685,.T.);
#4698=ORIENTED_EDGE('4115',*,*,#4055,.F.);
#4699=ORIENTED_EDGE('4112',*,*,#4660,.F.);
#4700=ORIENTED_EDGE('4043',*,*,#4672,.T.);
#4701=EDGE_LOOP('3864',(#4697,#4698,#4699,#4700));
#4702=FACE_OUTER_BOUND('3864',#4701,.F.);
#4703=ADVANCED_FACE('3864',(#4702),#4696,.F.);
#4704=CARTESIAN_POINT('',(-6.08E0,-6.7E0,1.27E0));
#4705=DIRECTION('',(1.E0,0.E0,0.E0));
#4706=DIRECTION('',(0.E0,-1.E0,0.E0));
#4707=AXIS2_PLACEMENT_3D('',#4704,#4705,#4706);
#4708=PLANE('3852',#4707);
#4709=ORIENTED_EDGE('4128',*,*,#4060,.F.);
#4710=ORIENTED_EDGE('3991',*,*,#3814,.T.);
#4712=ORIENTED_EDGE('4008',*,*,#4711,.F.);
#4714=ORIENTED_EDGE('4108',*,*,#4713,.T.);
#4715=EDGE_LOOP('3852',(#4709,#4710,#4712,#4714));
#4716=FACE_OUTER_BOUND('3852',#4715,.F.);
#4717=ADVANCED_FACE('3852',(#4716),#4708,.T.);
#4718=CARTESIAN_POINT('',(-6.35E0,-7.E0,1.27E0));
#4719=DIRECTION('',(0.E0,-1.E0,0.E0));
#4720=DIRECTION('',(-1.E0,0.E0,0.E0));
#4721=AXIS2_PLACEMENT_3D('',#4718,#4719,#4720);
#4722=PLANE('3846',#4721);
#4724=ORIENTED_EDGE('4006',*,*,#4723,.F.);
#4726=ORIENTED_EDGE('4041',*,*,#4725,.F.);
#4727=ORIENTED_EDGE('4008',*,*,#4711,.T.);
#4728=ORIENTED_EDGE('3943',*,*,#3812,.F.);
#4729=EDGE_LOOP('3846',(#4724,#4726,#4727,#4728));
#4730=FACE_OUTER_BOUND('3846',#4729,.F.);
#4731=ADVANCED_FACE('3846',(#4730),#4722,.T.);
#4732=CARTESIAN_POINT('',(-6.62E0,-7.E0,1.27E0));
#4733=DIRECTION('',(-1.E0,0.E0,0.E0));
#4734=DIRECTION('',(0.E0,1.E0,0.E0));
#4735=AXIS2_PLACEMENT_3D('',#4732,#4733,#4734);
#4736=PLANE('3851',#4735);
#4737=ORIENTED_EDGE('4142',*,*,#4064,.F.);
#4739=ORIENTED_EDGE('4106',*,*,#4738,.F.);
#4740=ORIENTED_EDGE('4006',*,*,#4723,.T.);
#4741=ORIENTED_EDGE('3988',*,*,#3810,.T.);
#4742=EDGE_LOOP('3851',(#4737,#4739,#4740,#4741));
#4743=FACE_OUTER_BOUND('3851',#4742,.F.);
#4744=ADVANCED_FACE('3851',(#4743),#4736,.T.);
#4745=CARTESIAN_POINT('',(0.E0,-7.E0,-9.762465990578E-1));
#4746=DIRECTION('',(0.E0,8.715574274766E-2,-9.961946980917E-1));
#4747=DIRECTION('',(0.E0,9.961946980917E-1,8.715574274766E-2));
#4748=AXIS2_PLACEMENT_3D('',#4745,#4746,#4747);
#4749=PLANE('3659',#4748);
#4750=ORIENTED_EDGE('4106',*,*,#4738,.T.);
#4751=ORIENTED_EDGE('4155',*,*,#4062,.F.);
#4752=ORIENTED_EDGE('4108',*,*,#4713,.F.);
#4753=ORIENTED_EDGE('4041',*,*,#4725,.T.);
#4754=EDGE_LOOP('3659',(#4750,#4751,#4752,#4753));
#4755=FACE_OUTER_BOUND('3659',#4754,.F.);
#4756=ADVANCED_FACE('3659',(#4755),#4749,.F.);
#4757=CARTESIAN_POINT('',(-8.62E0,-6.7E0,1.27E0));
#4758=DIRECTION('',(1.E0,0.E0,0.E0));
#4759=DIRECTION('',(0.E0,-1.E0,0.E0));
#4760=AXIS2_PLACEMENT_3D('',#4757,#4758,#4759);
#4761=PLANE('3643',#4760);
#4762=ORIENTED_EDGE('4143',*,*,#4067,.F.);
#4763=ORIENTED_EDGE('3987',*,*,#3806,.T.);
#4764=ORIENTED_EDGE('3984',*,*,#3876,.F.);
#4765=ORIENTED_EDGE('3985',*,*,#3943,.F.);
#4766=EDGE_LOOP('3643',(#4762,#4763,#4764,#4765));
#4767=FACE_OUTER_BOUND('3643',#4766,.F.);
#4768=ADVANCED_FACE('3643',(#4767),#4761,.T.);
#4769=CARTESIAN_POINT('',(-6.62E0,-7.E0,1.27E0));
#4770=DIRECTION('',(-1.E0,0.E0,0.E0));
#4771=DIRECTION('',(0.E0,1.E0,0.E0));
#4772=AXIS2_PLACEMENT_3D('',#4769,#4770,#4771);
#4773=PLANE('3644',#4772);
#4774=ORIENTED_EDGE('4141',*,*,#4070,.F.);
#4775=ORIENTED_EDGE('3986',*,*,#3939,.F.);
#4777=ORIENTED_EDGE('4005',*,*,#4776,.T.);
#4779=ORIENTED_EDGE('4107',*,*,#4778,.F.);
#4780=EDGE_LOOP('3644',(#4774,#4775,#4777,#4779));
#4781=FACE_OUTER_BOUND('3644',#4780,.F.);
#4782=ADVANCED_FACE('3644',(#4781),#4773,.T.);
#4783=CARTESIAN_POINT('',(-6.35E0,-7.E0,1.27E0));
#4784=DIRECTION('',(0.E0,-1.E0,0.E0));
#4785=DIRECTION('',(-1.E0,0.E0,0.E0));
#4786=AXIS2_PLACEMENT_3D('',#4783,#4784,#4785);
#4787=PLANE('3622',#4786);
#4788=ORIENTED_EDGE('4005',*,*,#4776,.F.);
#4789=ORIENTED_EDGE('3942',*,*,#3937,.F.);
#4791=ORIENTED_EDGE('4007',*,*,#4790,.T.);
#4793=ORIENTED_EDGE('4042',*,*,#4792,.T.);
#4794=EDGE_LOOP('3622',(#4788,#4789,#4791,#4793));
#4795=FACE_OUTER_BOUND('3622',#4794,.F.);
#4796=ADVANCED_FACE('3622',(#4795),#4787,.T.);
#4797=CARTESIAN_POINT('',(-6.08E0,-6.7E0,1.27E0));
#4798=DIRECTION('',(1.E0,0.E0,0.E0));
#4799=DIRECTION('',(0.E0,-1.E0,0.E0));
#4800=AXIS2_PLACEMENT_3D('',#4797,#4798,#4799);
#4801=PLANE('3645',#4800);
#4802=ORIENTED_EDGE('4129',*,*,#4074,.F.);
#4804=ORIENTED_EDGE('4109',*,*,#4803,.T.);
#4805=ORIENTED_EDGE('4007',*,*,#4790,.F.);
#4806=ORIENTED_EDGE('3989',*,*,#3935,.F.);
#4807=EDGE_LOOP('3645',(#4802,#4804,#4805,#4806));
#4808=FACE_OUTER_BOUND('3645',#4807,.F.);
#4809=ADVANCED_FACE('3645',(#4808),#4801,.T.);
#4810=CARTESIAN_POINT('',(0.E0,-6.7E0,9.5E-1));
#4811=DIRECTION('',(0.E0,8.715574274766E-2,9.961946980917E-1));
#4812=DIRECTION('',(0.E0,-9.961946980917E-1,8.715574274766E-2));
#4813=AXIS2_PLACEMENT_3D('',#4810,#4811,#4812);
#4814=PLANE('3660',#4813);
#4815=ORIENTED_EDGE('4107',*,*,#4778,.T.);
#4816=ORIENTED_EDGE('4042',*,*,#4792,.F.);
#4817=ORIENTED_EDGE('4109',*,*,#4803,.F.);
#4818=ORIENTED_EDGE('4156',*,*,#4072,.T.);
#4819=EDGE_LOOP('3660',(#4815,#4816,#4817,#4818));
#4820=FACE_OUTER_BOUND('3660',#4819,.F.);
#4821=ADVANCED_FACE('3660',(#4820),#4814,.F.);
#4822=CARTESIAN_POINT('',(-4.08E0,-7.E0,1.27E0));
#4823=DIRECTION('',(-1.E0,0.E0,0.E0));
#4824=DIRECTION('',(0.E0,1.E0,0.E0));
#4825=AXIS2_PLACEMENT_3D('',#4822,#4823,#4824);
#4826=PLANE('3646',#4825);
#4827=ORIENTED_EDGE('4126',*,*,#4077,.F.);
#4828=ORIENTED_EDGE('3990',*,*,#3931,.F.);
#4830=ORIENTED_EDGE('4009',*,*,#4829,.T.);
#4832=ORIENTED_EDGE('4111',*,*,#4831,.F.);
#4833=EDGE_LOOP('3646',(#4827,#4828,#4830,#4832));
#4834=FACE_OUTER_BOUND('3646',#4833,.F.);
#4835=ADVANCED_FACE('3646',(#4834),#4826,.T.);
#4836=CARTESIAN_POINT('',(-3.81E0,-7.E0,1.27E0));
#4837=DIRECTION('',(0.E0,-1.E0,0.E0));
#4838=DIRECTION('',(-1.E0,0.E0,0.E0));
#4839=AXIS2_PLACEMENT_3D('',#4836,#4837,#4838);
#4840=PLANE('3623',#4839);
#4841=ORIENTED_EDGE('4009',*,*,#4829,.F.);
#4842=ORIENTED_EDGE('3946',*,*,#3929,.F.);
#4844=ORIENTED_EDGE('4011',*,*,#4843,.T.);
#4846=ORIENTED_EDGE('4044',*,*,#4845,.T.);
#4847=EDGE_LOOP('3623',(#4841,#4842,#4844,#4846));
#4848=FACE_OUTER_BOUND('3623',#4847,.F.);
#4849=ADVANCED_FACE('3623',(#4848),#4840,.T.);
#4850=CARTESIAN_POINT('',(-3.54E0,-6.7E0,1.27E0));
#4851=DIRECTION('',(1.E0,0.E0,0.E0));
#4852=DIRECTION('',(0.E0,-1.E0,0.E0));
#4853=AXIS2_PLACEMENT_3D('',#4850,#4851,#4852);
#4854=PLANE('3647',#4853);
#4855=ORIENTED_EDGE('4133',*,*,#4081,.F.);
#4857=ORIENTED_EDGE('4113',*,*,#4856,.T.);
#4858=ORIENTED_EDGE('4011',*,*,#4843,.F.);
#4859=ORIENTED_EDGE('3993',*,*,#3927,.F.);
#4860=EDGE_LOOP('3647',(#4855,#4857,#4858,#4859));
#4861=FACE_OUTER_BOUND('3647',#4860,.F.);
#4862=ADVANCED_FACE('3647',(#4861),#4854,.T.);
#4863=CARTESIAN_POINT('',(0.E0,-6.7E0,9.5E-1));
#4864=DIRECTION('',(0.E0,8.715574274766E-2,9.961946980917E-1));
#4865=DIRECTION('',(0.E0,-9.961946980917E-1,8.715574274766E-2));
#4866=AXIS2_PLACEMENT_3D('',#4863,#4864,#4865);
#4867=PLANE('3866',#4866);
#4868=ORIENTED_EDGE('4111',*,*,#4831,.T.);
#4869=ORIENTED_EDGE('4044',*,*,#4845,.F.);
#4870=ORIENTED_EDGE('4113',*,*,#4856,.F.);
#4871=ORIENTED_EDGE('4117',*,*,#4079,.T.);
#4872=EDGE_LOOP('3866',(#4868,#4869,#4870,#4871));
#4873=FACE_OUTER_BOUND('3866',#4872,.F.);
#4874=ADVANCED_FACE('3866',(#4873),#4867,.F.);
#4875=CARTESIAN_POINT('',(-7.92E0,-6.8E0,7.9386E-1));
#4876=DIRECTION('',(0.E0,0.E0,1.E0));
#4877=DIRECTION('',(0.E0,1.E0,0.E0));
#4878=AXIS2_PLACEMENT_3D('',#4875,#4876,#4877);
#4879=PLANE('3666',#4878);
#4880=ORIENTED_EDGE('4226',*,*,#4086,.F.);
#4882=ORIENTED_EDGE('4235',*,*,#4881,.F.);
#4884=ORIENTED_EDGE('4192',*,*,#4883,.F.);
#4886=ORIENTED_EDGE('4234',*,*,#4885,.T.);
#4887=EDGE_LOOP('3666',(#4880,#4882,#4884,#4886));
#4888=FACE_OUTER_BOUND('3666',#4887,.F.);
#4889=ADVANCED_FACE('3666',(#4888),#4879,.T.);
#4890=CARTESIAN_POINT('',(-7.32E0,-6.515E0,6.9386E-1));
#4891=DIRECTION('',(1.E0,0.E0,0.E0));
#4892=DIRECTION('',(0.E0,1.E0,0.E0));
#4893=AXIS2_PLACEMENT_3D('',#4890,#4891,#4892);
#4894=PLANE('3671',#4893);
#4895=ORIENTED_EDGE('4229',*,*,#4092,.F.);
#4897=ORIENTED_EDGE('4237',*,*,#4896,.F.);
#4899=ORIENTED_EDGE('4201',*,*,#4898,.F.);
#4900=ORIENTED_EDGE('4235',*,*,#4881,.T.);
#4901=EDGE_LOOP('3671',(#4895,#4897,#4899,#4900));
#4902=FACE_OUTER_BOUND('3671',#4901,.F.);
#4903=ADVANCED_FACE('3671',(#4902),#4894,.T.);
#4904=CARTESIAN_POINT('',(-7.92E0,-6.8E0,5.9386E-1));
#4905=DIRECTION('',(0.E0,0.E0,1.E0));
#4906=DIRECTION('',(0.E0,1.E0,0.E0));
#4907=AXIS2_PLACEMENT_3D('',#4904,#4905,#4906);
#4908=PLANE('3669',#4907);
#4909=ORIENTED_EDGE('4227',*,*,#4090,.T.);
#4911=ORIENTED_EDGE('4236',*,*,#4910,.F.);
#4913=ORIENTED_EDGE('4199',*,*,#4912,.T.);
#4914=ORIENTED_EDGE('4237',*,*,#4896,.T.);
#4915=EDGE_LOOP('3669',(#4909,#4911,#4913,#4914));
#4916=FACE_OUTER_BOUND('3669',#4915,.F.);
#4917=ADVANCED_FACE('3669',(#4916),#4908,.F.);
#4918=CARTESIAN_POINT('',(-7.92E0,-6.515E0,6.9386E-1));
#4919=DIRECTION('',(1.E0,0.E0,0.E0));
#4920=DIRECTION('',(0.E0,1.E0,0.E0));
#4921=AXIS2_PLACEMENT_3D('',#4918,#4919,#4920);
#4922=PLANE('3670',#4921);
#4923=ORIENTED_EDGE('4228',*,*,#4088,.T.);
#4924=ORIENTED_EDGE('4234',*,*,#4885,.F.);
#4926=ORIENTED_EDGE('4200',*,*,#4925,.T.);
#4927=ORIENTED_EDGE('4236',*,*,#4910,.T.);
#4928=EDGE_LOOP('3670',(#4923,#4924,#4926,#4927));
#4929=FACE_OUTER_BOUND('3670',#4928,.F.);
#4930=ADVANCED_FACE('3670',(#4929),#4922,.F.);
#4931=CARTESIAN_POINT('',(-7.92E0,-7.012132034356E0,7.817279656440E-1));
#4932=DIRECTION('',(1.E0,0.E0,0.E0));
#4933=DIRECTION('',(0.E0,0.E0,-1.E0));
#4934=AXIS2_PLACEMENT_3D('',#4931,#4932,#4933);
#4935=PLANE('3672',#4934);
#4937=ORIENTED_EDGE('4187',*,*,#4936,.F.);
#4939=ORIENTED_EDGE('4202',*,*,#4938,.T.);
#4941=ORIENTED_EDGE('4194',*,*,#4940,.T.);
#4942=ORIENTED_EDGE('4200',*,*,#4925,.F.);
#4943=EDGE_LOOP('3672',(#4937,#4939,#4941,#4942));
#4944=FACE_OUTER_BOUND('3672',#4943,.F.);
#4945=ADVANCED_FACE('3672',(#4944),#4935,.F.);
#4946=CARTESIAN_POINT('',(-7.92E0,-6.8E0,9.9386E-1));
#4947=DIRECTION('',(-1.E0,0.E0,0.E0));
#4948=DIRECTION('',(0.E0,0.E0,1.E0));
#4949=AXIS2_PLACEMENT_3D('',#4946,#4947,#4948);
#4950=CYLINDRICAL_SURFACE('3665',#4949,2.E-1);
#4951=ORIENTED_EDGE('4187',*,*,#4936,.T.);
#4952=ORIENTED_EDGE('4192',*,*,#4883,.T.);
#4954=ORIENTED_EDGE('4189',*,*,#4953,.F.);
#4956=ORIENTED_EDGE('4191',*,*,#4955,.F.);
#4957=EDGE_LOOP('3665',(#4951,#4952,#4954,#4956));
#4958=FACE_OUTER_BOUND('3665',#4957,.F.);
#4959=ADVANCED_FACE('3665',(#4958),#4950,.F.);
#4960=CARTESIAN_POINT('',(-7.32E0,-7.012132034356E0,7.817279656440E-1));
#4961=DIRECTION('',(1.E0,0.E0,0.E0));
#4962=DIRECTION('',(0.E0,0.E0,-1.E0));
#4963=AXIS2_PLACEMENT_3D('',#4960,#4961,#4962);
#4964=PLANE('3673',#4963);
#4965=ORIENTED_EDGE('4189',*,*,#4953,.T.);
#4966=ORIENTED_EDGE('4201',*,*,#4898,.T.);
#4968=ORIENTED_EDGE('4196',*,*,#4967,.F.);
#4970=ORIENTED_EDGE('4203',*,*,#4969,.F.);
#4971=EDGE_LOOP('3673',(#4965,#4966,#4968,#4970));
#4972=FACE_OUTER_BOUND('3673',#4971,.F.);
#4973=ADVANCED_FACE('3673',(#4972),#4964,.T.);
#4974=CARTESIAN_POINT('',(-7.92E0,-6.8E0,9.9386E-1));
#4975=DIRECTION('',(-1.E0,0.E0,0.E0));
#4976=DIRECTION('',(0.E0,0.E0,1.E0));
#4977=AXIS2_PLACEMENT_3D('',#4974,#4975,#4976);
#4978=CYLINDRICAL_SURFACE('3668',#4977,4.E-1);
#4979=ORIENTED_EDGE('4194',*,*,#4940,.F.);
#4981=ORIENTED_EDGE('4198',*,*,#4980,.T.);
#4982=ORIENTED_EDGE('4196',*,*,#4967,.T.);
#4983=ORIENTED_EDGE('4199',*,*,#4912,.F.);
#4984=EDGE_LOOP('3668',(#4979,#4981,#4982,#4983));
#4985=FACE_OUTER_BOUND('3668',#4984,.F.);
#4986=ADVANCED_FACE('3668',(#4985),#4978,.T.);
#4987=CARTESIAN_POINT('',(-7.92E0,-7.2E0,1.59386E0));
#4988=DIRECTION('',(0.E0,1.E0,0.E0));
#4989=DIRECTION('',(0.E0,0.E0,-1.E0));
#4990=AXIS2_PLACEMENT_3D('',#4987,#4988,#4989);
#4991=PLANE('3667',#4990);
#4993=ORIENTED_EDGE('4193',*,*,#4992,.F.);
#4995=ORIENTED_EDGE('4197',*,*,#4994,.T.);
#4997=ORIENTED_EDGE('4195',*,*,#4996,.T.);
#4998=ORIENTED_EDGE('4198',*,*,#4980,.F.);
#4999=EDGE_LOOP('3667',(#4993,#4995,#4997,#4998));
#5000=FACE_OUTER_BOUND('3667',#4999,.F.);
#5001=ADVANCED_FACE('3667',(#5000),#4991,.F.);
#5002=CARTESIAN_POINT('',(-7.92E0,-7.1E0,1.29386E0));
#5003=DIRECTION('',(1.E0,0.E0,0.E0));
#5004=DIRECTION('',(0.E0,0.E0,-1.E0));
#5005=AXIS2_PLACEMENT_3D('',#5002,#5003,#5004);
#5006=PLANE('3674',#5005);
#5008=ORIENTED_EDGE('4186',*,*,#5007,.F.);
#5010=ORIENTED_EDGE('4204',*,*,#5009,.T.);
#5011=ORIENTED_EDGE('4193',*,*,#4992,.T.);
#5012=ORIENTED_EDGE('4202',*,*,#4938,.F.);
#5013=EDGE_LOOP('3674',(#5008,#5010,#5011,#5012));
#5014=FACE_OUTER_BOUND('3674',#5013,.F.);
#5015=ADVANCED_FACE('3674',(#5014),#5006,.F.);
#5016=CARTESIAN_POINT('',(-7.92E0,-7.E0,1.59386E0));
#5017=DIRECTION('',(0.E0,1.E0,0.E0));
#5018=DIRECTION('',(0.E0,0.E0,-1.E0));
#5019=AXIS2_PLACEMENT_3D('',#5016,#5017,#5018);
#5020=PLANE('3664',#5019);
#5021=ORIENTED_EDGE('4186',*,*,#5007,.T.);
#5022=ORIENTED_EDGE('4191',*,*,#4955,.T.);
#5024=ORIENTED_EDGE('4188',*,*,#5023,.F.);
#5026=ORIENTED_EDGE('4190',*,*,#5025,.F.);
#5027=EDGE_LOOP('3664',(#5021,#5022,#5024,#5026));
#5028=FACE_OUTER_BOUND('3664',#5027,.F.);
#5029=ADVANCED_FACE('3664',(#5028),#5020,.T.);
#5030=CARTESIAN_POINT('',(-7.32E0,-7.1E0,1.29386E0));
#5031=DIRECTION('',(1.E0,0.E0,0.E0));
#5032=DIRECTION('',(0.E0,0.E0,-1.E0));
#5033=AXIS2_PLACEMENT_3D('',#5030,#5031,#5032);
#5034=PLANE('3675',#5033);
#5035=ORIENTED_EDGE('4188',*,*,#5023,.T.);
#5036=ORIENTED_EDGE('4203',*,*,#4969,.T.);
#5037=ORIENTED_EDGE('4195',*,*,#4996,.F.);
#5039=ORIENTED_EDGE('4205',*,*,#5038,.F.);
#5040=EDGE_LOOP('3675',(#5035,#5036,#5037,#5039));
#5041=FACE_OUTER_BOUND('3675',#5040,.F.);
#5042=ADVANCED_FACE('3675',(#5041),#5034,.T.);
#5043=CARTESIAN_POINT('',(-7.62E0,-7.1E0,1.59386E0));
#5044=DIRECTION('',(0.E0,0.E0,1.E0));
#5045=DIRECTION('',(1.E0,0.E0,0.E0));
#5046=AXIS2_PLACEMENT_3D('',#5043,#5044,#5045);
#5047=PLANE('3676',#5046);
#5048=ORIENTED_EDGE('4190',*,*,#5025,.T.);
#5049=ORIENTED_EDGE('4205',*,*,#5038,.T.);
#5050=ORIENTED_EDGE('4197',*,*,#4994,.F.);
#5051=ORIENTED_EDGE('4204',*,*,#5009,.F.);
#5052=EDGE_LOOP('3676',(#5048,#5049,#5050,#5051));
#5053=FACE_OUTER_BOUND('3676',#5052,.F.);
#5054=ADVANCED_FACE('3676',(#5053),#5047,.T.);
#5055=CARTESIAN_POINT('',(-7.91E0,-6.43E0,-7.938686366889E-1));
#5056=DIRECTION('',(0.E0,0.E0,-1.E0));
#5057=DIRECTION('',(0.E0,-1.E0,0.E0));
#5058=AXIS2_PLACEMENT_3D('',#5055,#5056,#5057);
#5059=PLANE('3677',#5058);
#5060=ORIENTED_EDGE('4230',*,*,#4096,.T.);
#5062=ORIENTED_EDGE('4238',*,*,#5061,.T.);
#5064=ORIENTED_EDGE('4210',*,*,#5063,.T.);
#5066=ORIENTED_EDGE('4239',*,*,#5065,.F.);
#5067=EDGE_LOOP('3677',(#5060,#5062,#5064,#5066));
#5068=FACE_OUTER_BOUND('3677',#5067,.F.);
#5069=ADVANCED_FACE('3677',(#5068),#5059,.T.);
#5070=CARTESIAN_POINT('',(-7.91E0,-6.615E0,-6.938686366889E-1));
#5071=DIRECTION('',(1.E0,0.E0,0.E0));
#5072=DIRECTION('',(0.E0,-1.E0,0.E0));
#5073=AXIS2_PLACEMENT_3D('',#5070,#5071,#5072);
#5074=PLANE('3688',#5073);
#5075=ORIENTED_EDGE('4232',*,*,#4102,.F.);
#5077=ORIENTED_EDGE('4240',*,*,#5076,.T.);
#5079=ORIENTED_EDGE('4224',*,*,#5078,.F.);
#5080=ORIENTED_EDGE('4238',*,*,#5061,.F.);
#5081=EDGE_LOOP('3688',(#5075,#5077,#5079,#5080));
#5082=FACE_OUTER_BOUND('3688',#5081,.F.);
#5083=ADVANCED_FACE('3688',(#5082),#5074,.F.);
#5084=CARTESIAN_POINT('',(-7.91E0,-6.43E0,-5.938686366889E-1));
#5085=DIRECTION('',(0.E0,0.E0,-1.E0));
#5086=DIRECTION('',(0.E0,-1.E0,0.E0));
#5087=AXIS2_PLACEMENT_3D('',#5084,#5085,#5086);
#5088=PLANE('3680',#5087);
#5089=ORIENTED_EDGE('4231',*,*,#4100,.F.);
#5091=ORIENTED_EDGE('4241',*,*,#5090,.T.);
#5093=ORIENTED_EDGE('4217',*,*,#5092,.F.);
#5094=ORIENTED_EDGE('4240',*,*,#5076,.F.);
#5095=EDGE_LOOP('3680',(#5089,#5091,#5093,#5094));
#5096=FACE_OUTER_BOUND('3680',#5095,.F.);
#5097=ADVANCED_FACE('3680',(#5096),#5088,.F.);
#5098=CARTESIAN_POINT('',(-7.33E0,-6.615E0,-6.938686366889E-1));
#5099=DIRECTION('',(1.E0,0.E0,0.E0));
#5100=DIRECTION('',(0.E0,-1.E0,0.E0));
#5101=AXIS2_PLACEMENT_3D('',#5098,#5099,#5100);
#5102=PLANE('3689',#5101);
#5103=ORIENTED_EDGE('4233',*,*,#4098,.T.);
#5104=ORIENTED_EDGE('4239',*,*,#5065,.T.);
#5106=ORIENTED_EDGE('4225',*,*,#5105,.T.);
#5107=ORIENTED_EDGE('4241',*,*,#5090,.F.);
#5108=EDGE_LOOP('3689',(#5103,#5104,#5106,#5107));
#5109=FACE_OUTER_BOUND('3689',#5108,.F.);
#5110=ADVANCED_FACE('3689',(#5109),#5102,.T.);
#5111=CARTESIAN_POINT('',(-7.33E0,-7.012132034356E0,-7.817366023329E-1));
#5112=DIRECTION('',(1.E0,0.E0,0.E0));
#5113=DIRECTION('',(0.E0,-1.E0,0.E0));
#5114=AXIS2_PLACEMENT_3D('',#5111,#5112,#5113);
#5115=PLANE('3687',#5114);
#5117=ORIENTED_EDGE('4208',*,*,#5116,.T.);
#5119=ORIENTED_EDGE('4223',*,*,#5118,.T.);
#5121=ORIENTED_EDGE('4215',*,*,#5120,.F.);
#5122=ORIENTED_EDGE('4225',*,*,#5105,.F.);
#5123=EDGE_LOOP('3687',(#5117,#5119,#5121,#5122));
#5124=FACE_OUTER_BOUND('3687',#5123,.F.);
#5125=ADVANCED_FACE('3687',(#5124),#5115,.T.);
#5126=CARTESIAN_POINT('',(-7.91E0,-6.8E0,-9.938686366889E-1));
#5127=DIRECTION('',(-1.E0,0.E0,0.E0));
#5128=DIRECTION('',(0.E0,-1.E0,0.E0));
#5129=AXIS2_PLACEMENT_3D('',#5126,#5127,#5128);
#5130=CYLINDRICAL_SURFACE('3678',#5129,2.E-1);
#5132=ORIENTED_EDGE('4206',*,*,#5131,.T.);
#5134=ORIENTED_EDGE('4211',*,*,#5133,.T.);
#5135=ORIENTED_EDGE('4208',*,*,#5116,.F.);
#5136=ORIENTED_EDGE('4210',*,*,#5063,.F.);
#5137=EDGE_LOOP('3678',(#5132,#5134,#5135,#5136));
#5138=FACE_OUTER_BOUND('3678',#5137,.F.);
#5139=ADVANCED_FACE('3678',(#5138),#5130,.F.);
#5140=CARTESIAN_POINT('',(-7.91E0,-7.012132034356E0,-7.817366023329E-1));
#5141=DIRECTION('',(1.E0,0.E0,0.E0));
#5142=DIRECTION('',(0.E0,-1.E0,0.E0));
#5143=AXIS2_PLACEMENT_3D('',#5140,#5141,#5142);
#5144=PLANE('3686',#5143);
#5145=ORIENTED_EDGE('4206',*,*,#5131,.F.);
#5146=ORIENTED_EDGE('4224',*,*,#5078,.T.);
#5148=ORIENTED_EDGE('4213',*,*,#5147,.T.);
#5150=ORIENTED_EDGE('4221',*,*,#5149,.F.);
#5151=EDGE_LOOP('3686',(#5145,#5146,#5148,#5150));
#5152=FACE_OUTER_BOUND('3686',#5151,.F.);
#5153=ADVANCED_FACE('3686',(#5152),#5144,.F.);
#5154=CARTESIAN_POINT('',(-7.91E0,-6.8E0,-9.938686366889E-1));
#5155=DIRECTION('',(-1.E0,0.E0,0.E0));
#5156=DIRECTION('',(0.E0,-1.E0,0.E0));
#5157=AXIS2_PLACEMENT_3D('',#5154,#5155,#5156);
#5158=CYLINDRICAL_SURFACE('3681',#5157,4.E-1);
#5159=ORIENTED_EDGE('4213',*,*,#5147,.F.);
#5160=ORIENTED_EDGE('4217',*,*,#5092,.T.);
#5161=ORIENTED_EDGE('4215',*,*,#5120,.T.);
#5163=ORIENTED_EDGE('4218',*,*,#5162,.F.);
#5164=EDGE_LOOP('3681',(#5159,#5160,#5161,#5163));
#5165=FACE_OUTER_BOUND('3681',#5164,.F.);
#5166=ADVANCED_FACE('3681',(#5165),#5158,.T.);
#5167=CARTESIAN_POINT('',(-7.91E0,-7.2E0,-9.938686366889E-1));
#5168=DIRECTION('',(0.E0,1.E0,0.E0));
#5169=DIRECTION('',(0.E0,0.E0,-1.E0));
#5170=AXIS2_PLACEMENT_3D('',#5167,#5168,#5169);
#5171=PLANE('3682',#5170);
#5173=ORIENTED_EDGE('4214',*,*,#5172,.F.);
#5174=ORIENTED_EDGE('4218',*,*,#5162,.T.);
#5176=ORIENTED_EDGE('4216',*,*,#5175,.T.);
#5178=ORIENTED_EDGE('4219',*,*,#5177,.F.);
#5179=EDGE_LOOP('3682',(#5173,#5174,#5176,#5178));
#5180=FACE_OUTER_BOUND('3682',#5179,.F.);
#5181=ADVANCED_FACE('3682',(#5180),#5171,.F.);
#5182=CARTESIAN_POINT('',(-7.91E0,-7.1E0,-1.293868636689E0));
#5183=DIRECTION('',(1.E0,0.E0,0.E0));
#5184=DIRECTION('',(0.E0,0.E0,-1.E0));
#5185=AXIS2_PLACEMENT_3D('',#5182,#5183,#5184);
#5186=PLANE('3683',#5185);
#5188=ORIENTED_EDGE('4207',*,*,#5187,.F.);
#5189=ORIENTED_EDGE('4221',*,*,#5149,.T.);
#5190=ORIENTED_EDGE('4214',*,*,#5172,.T.);
#5192=ORIENTED_EDGE('4220',*,*,#5191,.F.);
#5193=EDGE_LOOP('3683',(#5188,#5189,#5190,#5192));
#5194=FACE_OUTER_BOUND('3683',#5193,.F.);
#5195=ADVANCED_FACE('3683',(#5194),#5186,.F.);
#5196=CARTESIAN_POINT('',(-7.91E0,-7.E0,-9.938686366889E-1));
#5197=DIRECTION('',(0.E0,1.E0,0.E0));
#5198=DIRECTION('',(0.E0,0.E0,-1.E0));
#5199=AXIS2_PLACEMENT_3D('',#5196,#5197,#5198);
#5200=PLANE('3679',#5199);
#5201=ORIENTED_EDGE('4207',*,*,#5187,.T.);
#5203=ORIENTED_EDGE('4212',*,*,#5202,.T.);
#5205=ORIENTED_EDGE('4209',*,*,#5204,.F.);
#5206=ORIENTED_EDGE('4211',*,*,#5133,.F.);
#5207=EDGE_LOOP('3679',(#5201,#5203,#5205,#5206));
#5208=FACE_OUTER_BOUND('3679',#5207,.F.);
#5209=ADVANCED_FACE('3679',(#5208),#5200,.T.);
#5210=CARTESIAN_POINT('',(-7.62E0,-7.1E0,-1.593868636689E0));
#5211=DIRECTION('',(0.E0,0.E0,1.E0));
#5212=DIRECTION('',(1.E0,0.E0,0.E0));
#5213=AXIS2_PLACEMENT_3D('',#5210,#5211,#5212);
#5214=PLANE('3684',#5213);
#5215=ORIENTED_EDGE('4212',*,*,#5202,.F.);
#5216=ORIENTED_EDGE('4220',*,*,#5191,.T.);
#5217=ORIENTED_EDGE('4219',*,*,#5177,.T.);
#5219=ORIENTED_EDGE('4222',*,*,#5218,.F.);
#5220=EDGE_LOOP('3684',(#5215,#5216,#5217,#5219));
#5221=FACE_OUTER_BOUND('3684',#5220,.F.);
#5222=ADVANCED_FACE('3684',(#5221),#5214,.F.);
#5223=CARTESIAN_POINT('',(-7.33E0,-7.1E0,-1.293868636689E0));
#5224=DIRECTION('',(1.E0,0.E0,0.E0));
#5225=DIRECTION('',(0.E0,0.E0,-1.E0));
#5226=AXIS2_PLACEMENT_3D('',#5223,#5224,#5225);
#5227=PLANE('3685',#5226);
#5228=ORIENTED_EDGE('4209',*,*,#5204,.T.);
#5229=ORIENTED_EDGE('4222',*,*,#5218,.T.);
#5230=ORIENTED_EDGE('4216',*,*,#5175,.F.);
#5231=ORIENTED_EDGE('4223',*,*,#5118,.F.);
#5232=EDGE_LOOP('3685',(#5228,#5229,#5230,#5231));
#5233=FACE_OUTER_BOUND('3685',#5232,.F.);
#5234=ADVANCED_FACE('3685',(#5233),#5227,.T.);
#5235=CARTESIAN_POINT('',(-5.38E0,-6.8E0,7.9386E-1));
#5236=DIRECTION('',(0.E0,0.E0,1.E0));
#5237=DIRECTION('',(0.E0,1.E0,0.E0));
#5238=AXIS2_PLACEMENT_3D('',#5235,#5236,#5237);
#5239=PLANE('3692',#5238);
#5240=ORIENTED_EDGE('4282',*,*,#4106,.F.);
#5242=ORIENTED_EDGE('4291',*,*,#5241,.F.);
#5244=ORIENTED_EDGE('4248',*,*,#5243,.F.);
#5246=ORIENTED_EDGE('4290',*,*,#5245,.T.);
#5247=EDGE_LOOP('3692',(#5240,#5242,#5244,#5246));
#5248=FACE_OUTER_BOUND('3692',#5247,.F.);
#5249=ADVANCED_FACE('3692',(#5248),#5239,.T.);
#5250=CARTESIAN_POINT('',(-4.78E0,-6.515E0,6.9386E-1));
#5251=DIRECTION('',(1.E0,0.E0,0.E0));
#5252=DIRECTION('',(0.E0,1.E0,0.E0));
#5253=AXIS2_PLACEMENT_3D('',#5250,#5251,#5252);
#5254=PLANE('3697',#5253);
#5255=ORIENTED_EDGE('4285',*,*,#4112,.F.);
#5257=ORIENTED_EDGE('4293',*,*,#5256,.F.);
#5259=ORIENTED_EDGE('4257',*,*,#5258,.F.);
#5260=ORIENTED_EDGE('4291',*,*,#5241,.T.);
#5261=EDGE_LOOP('3697',(#5255,#5257,#5259,#5260));
#5262=FACE_OUTER_BOUND('3697',#5261,.F.);
#5263=ADVANCED_FACE('3697',(#5262),#5254,.T.);
#5264=CARTESIAN_POINT('',(-5.38E0,-6.8E0,5.9386E-1));
#5265=DIRECTION('',(0.E0,0.E0,1.E0));
#5266=DIRECTION('',(0.E0,1.E0,0.E0));
#5267=AXIS2_PLACEMENT_3D('',#5264,#5265,#5266);
#5268=PLANE('3695',#5267);
#5269=ORIENTED_EDGE('4283',*,*,#4110,.T.);
#5271=ORIENTED_EDGE('4292',*,*,#5270,.F.);
#5273=ORIENTED_EDGE('4255',*,*,#5272,.T.);
#5274=ORIENTED_EDGE('4293',*,*,#5256,.T.);
#5275=EDGE_LOOP('3695',(#5269,#5271,#5273,#5274));
#5276=FACE_OUTER_BOUND('3695',#5275,.F.);
#5277=ADVANCED_FACE('3695',(#5276),#5268,.F.);
#5278=CARTESIAN_POINT('',(-5.38E0,-6.515E0,6.9386E-1));
#5279=DIRECTION('',(1.E0,0.E0,0.E0));
#5280=DIRECTION('',(0.E0,1.E0,0.E0));
#5281=AXIS2_PLACEMENT_3D('',#5278,#5279,#5280);
#5282=PLANE('3696',#5281);
#5283=ORIENTED_EDGE('4284',*,*,#4108,.T.);
#5284=ORIENTED_EDGE('4290',*,*,#5245,.F.);
#5286=ORIENTED_EDGE('4256',*,*,#5285,.T.);
#5287=ORIENTED_EDGE('4292',*,*,#5270,.T.);
#5288=EDGE_LOOP('3696',(#5283,#5284,#5286,#5287));
#5289=FACE_OUTER_BOUND('3696',#5288,.F.);
#5290=ADVANCED_FACE('3696',(#5289),#5282,.F.);
#5291=CARTESIAN_POINT('',(-5.38E0,-7.012132034356E0,7.817279656440E-1));
#5292=DIRECTION('',(1.E0,0.E0,0.E0));
#5293=DIRECTION('',(0.E0,0.E0,-1.E0));
#5294=AXIS2_PLACEMENT_3D('',#5291,#5292,#5293);
#5295=PLANE('3698',#5294);
#5297=ORIENTED_EDGE('4243',*,*,#5296,.F.);
#5299=ORIENTED_EDGE('4258',*,*,#5298,.T.);
#5301=ORIENTED_EDGE('4250',*,*,#5300,.T.);
#5302=ORIENTED_EDGE('4256',*,*,#5285,.F.);
#5303=EDGE_LOOP('3698',(#5297,#5299,#5301,#5302));
#5304=FACE_OUTER_BOUND('3698',#5303,.F.);
#5305=ADVANCED_FACE('3698',(#5304),#5295,.F.);
#5306=CARTESIAN_POINT('',(-5.38E0,-6.8E0,9.9386E-1));
#5307=DIRECTION('',(-1.E0,0.E0,0.E0));
#5308=DIRECTION('',(0.E0,0.E0,1.E0));
#5309=AXIS2_PLACEMENT_3D('',#5306,#5307,#5308);
#5310=CYLINDRICAL_SURFACE('3691',#5309,2.E-1);
#5311=ORIENTED_EDGE('4243',*,*,#5296,.T.);
#5312=ORIENTED_EDGE('4248',*,*,#5243,.T.);
#5314=ORIENTED_EDGE('4245',*,*,#5313,.F.);
#5316=ORIENTED_EDGE('4247',*,*,#5315,.F.);
#5317=EDGE_LOOP('3691',(#5311,#5312,#5314,#5316));
#5318=FACE_OUTER_BOUND('3691',#5317,.F.);
#5319=ADVANCED_FACE('3691',(#5318),#5310,.F.);
#5320=CARTESIAN_POINT('',(-4.78E0,-7.012132034356E0,7.817279656440E-1));
#5321=DIRECTION('',(1.E0,0.E0,0.E0));
#5322=DIRECTION('',(0.E0,0.E0,-1.E0));
#5323=AXIS2_PLACEMENT_3D('',#5320,#5321,#5322);
#5324=PLANE('3699',#5323);
#5325=ORIENTED_EDGE('4245',*,*,#5313,.T.);
#5326=ORIENTED_EDGE('4257',*,*,#5258,.T.);
#5328=ORIENTED_EDGE('4252',*,*,#5327,.F.);
#5330=ORIENTED_EDGE('4259',*,*,#5329,.F.);
#5331=EDGE_LOOP('3699',(#5325,#5326,#5328,#5330));
#5332=FACE_OUTER_BOUND('3699',#5331,.F.);
#5333=ADVANCED_FACE('3699',(#5332),#5324,.T.);
#5334=CARTESIAN_POINT('',(-5.38E0,-6.8E0,9.9386E-1));
#5335=DIRECTION('',(-1.E0,0.E0,0.E0));
#5336=DIRECTION('',(0.E0,0.E0,1.E0));
#5337=AXIS2_PLACEMENT_3D('',#5334,#5335,#5336);
#5338=CYLINDRICAL_SURFACE('3694',#5337,4.E-1);
#5339=ORIENTED_EDGE('4250',*,*,#5300,.F.);
#5341=ORIENTED_EDGE('4254',*,*,#5340,.T.);
#5342=ORIENTED_EDGE('4252',*,*,#5327,.T.);
#5343=ORIENTED_EDGE('4255',*,*,#5272,.F.);
#5344=EDGE_LOOP('3694',(#5339,#5341,#5342,#5343));
#5345=FACE_OUTER_BOUND('3694',#5344,.F.);
#5346=ADVANCED_FACE('3694',(#5345),#5338,.T.);
#5347=CARTESIAN_POINT('',(-5.38E0,-7.2E0,1.59386E0));
#5348=DIRECTION('',(0.E0,1.E0,0.E0));
#5349=DIRECTION('',(0.E0,0.E0,-1.E0));
#5350=AXIS2_PLACEMENT_3D('',#5347,#5348,#5349);
#5351=PLANE('3693',#5350);
#5353=ORIENTED_EDGE('4249',*,*,#5352,.F.);
#5355=ORIENTED_EDGE('4253',*,*,#5354,.T.);
#5357=ORIENTED_EDGE('4251',*,*,#5356,.T.);
#5358=ORIENTED_EDGE('4254',*,*,#5340,.F.);
#5359=EDGE_LOOP('3693',(#5353,#5355,#5357,#5358));
#5360=FACE_OUTER_BOUND('3693',#5359,.F.);
#5361=ADVANCED_FACE('3693',(#5360),#5351,.F.);
#5362=CARTESIAN_POINT('',(-5.38E0,-7.1E0,1.29386E0));
#5363=DIRECTION('',(1.E0,0.E0,0.E0));
#5364=DIRECTION('',(0.E0,0.E0,-1.E0));
#5365=AXIS2_PLACEMENT_3D('',#5362,#5363,#5364);
#5366=PLANE('3700',#5365);
#5368=ORIENTED_EDGE('4242',*,*,#5367,.F.);
#5370=ORIENTED_EDGE('4260',*,*,#5369,.T.);
#5371=ORIENTED_EDGE('4249',*,*,#5352,.T.);
#5372=ORIENTED_EDGE('4258',*,*,#5298,.F.);
#5373=EDGE_LOOP('3700',(#5368,#5370,#5371,#5372));
#5374=FACE_OUTER_BOUND('3700',#5373,.F.);
#5375=ADVANCED_FACE('3700',(#5374),#5366,.F.);
#5376=CARTESIAN_POINT('',(-5.38E0,-7.E0,1.59386E0));
#5377=DIRECTION('',(0.E0,1.E0,0.E0));
#5378=DIRECTION('',(0.E0,0.E0,-1.E0));
#5379=AXIS2_PLACEMENT_3D('',#5376,#5377,#5378);
#5380=PLANE('3690',#5379);
#5381=ORIENTED_EDGE('4242',*,*,#5367,.T.);
#5382=ORIENTED_EDGE('4247',*,*,#5315,.T.);
#5384=ORIENTED_EDGE('4244',*,*,#5383,.F.);
#5386=ORIENTED_EDGE('4246',*,*,#5385,.F.);
#5387=EDGE_LOOP('3690',(#5381,#5382,#5384,#5386));
#5388=FACE_OUTER_BOUND('3690',#5387,.F.);
#5389=ADVANCED_FACE('3690',(#5388),#5380,.T.);
#5390=CARTESIAN_POINT('',(-4.78E0,-7.1E0,1.29386E0));
#5391=DIRECTION('',(1.E0,0.E0,0.E0));
#5392=DIRECTION('',(0.E0,0.E0,-1.E0));
#5393=AXIS2_PLACEMENT_3D('',#5390,#5391,#5392);
#5394=PLANE('3701',#5393);
#5395=ORIENTED_EDGE('4244',*,*,#5383,.T.);
#5396=ORIENTED_EDGE('4259',*,*,#5329,.T.);
#5397=ORIENTED_EDGE('4251',*,*,#5356,.F.);
#5399=ORIENTED_EDGE('4261',*,*,#5398,.F.);
#5400=EDGE_LOOP('3701',(#5395,#5396,#5397,#5399));
#5401=FACE_OUTER_BOUND('3701',#5400,.F.);
#5402=ADVANCED_FACE('3701',(#5401),#5394,.T.);
#5403=CARTESIAN_POINT('',(-5.08E0,-7.1E0,1.59386E0));
#5404=DIRECTION('',(0.E0,0.E0,1.E0));
#5405=DIRECTION('',(1.E0,0.E0,0.E0));
#5406=AXIS2_PLACEMENT_3D('',#5403,#5404,#5405);
#5407=PLANE('3702',#5406);
#5408=ORIENTED_EDGE('4246',*,*,#5385,.T.);
#5409=ORIENTED_EDGE('4261',*,*,#5398,.T.);
#5410=ORIENTED_EDGE('4253',*,*,#5354,.F.);
#5411=ORIENTED_EDGE('4260',*,*,#5369,.F.);
#5412=EDGE_LOOP('3702',(#5408,#5409,#5410,#5411));
#5413=FACE_OUTER_BOUND('3702',#5412,.F.);
#5414=ADVANCED_FACE('3702',(#5413),#5407,.T.);
#5415=CARTESIAN_POINT('',(-5.37E0,-6.43E0,-7.938686366889E-1));
#5416=DIRECTION('',(0.E0,0.E0,-1.E0));
#5417=DIRECTION('',(0.E0,-1.E0,0.E0));
#5418=AXIS2_PLACEMENT_3D('',#5415,#5416,#5417);
#5419=PLANE('3703',#5418);
#5420=ORIENTED_EDGE('4286',*,*,#4116,.T.);
#5422=ORIENTED_EDGE('4294',*,*,#5421,.T.);
#5424=ORIENTED_EDGE('4266',*,*,#5423,.T.);
#5426=ORIENTED_EDGE('4295',*,*,#5425,.F.);
#5427=EDGE_LOOP('3703',(#5420,#5422,#5424,#5426));
#5428=FACE_OUTER_BOUND('3703',#5427,.F.);
#5429=ADVANCED_FACE('3703',(#5428),#5419,.T.);
#5430=CARTESIAN_POINT('',(-5.37E0,-6.615E0,-6.938686366889E-1));
#5431=DIRECTION('',(1.E0,0.E0,0.E0));
#5432=DIRECTION('',(0.E0,-1.E0,0.E0));
#5433=AXIS2_PLACEMENT_3D('',#5430,#5431,#5432);
#5434=PLANE('3714',#5433);
#5435=ORIENTED_EDGE('4288',*,*,#4122,.F.);
#5437=ORIENTED_EDGE('4296',*,*,#5436,.T.);
#5439=ORIENTED_EDGE('4280',*,*,#5438,.F.);
#5440=ORIENTED_EDGE('4294',*,*,#5421,.F.);
#5441=EDGE_LOOP('3714',(#5435,#5437,#5439,#5440));
#5442=FACE_OUTER_BOUND('3714',#5441,.F.);
#5443=ADVANCED_FACE('3714',(#5442),#5434,.F.);
#5444=CARTESIAN_POINT('',(-5.37E0,-6.43E0,-5.938686366889E-1));
#5445=DIRECTION('',(0.E0,0.E0,-1.E0));
#5446=DIRECTION('',(0.E0,-1.E0,0.E0));
#5447=AXIS2_PLACEMENT_3D('',#5444,#5445,#5446);
#5448=PLANE('3706',#5447);
#5449=ORIENTED_EDGE('4287',*,*,#4120,.F.);
#5451=ORIENTED_EDGE('4297',*,*,#5450,.T.);
#5453=ORIENTED_EDGE('4273',*,*,#5452,.F.);
#5454=ORIENTED_EDGE('4296',*,*,#5436,.F.);
#5455=EDGE_LOOP('3706',(#5449,#5451,#5453,#5454));
#5456=FACE_OUTER_BOUND('3706',#5455,.F.);
#5457=ADVANCED_FACE('3706',(#5456),#5448,.F.);
#5458=CARTESIAN_POINT('',(-4.79E0,-6.615E0,-6.938686366889E-1));
#5459=DIRECTION('',(1.E0,0.E0,0.E0));
#5460=DIRECTION('',(0.E0,-1.E0,0.E0));
#5461=AXIS2_PLACEMENT_3D('',#5458,#5459,#5460);
#5462=PLANE('3715',#5461);
#5463=ORIENTED_EDGE('4289',*,*,#4118,.T.);
#5464=ORIENTED_EDGE('4295',*,*,#5425,.T.);
#5466=ORIENTED_EDGE('4281',*,*,#5465,.T.);
#5467=ORIENTED_EDGE('4297',*,*,#5450,.F.);
#5468=EDGE_LOOP('3715',(#5463,#5464,#5466,#5467));
#5469=FACE_OUTER_BOUND('3715',#5468,.F.);
#5470=ADVANCED_FACE('3715',(#5469),#5462,.T.);
#5471=CARTESIAN_POINT('',(-4.79E0,-7.012132034356E0,-7.817366023329E-1));
#5472=DIRECTION('',(1.E0,0.E0,0.E0));
#5473=DIRECTION('',(0.E0,-1.E0,0.E0));
#5474=AXIS2_PLACEMENT_3D('',#5471,#5472,#5473);
#5475=PLANE('3713',#5474);
#5477=ORIENTED_EDGE('4264',*,*,#5476,.T.);
#5479=ORIENTED_EDGE('4279',*,*,#5478,.T.);
#5481=ORIENTED_EDGE('4271',*,*,#5480,.F.);
#5482=ORIENTED_EDGE('4281',*,*,#5465,.F.);
#5483=EDGE_LOOP('3713',(#5477,#5479,#5481,#5482));
#5484=FACE_OUTER_BOUND('3713',#5483,.F.);
#5485=ADVANCED_FACE('3713',(#5484),#5475,.T.);
#5486=CARTESIAN_POINT('',(-5.37E0,-6.8E0,-9.938686366889E-1));
#5487=DIRECTION('',(-1.E0,0.E0,0.E0));
#5488=DIRECTION('',(0.E0,-1.E0,0.E0));
#5489=AXIS2_PLACEMENT_3D('',#5486,#5487,#5488);
#5490=CYLINDRICAL_SURFACE('3704',#5489,2.E-1);
#5492=ORIENTED_EDGE('4262',*,*,#5491,.T.);
#5494=ORIENTED_EDGE('4267',*,*,#5493,.T.);
#5495=ORIENTED_EDGE('4264',*,*,#5476,.F.);
#5496=ORIENTED_EDGE('4266',*,*,#5423,.F.);
#5497=EDGE_LOOP('3704',(#5492,#5494,#5495,#5496));
#5498=FACE_OUTER_BOUND('3704',#5497,.F.);
#5499=ADVANCED_FACE('3704',(#5498),#5490,.F.);
#5500=CARTESIAN_POINT('',(-5.37E0,-7.012132034356E0,-7.817366023329E-1));
#5501=DIRECTION('',(1.E0,0.E0,0.E0));
#5502=DIRECTION('',(0.E0,-1.E0,0.E0));
#5503=AXIS2_PLACEMENT_3D('',#5500,#5501,#5502);
#5504=PLANE('3712',#5503);
#5505=ORIENTED_EDGE('4262',*,*,#5491,.F.);
#5506=ORIENTED_EDGE('4280',*,*,#5438,.T.);
#5508=ORIENTED_EDGE('4269',*,*,#5507,.T.);
#5510=ORIENTED_EDGE('4277',*,*,#5509,.F.);
#5511=EDGE_LOOP('3712',(#5505,#5506,#5508,#5510));
#5512=FACE_OUTER_BOUND('3712',#5511,.F.);
#5513=ADVANCED_FACE('3712',(#5512),#5504,.F.);
#5514=CARTESIAN_POINT('',(-5.37E0,-6.8E0,-9.938686366889E-1));
#5515=DIRECTION('',(-1.E0,0.E0,0.E0));
#5516=DIRECTION('',(0.E0,-1.E0,0.E0));
#5517=AXIS2_PLACEMENT_3D('',#5514,#5515,#5516);
#5518=CYLINDRICAL_SURFACE('3707',#5517,4.E-1);
#5519=ORIENTED_EDGE('4269',*,*,#5507,.F.);
#5520=ORIENTED_EDGE('4273',*,*,#5452,.T.);
#5521=ORIENTED_EDGE('4271',*,*,#5480,.T.);
#5523=ORIENTED_EDGE('4274',*,*,#5522,.F.);
#5524=EDGE_LOOP('3707',(#5519,#5520,#5521,#5523));
#5525=FACE_OUTER_BOUND('3707',#5524,.F.);
#5526=ADVANCED_FACE('3707',(#5525),#5518,.T.);
#5527=CARTESIAN_POINT('',(-5.37E0,-7.2E0,-9.938686366889E-1));
#5528=DIRECTION('',(0.E0,1.E0,0.E0));
#5529=DIRECTION('',(0.E0,0.E0,-1.E0));
#5530=AXIS2_PLACEMENT_3D('',#5527,#5528,#5529);
#5531=PLANE('3708',#5530);
#5533=ORIENTED_EDGE('4270',*,*,#5532,.F.);
#5534=ORIENTED_EDGE('4274',*,*,#5522,.T.);
#5536=ORIENTED_EDGE('4272',*,*,#5535,.T.);
#5538=ORIENTED_EDGE('4275',*,*,#5537,.F.);
#5539=EDGE_LOOP('3708',(#5533,#5534,#5536,#5538));
#5540=FACE_OUTER_BOUND('3708',#5539,.F.);
#5541=ADVANCED_FACE('3708',(#5540),#5531,.F.);
#5542=CARTESIAN_POINT('',(-5.37E0,-7.1E0,-1.293868636689E0));
#5543=DIRECTION('',(1.E0,0.E0,0.E0));
#5544=DIRECTION('',(0.E0,0.E0,-1.E0));
#5545=AXIS2_PLACEMENT_3D('',#5542,#5543,#5544);
#5546=PLANE('3709',#5545);
#5548=ORIENTED_EDGE('4263',*,*,#5547,.F.);
#5549=ORIENTED_EDGE('4277',*,*,#5509,.T.);
#5550=ORIENTED_EDGE('4270',*,*,#5532,.T.);
#5552=ORIENTED_EDGE('4276',*,*,#5551,.F.);
#5553=EDGE_LOOP('3709',(#5548,#5549,#5550,#5552));
#5554=FACE_OUTER_BOUND('3709',#5553,.F.);
#5555=ADVANCED_FACE('3709',(#5554),#5546,.F.);
#5556=CARTESIAN_POINT('',(-5.37E0,-7.E0,-9.938686366889E-1));
#5557=DIRECTION('',(0.E0,1.E0,0.E0));
#5558=DIRECTION('',(0.E0,0.E0,-1.E0));
#5559=AXIS2_PLACEMENT_3D('',#5556,#5557,#5558);
#5560=PLANE('3705',#5559);
#5561=ORIENTED_EDGE('4263',*,*,#5547,.T.);
#5563=ORIENTED_EDGE('4268',*,*,#5562,.T.);
#5565=ORIENTED_EDGE('4265',*,*,#5564,.F.);
#5566=ORIENTED_EDGE('4267',*,*,#5493,.F.);
#5567=EDGE_LOOP('3705',(#5561,#5563,#5565,#5566));
#5568=FACE_OUTER_BOUND('3705',#5567,.F.);
#5569=ADVANCED_FACE('3705',(#5568),#5560,.T.);
#5570=CARTESIAN_POINT('',(-5.08E0,-7.1E0,-1.593868636689E0));
#5571=DIRECTION('',(0.E0,0.E0,1.E0));
#5572=DIRECTION('',(1.E0,0.E0,0.E0));
#5573=AXIS2_PLACEMENT_3D('',#5570,#5571,#5572);
#5574=PLANE('3710',#5573);
#5575=ORIENTED_EDGE('4268',*,*,#5562,.F.);
#5576=ORIENTED_EDGE('4276',*,*,#5551,.T.);
#5577=ORIENTED_EDGE('4275',*,*,#5537,.T.);
#5579=ORIENTED_EDGE('4278',*,*,#5578,.F.);
#5580=EDGE_LOOP('3710',(#5575,#5576,#5577,#5579));
#5581=FACE_OUTER_BOUND('3710',#5580,.F.);
#5582=ADVANCED_FACE('3710',(#5581),#5574,.F.);
#5583=CARTESIAN_POINT('',(-4.79E0,-7.1E0,-1.293868636689E0));
#5584=DIRECTION('',(1.E0,0.E0,0.E0));
#5585=DIRECTION('',(0.E0,0.E0,-1.E0));
#5586=AXIS2_PLACEMENT_3D('',#5583,#5584,#5585);
#5587=PLANE('3711',#5586);
#5588=ORIENTED_EDGE('4265',*,*,#5564,.T.);
#5589=ORIENTED_EDGE('4278',*,*,#5578,.T.);
#5590=ORIENTED_EDGE('4272',*,*,#5535,.F.);
#5591=ORIENTED_EDGE('4279',*,*,#5478,.F.);
#5592=EDGE_LOOP('3711',(#5588,#5589,#5590,#5591));
#5593=FACE_OUTER_BOUND('3711',#5592,.F.);
#5594=ADVANCED_FACE('3711',(#5593),#5587,.T.);
#5595=CARTESIAN_POINT('',(-2.84E0,-6.8E0,7.9386E-1));
#5596=DIRECTION('',(0.E0,0.E0,1.E0));
#5597=DIRECTION('',(0.E0,1.E0,0.E0));
#5598=AXIS2_PLACEMENT_3D('',#5595,#5596,#5597);
#5599=PLANE('3718',#5598);
#5600=ORIENTED_EDGE('4338',*,*,#4126,.F.);
#5602=ORIENTED_EDGE('4347',*,*,#5601,.F.);
#5604=ORIENTED_EDGE('4304',*,*,#5603,.F.);
#5606=ORIENTED_EDGE('4346',*,*,#5605,.T.);
#5607=EDGE_LOOP('3718',(#5600,#5602,#5604,#5606));
#5608=FACE_OUTER_BOUND('3718',#5607,.F.);
#5609=ADVANCED_FACE('3718',(#5608),#5599,.T.);
#5610=CARTESIAN_POINT('',(-2.24E0,-6.515E0,6.9386E-1));
#5611=DIRECTION('',(1.E0,0.E0,0.E0));
#5612=DIRECTION('',(0.E0,1.E0,0.E0));
#5613=AXIS2_PLACEMENT_3D('',#5610,#5611,#5612);
#5614=PLANE('3723',#5613);
#5615=ORIENTED_EDGE('4341',*,*,#4132,.F.);
#5617=ORIENTED_EDGE('4349',*,*,#5616,.F.);
#5619=ORIENTED_EDGE('4313',*,*,#5618,.F.);
#5620=ORIENTED_EDGE('4347',*,*,#5601,.T.);
#5621=EDGE_LOOP('3723',(#5615,#5617,#5619,#5620));
#5622=FACE_OUTER_BOUND('3723',#5621,.F.);
#5623=ADVANCED_FACE('3723',(#5622),#5614,.T.);
#5624=CARTESIAN_POINT('',(-2.84E0,-6.8E0,5.9386E-1));
#5625=DIRECTION('',(0.E0,0.E0,1.E0));
#5626=DIRECTION('',(0.E0,1.E0,0.E0));
#5627=AXIS2_PLACEMENT_3D('',#5624,#5625,#5626);
#5628=PLANE('3721',#5627);
#5629=ORIENTED_EDGE('4339',*,*,#4130,.T.);
#5631=ORIENTED_EDGE('4348',*,*,#5630,.F.);
#5633=ORIENTED_EDGE('4311',*,*,#5632,.T.);
#5634=ORIENTED_EDGE('4349',*,*,#5616,.T.);
#5635=EDGE_LOOP('3721',(#5629,#5631,#5633,#5634));
#5636=FACE_OUTER_BOUND('3721',#5635,.F.);
#5637=ADVANCED_FACE('3721',(#5636),#5628,.F.);
#5638=CARTESIAN_POINT('',(-2.84E0,-6.515E0,6.9386E-1));
#5639=DIRECTION('',(1.E0,0.E0,0.E0));
#5640=DIRECTION('',(0.E0,1.E0,0.E0));
#5641=AXIS2_PLACEMENT_3D('',#5638,#5639,#5640);
#5642=PLANE('3722',#5641);
#5643=ORIENTED_EDGE('4340',*,*,#4128,.T.);
#5644=ORIENTED_EDGE('4346',*,*,#5605,.F.);
#5646=ORIENTED_EDGE('4312',*,*,#5645,.T.);
#5647=ORIENTED_EDGE('4348',*,*,#5630,.T.);
#5648=EDGE_LOOP('3722',(#5643,#5644,#5646,#5647));
#5649=FACE_OUTER_BOUND('3722',#5648,.F.);
#5650=ADVANCED_FACE('3722',(#5649),#5642,.F.);
#5651=CARTESIAN_POINT('',(-2.84E0,-7.012132034356E0,7.817279656440E-1));
#5652=DIRECTION('',(1.E0,0.E0,0.E0));
#5653=DIRECTION('',(0.E0,0.E0,-1.E0));
#5654=AXIS2_PLACEMENT_3D('',#5651,#5652,#5653);
#5655=PLANE('3724',#5654);
#5657=ORIENTED_EDGE('4299',*,*,#5656,.F.);
#5659=ORIENTED_EDGE('4314',*,*,#5658,.T.);
#5661=ORIENTED_EDGE('4306',*,*,#5660,.T.);
#5662=ORIENTED_EDGE('4312',*,*,#5645,.F.);
#5663=EDGE_LOOP('3724',(#5657,#5659,#5661,#5662));
#5664=FACE_OUTER_BOUND('3724',#5663,.F.);
#5665=ADVANCED_FACE('3724',(#5664),#5655,.F.);
#5666=CARTESIAN_POINT('',(-2.84E0,-6.8E0,9.9386E-1));
#5667=DIRECTION('',(-1.E0,0.E0,0.E0));
#5668=DIRECTION('',(0.E0,0.E0,1.E0));
#5669=AXIS2_PLACEMENT_3D('',#5666,#5667,#5668);
#5670=CYLINDRICAL_SURFACE('3717',#5669,2.E-1);
#5671=ORIENTED_EDGE('4299',*,*,#5656,.T.);
#5672=ORIENTED_EDGE('4304',*,*,#5603,.T.);
#5674=ORIENTED_EDGE('4301',*,*,#5673,.F.);
#5676=ORIENTED_EDGE('4303',*,*,#5675,.F.);
#5677=EDGE_LOOP('3717',(#5671,#5672,#5674,#5676));
#5678=FACE_OUTER_BOUND('3717',#5677,.F.);
#5679=ADVANCED_FACE('3717',(#5678),#5670,.F.);
#5680=CARTESIAN_POINT('',(-2.24E0,-7.012132034356E0,7.817279656440E-1));
#5681=DIRECTION('',(1.E0,0.E0,0.E0));
#5682=DIRECTION('',(0.E0,0.E0,-1.E0));
#5683=AXIS2_PLACEMENT_3D('',#5680,#5681,#5682);
#5684=PLANE('3725',#5683);
#5685=ORIENTED_EDGE('4301',*,*,#5673,.T.);
#5686=ORIENTED_EDGE('4313',*,*,#5618,.T.);
#5688=ORIENTED_EDGE('4308',*,*,#5687,.F.);
#5690=ORIENTED_EDGE('4315',*,*,#5689,.F.);
#5691=EDGE_LOOP('3725',(#5685,#5686,#5688,#5690));
#5692=FACE_OUTER_BOUND('3725',#5691,.F.);
#5693=ADVANCED_FACE('3725',(#5692),#5684,.T.);
#5694=CARTESIAN_POINT('',(-2.84E0,-6.8E0,9.9386E-1));
#5695=DIRECTION('',(-1.E0,0.E0,0.E0));
#5696=DIRECTION('',(0.E0,0.E0,1.E0));
#5697=AXIS2_PLACEMENT_3D('',#5694,#5695,#5696);
#5698=CYLINDRICAL_SURFACE('3720',#5697,4.E-1);
#5699=ORIENTED_EDGE('4306',*,*,#5660,.F.);
#5701=ORIENTED_EDGE('4310',*,*,#5700,.T.);
#5702=ORIENTED_EDGE('4308',*,*,#5687,.T.);
#5703=ORIENTED_EDGE('4311',*,*,#5632,.F.);
#5704=EDGE_LOOP('3720',(#5699,#5701,#5702,#5703));
#5705=FACE_OUTER_BOUND('3720',#5704,.F.);
#5706=ADVANCED_FACE('3720',(#5705),#5698,.T.);
#5707=CARTESIAN_POINT('',(-2.84E0,-7.2E0,1.59386E0));
#5708=DIRECTION('',(0.E0,1.E0,0.E0));
#5709=DIRECTION('',(0.E0,0.E0,-1.E0));
#5710=AXIS2_PLACEMENT_3D('',#5707,#5708,#5709);
#5711=PLANE('3719',#5710);
#5713=ORIENTED_EDGE('4305',*,*,#5712,.F.);
#5715=ORIENTED_EDGE('4309',*,*,#5714,.T.);
#5717=ORIENTED_EDGE('4307',*,*,#5716,.T.);
#5718=ORIENTED_EDGE('4310',*,*,#5700,.F.);
#5719=EDGE_LOOP('3719',(#5713,#5715,#5717,#5718));
#5720=FACE_OUTER_BOUND('3719',#5719,.F.);
#5721=ADVANCED_FACE('3719',(#5720),#5711,.F.);
#5722=CARTESIAN_POINT('',(-2.84E0,-7.1E0,1.29386E0));
#5723=DIRECTION('',(1.E0,0.E0,0.E0));
#5724=DIRECTION('',(0.E0,0.E0,-1.E0));
#5725=AXIS2_PLACEMENT_3D('',#5722,#5723,#5724);
#5726=PLANE('3726',#5725);
#5728=ORIENTED_EDGE('4298',*,*,#5727,.F.);
#5730=ORIENTED_EDGE('4316',*,*,#5729,.T.);
#5731=ORIENTED_EDGE('4305',*,*,#5712,.T.);
#5732=ORIENTED_EDGE('4314',*,*,#5658,.F.);
#5733=EDGE_LOOP('3726',(#5728,#5730,#5731,#5732));
#5734=FACE_OUTER_BOUND('3726',#5733,.F.);
#5735=ADVANCED_FACE('3726',(#5734),#5726,.F.);
#5736=CARTESIAN_POINT('',(-2.84E0,-7.E0,1.59386E0));
#5737=DIRECTION('',(0.E0,1.E0,0.E0));
#5738=DIRECTION('',(0.E0,0.E0,-1.E0));
#5739=AXIS2_PLACEMENT_3D('',#5736,#5737,#5738);
#5740=PLANE('3716',#5739);
#5741=ORIENTED_EDGE('4298',*,*,#5727,.T.);
#5742=ORIENTED_EDGE('4303',*,*,#5675,.T.);
#5744=ORIENTED_EDGE('4300',*,*,#5743,.F.);
#5746=ORIENTED_EDGE('4302',*,*,#5745,.F.);
#5747=EDGE_LOOP('3716',(#5741,#5742,#5744,#5746));
#5748=FACE_OUTER_BOUND('3716',#5747,.F.);
#5749=ADVANCED_FACE('3716',(#5748),#5740,.T.);
#5750=CARTESIAN_POINT('',(-2.24E0,-7.1E0,1.29386E0));
#5751=DIRECTION('',(1.E0,0.E0,0.E0));
#5752=DIRECTION('',(0.E0,0.E0,-1.E0));
#5753=AXIS2_PLACEMENT_3D('',#5750,#5751,#5752);
#5754=PLANE('3727',#5753);
#5755=ORIENTED_EDGE('4300',*,*,#5743,.T.);
#5756=ORIENTED_EDGE('4315',*,*,#5689,.T.);
#5757=ORIENTED_EDGE('4307',*,*,#5716,.F.);
#5759=ORIENTED_EDGE('4317',*,*,#5758,.F.);
#5760=EDGE_LOOP('3727',(#5755,#5756,#5757,#5759));
#5761=FACE_OUTER_BOUND('3727',#5760,.F.);
#5762=ADVANCED_FACE('3727',(#5761),#5754,.T.);
#5763=CARTESIAN_POINT('',(-2.54E0,-7.1E0,1.59386E0));
#5764=DIRECTION('',(0.E0,0.E0,1.E0));
#5765=DIRECTION('',(1.E0,0.E0,0.E0));
#5766=AXIS2_PLACEMENT_3D('',#5763,#5764,#5765);
#5767=PLANE('3728',#5766);
#5768=ORIENTED_EDGE('4302',*,*,#5745,.T.);
#5769=ORIENTED_EDGE('4317',*,*,#5758,.T.);
#5770=ORIENTED_EDGE('4309',*,*,#5714,.F.);
#5771=ORIENTED_EDGE('4316',*,*,#5729,.F.);
#5772=EDGE_LOOP('3728',(#5768,#5769,#5770,#5771));
#5773=FACE_OUTER_BOUND('3728',#5772,.F.);
#5774=ADVANCED_FACE('3728',(#5773),#5767,.T.);
#5775=CARTESIAN_POINT('',(-2.83E0,-6.43E0,-7.938686366889E-1));
#5776=DIRECTION('',(0.E0,0.E0,-1.E0));
#5777=DIRECTION('',(0.E0,-1.E0,0.E0));
#5778=AXIS2_PLACEMENT_3D('',#5775,#5776,#5777);
#5779=PLANE('3729',#5778);
#5780=ORIENTED_EDGE('4342',*,*,#4136,.T.);
#5782=ORIENTED_EDGE('4350',*,*,#5781,.T.);
#5784=ORIENTED_EDGE('4322',*,*,#5783,.T.);
#5786=ORIENTED_EDGE('4351',*,*,#5785,.F.);
#5787=EDGE_LOOP('3729',(#5780,#5782,#5784,#5786));
#5788=FACE_OUTER_BOUND('3729',#5787,.F.);
#5789=ADVANCED_FACE('3729',(#5788),#5779,.T.);
#5790=CARTESIAN_POINT('',(-2.83E0,-6.615E0,-6.938686366889E-1));
#5791=DIRECTION('',(1.E0,0.E0,0.E0));
#5792=DIRECTION('',(0.E0,-1.E0,0.E0));
#5793=AXIS2_PLACEMENT_3D('',#5790,#5791,#5792);
#5794=PLANE('3740',#5793);
#5795=ORIENTED_EDGE('4344',*,*,#4142,.F.);
#5797=ORIENTED_EDGE('4352',*,*,#5796,.T.);
#5799=ORIENTED_EDGE('4336',*,*,#5798,.F.);
#5800=ORIENTED_EDGE('4350',*,*,#5781,.F.);
#5801=EDGE_LOOP('3740',(#5795,#5797,#5799,#5800));
#5802=FACE_OUTER_BOUND('3740',#5801,.F.);
#5803=ADVANCED_FACE('3740',(#5802),#5794,.F.);
#5804=CARTESIAN_POINT('',(-2.83E0,-6.43E0,-5.938686366889E-1));
#5805=DIRECTION('',(0.E0,0.E0,-1.E0));
#5806=DIRECTION('',(0.E0,-1.E0,0.E0));
#5807=AXIS2_PLACEMENT_3D('',#5804,#5805,#5806);
#5808=PLANE('3732',#5807);
#5809=ORIENTED_EDGE('4343',*,*,#4140,.F.);
#5811=ORIENTED_EDGE('4353',*,*,#5810,.T.);
#5813=ORIENTED_EDGE('4329',*,*,#5812,.F.);
#5814=ORIENTED_EDGE('4352',*,*,#5796,.F.);
#5815=EDGE_LOOP('3732',(#5809,#5811,#5813,#5814));
#5816=FACE_OUTER_BOUND('3732',#5815,.F.);
#5817=ADVANCED_FACE('3732',(#5816),#5808,.F.);
#5818=CARTESIAN_POINT('',(-2.25E0,-6.615E0,-6.938686366889E-1));
#5819=DIRECTION('',(1.E0,0.E0,0.E0));
#5820=DIRECTION('',(0.E0,-1.E0,0.E0));
#5821=AXIS2_PLACEMENT_3D('',#5818,#5819,#5820);
#5822=PLANE('3741',#5821);
#5823=ORIENTED_EDGE('4345',*,*,#4138,.T.);
#5824=ORIENTED_EDGE('4351',*,*,#5785,.T.);
#5826=ORIENTED_EDGE('4337',*,*,#5825,.T.);
#5827=ORIENTED_EDGE('4353',*,*,#5810,.F.);
#5828=EDGE_LOOP('3741',(#5823,#5824,#5826,#5827));
#5829=FACE_OUTER_BOUND('3741',#5828,.F.);
#5830=ADVANCED_FACE('3741',(#5829),#5822,.T.);
#5831=CARTESIAN_POINT('',(-2.25E0,-7.012132034356E0,-7.817366023329E-1));
#5832=DIRECTION('',(1.E0,0.E0,0.E0));
#5833=DIRECTION('',(0.E0,-1.E0,0.E0));
#5834=AXIS2_PLACEMENT_3D('',#5831,#5832,#5833);
#5835=PLANE('3739',#5834);
#5837=ORIENTED_EDGE('4320',*,*,#5836,.T.);
#5839=ORIENTED_EDGE('4335',*,*,#5838,.T.);
#5841=ORIENTED_EDGE('4327',*,*,#5840,.F.);
#5842=ORIENTED_EDGE('4337',*,*,#5825,.F.);
#5843=EDGE_LOOP('3739',(#5837,#5839,#5841,#5842));
#5844=FACE_OUTER_BOUND('3739',#5843,.F.);
#5845=ADVANCED_FACE('3739',(#5844),#5835,.T.);
#5846=CARTESIAN_POINT('',(-2.83E0,-6.8E0,-9.938686366889E-1));
#5847=DIRECTION('',(-1.E0,0.E0,0.E0));
#5848=DIRECTION('',(0.E0,-1.E0,0.E0));
#5849=AXIS2_PLACEMENT_3D('',#5846,#5847,#5848);
#5850=CYLINDRICAL_SURFACE('3730',#5849,2.E-1);
#5852=ORIENTED_EDGE('4318',*,*,#5851,.T.);
#5854=ORIENTED_EDGE('4323',*,*,#5853,.T.);
#5855=ORIENTED_EDGE('4320',*,*,#5836,.F.);
#5856=ORIENTED_EDGE('4322',*,*,#5783,.F.);
#5857=EDGE_LOOP('3730',(#5852,#5854,#5855,#5856));
#5858=FACE_OUTER_BOUND('3730',#5857,.F.);
#5859=ADVANCED_FACE('3730',(#5858),#5850,.F.);
#5860=CARTESIAN_POINT('',(-2.83E0,-7.012132034356E0,-7.817366023329E-1));
#5861=DIRECTION('',(1.E0,0.E0,0.E0));
#5862=DIRECTION('',(0.E0,-1.E0,0.E0));
#5863=AXIS2_PLACEMENT_3D('',#5860,#5861,#5862);
#5864=PLANE('3738',#5863);
#5865=ORIENTED_EDGE('4318',*,*,#5851,.F.);
#5866=ORIENTED_EDGE('4336',*,*,#5798,.T.);
#5868=ORIENTED_EDGE('4325',*,*,#5867,.T.);
#5870=ORIENTED_EDGE('4333',*,*,#5869,.F.);
#5871=EDGE_LOOP('3738',(#5865,#5866,#5868,#5870));
#5872=FACE_OUTER_BOUND('3738',#5871,.F.);
#5873=ADVANCED_FACE('3738',(#5872),#5864,.F.);
#5874=CARTESIAN_POINT('',(-2.83E0,-6.8E0,-9.938686366889E-1));
#5875=DIRECTION('',(-1.E0,0.E0,0.E0));
#5876=DIRECTION('',(0.E0,-1.E0,0.E0));
#5877=AXIS2_PLACEMENT_3D('',#5874,#5875,#5876);
#5878=CYLINDRICAL_SURFACE('3733',#5877,4.E-1);
#5879=ORIENTED_EDGE('4325',*,*,#5867,.F.);
#5880=ORIENTED_EDGE('4329',*,*,#5812,.T.);
#5881=ORIENTED_EDGE('4327',*,*,#5840,.T.);
#5883=ORIENTED_EDGE('4330',*,*,#5882,.F.);
#5884=EDGE_LOOP('3733',(#5879,#5880,#5881,#5883));
#5885=FACE_OUTER_BOUND('3733',#5884,.F.);
#5886=ADVANCED_FACE('3733',(#5885),#5878,.T.);
#5887=CARTESIAN_POINT('',(-2.83E0,-7.2E0,-9.938686366889E-1));
#5888=DIRECTION('',(0.E0,1.E0,0.E0));
#5889=DIRECTION('',(0.E0,0.E0,-1.E0));
#5890=AXIS2_PLACEMENT_3D('',#5887,#5888,#5889);
#5891=PLANE('3734',#5890);
#5893=ORIENTED_EDGE('4326',*,*,#5892,.F.);
#5894=ORIENTED_EDGE('4330',*,*,#5882,.T.);
#5896=ORIENTED_EDGE('4328',*,*,#5895,.T.);
#5898=ORIENTED_EDGE('4331',*,*,#5897,.F.);
#5899=EDGE_LOOP('3734',(#5893,#5894,#5896,#5898));
#5900=FACE_OUTER_BOUND('3734',#5899,.F.);
#5901=ADVANCED_FACE('3734',(#5900),#5891,.F.);
#5902=CARTESIAN_POINT('',(-2.83E0,-7.1E0,-1.293868636689E0));
#5903=DIRECTION('',(1.E0,0.E0,0.E0));
#5904=DIRECTION('',(0.E0,0.E0,-1.E0));
#5905=AXIS2_PLACEMENT_3D('',#5902,#5903,#5904);
#5906=PLANE('3735',#5905);
#5908=ORIENTED_EDGE('4319',*,*,#5907,.F.);
#5909=ORIENTED_EDGE('4333',*,*,#5869,.T.);
#5910=ORIENTED_EDGE('4326',*,*,#5892,.T.);
#5912=ORIENTED_EDGE('4332',*,*,#5911,.F.);
#5913=EDGE_LOOP('3735',(#5908,#5909,#5910,#5912));
#5914=FACE_OUTER_BOUND('3735',#5913,.F.);
#5915=ADVANCED_FACE('3735',(#5914),#5906,.F.);
#5916=CARTESIAN_POINT('',(-2.83E0,-7.E0,-9.938686366889E-1));
#5917=DIRECTION('',(0.E0,1.E0,0.E0));
#5918=DIRECTION('',(0.E0,0.E0,-1.E0));
#5919=AXIS2_PLACEMENT_3D('',#5916,#5917,#5918);
#5920=PLANE('3731',#5919);
#5921=ORIENTED_EDGE('4319',*,*,#5907,.T.);
#5923=ORIENTED_EDGE('4324',*,*,#5922,.T.);
#5925=ORIENTED_EDGE('4321',*,*,#5924,.F.);
#5926=ORIENTED_EDGE('4323',*,*,#5853,.F.);
#5927=EDGE_LOOP('3731',(#5921,#5923,#5925,#5926));
#5928=FACE_OUTER_BOUND('3731',#5927,.F.);
#5929=ADVANCED_FACE('3731',(#5928),#5920,.T.);
#5930=CARTESIAN_POINT('',(-2.54E0,-7.1E0,-1.593868636689E0));
#5931=DIRECTION('',(0.E0,0.E0,1.E0));
#5932=DIRECTION('',(1.E0,0.E0,0.E0));
#5933=AXIS2_PLACEMENT_3D('',#5930,#5931,#5932);
#5934=PLANE('3736',#5933);
#5935=ORIENTED_EDGE('4324',*,*,#5922,.F.);
#5936=ORIENTED_EDGE('4332',*,*,#5911,.T.);
#5937=ORIENTED_EDGE('4331',*,*,#5897,.T.);
#5939=ORIENTED_EDGE('4334',*,*,#5938,.F.);
#5940=EDGE_LOOP('3736',(#5935,#5936,#5937,#5939));
#5941=FACE_OUTER_BOUND('3736',#5940,.F.);
#5942=ADVANCED_FACE('3736',(#5941),#5934,.F.);
#5943=CARTESIAN_POINT('',(-2.25E0,-7.1E0,-1.293868636689E0));
#5944=DIRECTION('',(1.E0,0.E0,0.E0));
#5945=DIRECTION('',(0.E0,0.E0,-1.E0));
#5946=AXIS2_PLACEMENT_3D('',#5943,#5944,#5945);
#5947=PLANE('3737',#5946);
#5948=ORIENTED_EDGE('4321',*,*,#5924,.T.);
#5949=ORIENTED_EDGE('4334',*,*,#5938,.T.);
#5950=ORIENTED_EDGE('4328',*,*,#5895,.F.);
#5951=ORIENTED_EDGE('4335',*,*,#5838,.F.);
#5952=EDGE_LOOP('3737',(#5948,#5949,#5950,#5951));
#5953=FACE_OUTER_BOUND('3737',#5952,.F.);
#5954=ADVANCED_FACE('3737',(#5953),#5947,.T.);
#5955=CARTESIAN_POINT('',(-3.E-1,-6.8E0,7.9386E-1));
#5956=DIRECTION('',(0.E0,0.E0,1.E0));
#5957=DIRECTION('',(0.E0,1.E0,0.E0));
#5958=AXIS2_PLACEMENT_3D('',#5955,#5956,#5957);
#5959=PLANE('3744',#5958);
#5960=ORIENTED_EDGE('4394',*,*,#4146,.F.);
#5962=ORIENTED_EDGE('4403',*,*,#5961,.F.);
#5964=ORIENTED_EDGE('4360',*,*,#5963,.F.);
#5966=ORIENTED_EDGE('4402',*,*,#5965,.T.);
#5967=EDGE_LOOP('3744',(#5960,#5962,#5964,#5966));
#5968=FACE_OUTER_BOUND('3744',#5967,.F.);
#5969=ADVANCED_FACE('3744',(#5968),#5959,.T.);
#5970=CARTESIAN_POINT('',(3.E-1,-6.515E0,6.9386E-1));
#5971=DIRECTION('',(1.E0,0.E0,0.E0));
#5972=DIRECTION('',(0.E0,1.E0,0.E0));
#5973=AXIS2_PLACEMENT_3D('',#5970,#5971,#5972);
#5974=PLANE('3749',#5973);
#5975=ORIENTED_EDGE('4397',*,*,#4152,.F.);
#5977=ORIENTED_EDGE('4405',*,*,#5976,.F.);
#5979=ORIENTED_EDGE('4369',*,*,#5978,.F.);
#5980=ORIENTED_EDGE('4403',*,*,#5961,.T.);
#5981=EDGE_LOOP('3749',(#5975,#5977,#5979,#5980));
#5982=FACE_OUTER_BOUND('3749',#5981,.F.);
#5983=ADVANCED_FACE('3749',(#5982),#5974,.T.);
#5984=CARTESIAN_POINT('',(-3.E-1,-6.8E0,5.9386E-1));
#5985=DIRECTION('',(0.E0,0.E0,1.E0));
#5986=DIRECTION('',(0.E0,1.E0,0.E0));
#5987=AXIS2_PLACEMENT_3D('',#5984,#5985,#5986);
#5988=PLANE('3747',#5987);
#5989=ORIENTED_EDGE('4395',*,*,#4150,.T.);
#5991=ORIENTED_EDGE('4404',*,*,#5990,.F.);
#5993=ORIENTED_EDGE('4367',*,*,#5992,.T.);
#5994=ORIENTED_EDGE('4405',*,*,#5976,.T.);
#5995=EDGE_LOOP('3747',(#5989,#5991,#5993,#5994));
#5996=FACE_OUTER_BOUND('3747',#5995,.F.);
#5997=ADVANCED_FACE('3747',(#5996),#5988,.F.);
#5998=CARTESIAN_POINT('',(-3.E-1,-6.515E0,6.9386E-1));
#5999=DIRECTION('',(1.E0,0.E0,0.E0));
#6000=DIRECTION('',(0.E0,1.E0,0.E0));
#6001=AXIS2_PLACEMENT_3D('',#5998,#5999,#6000);
#6002=PLANE('3748',#6001);
#6003=ORIENTED_EDGE('4396',*,*,#4148,.T.);
#6004=ORIENTED_EDGE('4402',*,*,#5965,.F.);
#6006=ORIENTED_EDGE('4368',*,*,#6005,.T.);
#6007=ORIENTED_EDGE('4404',*,*,#5990,.T.);
#6008=EDGE_LOOP('3748',(#6003,#6004,#6006,#6007));
#6009=FACE_OUTER_BOUND('3748',#6008,.F.);
#6010=ADVANCED_FACE('3748',(#6009),#6002,.F.);
#6011=CARTESIAN_POINT('',(-3.E-1,-7.012132034356E0,7.817279656440E-1));
#6012=DIRECTION('',(1.E0,0.E0,0.E0));
#6013=DIRECTION('',(0.E0,0.E0,-1.E0));
#6014=AXIS2_PLACEMENT_3D('',#6011,#6012,#6013);
#6015=PLANE('3750',#6014);
#6017=ORIENTED_EDGE('4355',*,*,#6016,.F.);
#6019=ORIENTED_EDGE('4370',*,*,#6018,.T.);
#6021=ORIENTED_EDGE('4362',*,*,#6020,.T.);
#6022=ORIENTED_EDGE('4368',*,*,#6005,.F.);
#6023=EDGE_LOOP('3750',(#6017,#6019,#6021,#6022));
#6024=FACE_OUTER_BOUND('3750',#6023,.F.);
#6025=ADVANCED_FACE('3750',(#6024),#6015,.F.);
#6026=CARTESIAN_POINT('',(-3.E-1,-6.8E0,9.9386E-1));
#6027=DIRECTION('',(-1.E0,0.E0,0.E0));
#6028=DIRECTION('',(0.E0,0.E0,1.E0));
#6029=AXIS2_PLACEMENT_3D('',#6026,#6027,#6028);
#6030=CYLINDRICAL_SURFACE('3743',#6029,2.E-1);
#6031=ORIENTED_EDGE('4355',*,*,#6016,.T.);
#6032=ORIENTED_EDGE('4360',*,*,#5963,.T.);
#6034=ORIENTED_EDGE('4357',*,*,#6033,.F.);
#6036=ORIENTED_EDGE('4359',*,*,#6035,.F.);
#6037=EDGE_LOOP('3743',(#6031,#6032,#6034,#6036));
#6038=FACE_OUTER_BOUND('3743',#6037,.F.);
#6039=ADVANCED_FACE('3743',(#6038),#6030,.F.);
#6040=CARTESIAN_POINT('',(3.E-1,-7.012132034356E0,7.817279656440E-1));
#6041=DIRECTION('',(1.E0,0.E0,0.E0));
#6042=DIRECTION('',(0.E0,0.E0,-1.E0));
#6043=AXIS2_PLACEMENT_3D('',#6040,#6041,#6042);
#6044=PLANE('3751',#6043);
#6045=ORIENTED_EDGE('4357',*,*,#6033,.T.);
#6046=ORIENTED_EDGE('4369',*,*,#5978,.T.);
#6048=ORIENTED_EDGE('4364',*,*,#6047,.F.);
#6050=ORIENTED_EDGE('4371',*,*,#6049,.F.);
#6051=EDGE_LOOP('3751',(#6045,#6046,#6048,#6050));
#6052=FACE_OUTER_BOUND('3751',#6051,.F.);
#6053=ADVANCED_FACE('3751',(#6052),#6044,.T.);
#6054=CARTESIAN_POINT('',(-3.E-1,-6.8E0,9.9386E-1));
#6055=DIRECTION('',(-1.E0,0.E0,0.E0));
#6056=DIRECTION('',(0.E0,0.E0,1.E0));
#6057=AXIS2_PLACEMENT_3D('',#6054,#6055,#6056);
#6058=CYLINDRICAL_SURFACE('3746',#6057,4.E-1);
#6059=ORIENTED_EDGE('4362',*,*,#6020,.F.);
#6061=ORIENTED_EDGE('4366',*,*,#6060,.T.);
#6062=ORIENTED_EDGE('4364',*,*,#6047,.T.);
#6063=ORIENTED_EDGE('4367',*,*,#5992,.F.);
#6064=EDGE_LOOP('3746',(#6059,#6061,#6062,#6063));
#6065=FACE_OUTER_BOUND('3746',#6064,.F.);
#6066=ADVANCED_FACE('3746',(#6065),#6058,.T.);
#6067=CARTESIAN_POINT('',(-3.E-1,-7.2E0,1.59386E0));
#6068=DIRECTION('',(0.E0,1.E0,0.E0));
#6069=DIRECTION('',(0.E0,0.E0,-1.E0));
#6070=AXIS2_PLACEMENT_3D('',#6067,#6068,#6069);
#6071=PLANE('3745',#6070);
#6073=ORIENTED_EDGE('4361',*,*,#6072,.F.);
#6075=ORIENTED_EDGE('4365',*,*,#6074,.T.);
#6077=ORIENTED_EDGE('4363',*,*,#6076,.T.);
#6078=ORIENTED_EDGE('4366',*,*,#6060,.F.);
#6079=EDGE_LOOP('3745',(#6073,#6075,#6077,#6078));
#6080=FACE_OUTER_BOUND('3745',#6079,.F.);
#6081=ADVANCED_FACE('3745',(#6080),#6071,.F.);
#6082=CARTESIAN_POINT('',(-3.E-1,-7.1E0,1.29386E0));
#6083=DIRECTION('',(1.E0,0.E0,0.E0));
#6084=DIRECTION('',(0.E0,0.E0,-1.E0));
#6085=AXIS2_PLACEMENT_3D('',#6082,#6083,#6084);
#6086=PLANE('3752',#6085);
#6088=ORIENTED_EDGE('4354',*,*,#6087,.F.);
#6090=ORIENTED_EDGE('4372',*,*,#6089,.T.);
#6091=ORIENTED_EDGE('4361',*,*,#6072,.T.);
#6092=ORIENTED_EDGE('4370',*,*,#6018,.F.);
#6093=EDGE_LOOP('3752',(#6088,#6090,#6091,#6092));
#6094=FACE_OUTER_BOUND('3752',#6093,.F.);
#6095=ADVANCED_FACE('3752',(#6094),#6086,.F.);
#6096=CARTESIAN_POINT('',(-3.E-1,-7.E0,1.59386E0));
#6097=DIRECTION('',(0.E0,1.E0,0.E0));
#6098=DIRECTION('',(0.E0,0.E0,-1.E0));
#6099=AXIS2_PLACEMENT_3D('',#6096,#6097,#6098);
#6100=PLANE('3742',#6099);
#6101=ORIENTED_EDGE('4354',*,*,#6087,.T.);
#6102=ORIENTED_EDGE('4359',*,*,#6035,.T.);
#6104=ORIENTED_EDGE('4356',*,*,#6103,.F.);
#6106=ORIENTED_EDGE('4358',*,*,#6105,.F.);
#6107=EDGE_LOOP('3742',(#6101,#6102,#6104,#6106));
#6108=FACE_OUTER_BOUND('3742',#6107,.F.);
#6109=ADVANCED_FACE('3742',(#6108),#6100,.T.);
#6110=CARTESIAN_POINT('',(3.E-1,-7.1E0,1.29386E0));
#6111=DIRECTION('',(1.E0,0.E0,0.E0));
#6112=DIRECTION('',(0.E0,0.E0,-1.E0));
#6113=AXIS2_PLACEMENT_3D('',#6110,#6111,#6112);
#6114=PLANE('3753',#6113);
#6115=ORIENTED_EDGE('4356',*,*,#6103,.T.);
#6116=ORIENTED_EDGE('4371',*,*,#6049,.T.);
#6117=ORIENTED_EDGE('4363',*,*,#6076,.F.);
#6119=ORIENTED_EDGE('4373',*,*,#6118,.F.);
#6120=EDGE_LOOP('3753',(#6115,#6116,#6117,#6119));
#6121=FACE_OUTER_BOUND('3753',#6120,.F.);
#6122=ADVANCED_FACE('3753',(#6121),#6114,.T.);
#6123=CARTESIAN_POINT('',(0.E0,-7.1E0,1.59386E0));
#6124=DIRECTION('',(0.E0,0.E0,1.E0));
#6125=DIRECTION('',(1.E0,0.E0,0.E0));
#6126=AXIS2_PLACEMENT_3D('',#6123,#6124,#6125);
#6127=PLANE('3754',#6126);
#6128=ORIENTED_EDGE('4358',*,*,#6105,.T.);
#6129=ORIENTED_EDGE('4373',*,*,#6118,.T.);
#6130=ORIENTED_EDGE('4365',*,*,#6074,.F.);
#6131=ORIENTED_EDGE('4372',*,*,#6089,.F.);
#6132=EDGE_LOOP('3754',(#6128,#6129,#6130,#6131));
#6133=FACE_OUTER_BOUND('3754',#6132,.F.);
#6134=ADVANCED_FACE('3754',(#6133),#6127,.T.);
#6135=CARTESIAN_POINT('',(-2.9E-1,-6.43E0,-7.938686366889E-1));
#6136=DIRECTION('',(0.E0,0.E0,-1.E0));
#6137=DIRECTION('',(0.E0,-1.E0,0.E0));
#6138=AXIS2_PLACEMENT_3D('',#6135,#6136,#6137);
#6139=PLANE('3755',#6138);
#6140=ORIENTED_EDGE('4398',*,*,#4156,.T.);
#6142=ORIENTED_EDGE('4406',*,*,#6141,.T.);
#6144=ORIENTED_EDGE('4378',*,*,#6143,.T.);
#6146=ORIENTED_EDGE('4407',*,*,#6145,.F.);
#6147=EDGE_LOOP('3755',(#6140,#6142,#6144,#6146));
#6148=FACE_OUTER_BOUND('3755',#6147,.F.);
#6149=ADVANCED_FACE('3755',(#6148),#6139,.T.);
#6150=CARTESIAN_POINT('',(-2.9E-1,-6.615E0,-6.938686366889E-1));
#6151=DIRECTION('',(1.E0,0.E0,0.E0));
#6152=DIRECTION('',(0.E0,-1.E0,0.E0));
#6153=AXIS2_PLACEMENT_3D('',#6150,#6151,#6152);
#6154=PLANE('3766',#6153);
#6155=ORIENTED_EDGE('4400',*,*,#4162,.F.);
#6157=ORIENTED_EDGE('4408',*,*,#6156,.T.);
#6159=ORIENTED_EDGE('4392',*,*,#6158,.F.);
#6160=ORIENTED_EDGE('4406',*,*,#6141,.F.);
#6161=EDGE_LOOP('3766',(#6155,#6157,#6159,#6160));
#6162=FACE_OUTER_BOUND('3766',#6161,.F.);
#6163=ADVANCED_FACE('3766',(#6162),#6154,.F.);
#6164=CARTESIAN_POINT('',(-2.9E-1,-6.43E0,-5.938686366889E-1));
#6165=DIRECTION('',(0.E0,0.E0,-1.E0));
#6166=DIRECTION('',(0.E0,-1.E0,0.E0));
#6167=AXIS2_PLACEMENT_3D('',#6164,#6165,#6166);
#6168=PLANE('3758',#6167);
#6169=ORIENTED_EDGE('4399',*,*,#4160,.F.);
#6171=ORIENTED_EDGE('4409',*,*,#6170,.T.);
#6173=ORIENTED_EDGE('4385',*,*,#6172,.F.);
#6174=ORIENTED_EDGE('4408',*,*,#6156,.F.);
#6175=EDGE_LOOP('3758',(#6169,#6171,#6173,#6174));
#6176=FACE_OUTER_BOUND('3758',#6175,.F.);
#6177=ADVANCED_FACE('3758',(#6176),#6168,.F.);
#6178=CARTESIAN_POINT('',(2.9E-1,-6.615E0,-6.938686366889E-1));
#6179=DIRECTION('',(1.E0,0.E0,0.E0));
#6180=DIRECTION('',(0.E0,-1.E0,0.E0));
#6181=AXIS2_PLACEMENT_3D('',#6178,#6179,#6180);
#6182=PLANE('3767',#6181);
#6183=ORIENTED_EDGE('4401',*,*,#4158,.T.);
#6184=ORIENTED_EDGE('4407',*,*,#6145,.T.);
#6186=ORIENTED_EDGE('4393',*,*,#6185,.T.);
#6187=ORIENTED_EDGE('4409',*,*,#6170,.F.);
#6188=EDGE_LOOP('3767',(#6183,#6184,#6186,#6187));
#6189=FACE_OUTER_BOUND('3767',#6188,.F.);
#6190=ADVANCED_FACE('3767',(#6189),#6182,.T.);
#6191=CARTESIAN_POINT('',(2.9E-1,-7.012132034356E0,-7.817366023329E-1));
#6192=DIRECTION('',(1.E0,0.E0,0.E0));
#6193=DIRECTION('',(0.E0,-1.E0,0.E0));
#6194=AXIS2_PLACEMENT_3D('',#6191,#6192,#6193);
#6195=PLANE('3765',#6194);
#6197=ORIENTED_EDGE('4376',*,*,#6196,.T.);
#6199=ORIENTED_EDGE('4391',*,*,#6198,.T.);
#6201=ORIENTED_EDGE('4383',*,*,#6200,.F.);
#6202=ORIENTED_EDGE('4393',*,*,#6185,.F.);
#6203=EDGE_LOOP('3765',(#6197,#6199,#6201,#6202));
#6204=FACE_OUTER_BOUND('3765',#6203,.F.);
#6205=ADVANCED_FACE('3765',(#6204),#6195,.T.);
#6206=CARTESIAN_POINT('',(-2.9E-1,-6.8E0,-9.938686366889E-1));
#6207=DIRECTION('',(-1.E0,0.E0,0.E0));
#6208=DIRECTION('',(0.E0,-1.E0,0.E0));
#6209=AXIS2_PLACEMENT_3D('',#6206,#6207,#6208);
#6210=CYLINDRICAL_SURFACE('3756',#6209,2.E-1);
#6212=ORIENTED_EDGE('4374',*,*,#6211,.T.);
#6214=ORIENTED_EDGE('4379',*,*,#6213,.T.);
#6215=ORIENTED_EDGE('4376',*,*,#6196,.F.);
#6216=ORIENTED_EDGE('4378',*,*,#6143,.F.);
#6217=EDGE_LOOP('3756',(#6212,#6214,#6215,#6216));
#6218=FACE_OUTER_BOUND('3756',#6217,.F.);
#6219=ADVANCED_FACE('3756',(#6218),#6210,.F.);
#6220=CARTESIAN_POINT('',(-2.9E-1,-7.012132034356E0,-7.817366023329E-1));
#6221=DIRECTION('',(1.E0,0.E0,0.E0));
#6222=DIRECTION('',(0.E0,-1.E0,0.E0));
#6223=AXIS2_PLACEMENT_3D('',#6220,#6221,#6222);
#6224=PLANE('3764',#6223);
#6225=ORIENTED_EDGE('4374',*,*,#6211,.F.);
#6226=ORIENTED_EDGE('4392',*,*,#6158,.T.);
#6228=ORIENTED_EDGE('4381',*,*,#6227,.T.);
#6230=ORIENTED_EDGE('4389',*,*,#6229,.F.);
#6231=EDGE_LOOP('3764',(#6225,#6226,#6228,#6230));
#6232=FACE_OUTER_BOUND('3764',#6231,.F.);
#6233=ADVANCED_FACE('3764',(#6232),#6224,.F.);
#6234=CARTESIAN_POINT('',(-2.9E-1,-6.8E0,-9.938686366889E-1));
#6235=DIRECTION('',(-1.E0,0.E0,0.E0));
#6236=DIRECTION('',(0.E0,-1.E0,0.E0));
#6237=AXIS2_PLACEMENT_3D('',#6234,#6235,#6236);
#6238=CYLINDRICAL_SURFACE('3759',#6237,4.E-1);
#6239=ORIENTED_EDGE('4381',*,*,#6227,.F.);
#6240=ORIENTED_EDGE('4385',*,*,#6172,.T.);
#6241=ORIENTED_EDGE('4383',*,*,#6200,.T.);
#6243=ORIENTED_EDGE('4386',*,*,#6242,.F.);
#6244=EDGE_LOOP('3759',(#6239,#6240,#6241,#6243));
#6245=FACE_OUTER_BOUND('3759',#6244,.F.);
#6246=ADVANCED_FACE('3759',(#6245),#6238,.T.);
#6247=CARTESIAN_POINT('',(-2.9E-1,-7.2E0,-9.938686366889E-1));
#6248=DIRECTION('',(0.E0,1.E0,0.E0));
#6249=DIRECTION('',(0.E0,0.E0,-1.E0));
#6250=AXIS2_PLACEMENT_3D('',#6247,#6248,#6249);
#6251=PLANE('3760',#6250);
#6253=ORIENTED_EDGE('4382',*,*,#6252,.F.);
#6254=ORIENTED_EDGE('4386',*,*,#6242,.T.);
#6256=ORIENTED_EDGE('4384',*,*,#6255,.T.);
#6258=ORIENTED_EDGE('4387',*,*,#6257,.F.);
#6259=EDGE_LOOP('3760',(#6253,#6254,#6256,#6258));
#6260=FACE_OUTER_BOUND('3760',#6259,.F.);
#6261=ADVANCED_FACE('3760',(#6260),#6251,.F.);
#6262=CARTESIAN_POINT('',(-2.9E-1,-7.1E0,-1.293868636689E0));
#6263=DIRECTION('',(1.E0,0.E0,0.E0));
#6264=DIRECTION('',(0.E0,0.E0,-1.E0));
#6265=AXIS2_PLACEMENT_3D('',#6262,#6263,#6264);
#6266=PLANE('3761',#6265);
#6268=ORIENTED_EDGE('4375',*,*,#6267,.F.);
#6269=ORIENTED_EDGE('4389',*,*,#6229,.T.);
#6270=ORIENTED_EDGE('4382',*,*,#6252,.T.);
#6272=ORIENTED_EDGE('4388',*,*,#6271,.F.);
#6273=EDGE_LOOP('3761',(#6268,#6269,#6270,#6272));
#6274=FACE_OUTER_BOUND('3761',#6273,.F.);
#6275=ADVANCED_FACE('3761',(#6274),#6266,.F.);
#6276=CARTESIAN_POINT('',(-2.9E-1,-7.E0,-9.938686366889E-1));
#6277=DIRECTION('',(0.E0,1.E0,0.E0));
#6278=DIRECTION('',(0.E0,0.E0,-1.E0));
#6279=AXIS2_PLACEMENT_3D('',#6276,#6277,#6278);
#6280=PLANE('3757',#6279);
#6281=ORIENTED_EDGE('4375',*,*,#6267,.T.);
#6283=ORIENTED_EDGE('4380',*,*,#6282,.T.);
#6285=ORIENTED_EDGE('4377',*,*,#6284,.F.);
#6286=ORIENTED_EDGE('4379',*,*,#6213,.F.);
#6287=EDGE_LOOP('3757',(#6281,#6283,#6285,#6286));
#6288=FACE_OUTER_BOUND('3757',#6287,.F.);
#6289=ADVANCED_FACE('3757',(#6288),#6280,.T.);
#6290=CARTESIAN_POINT('',(0.E0,-7.1E0,-1.593868636689E0));
#6291=DIRECTION('',(0.E0,0.E0,1.E0));
#6292=DIRECTION('',(1.E0,0.E0,0.E0));
#6293=AXIS2_PLACEMENT_3D('',#6290,#6291,#6292);
#6294=PLANE('3762',#6293);
#6295=ORIENTED_EDGE('4380',*,*,#6282,.F.);
#6296=ORIENTED_EDGE('4388',*,*,#6271,.T.);
#6297=ORIENTED_EDGE('4387',*,*,#6257,.T.);
#6299=ORIENTED_EDGE('4390',*,*,#6298,.F.);
#6300=EDGE_LOOP('3762',(#6295,#6296,#6297,#6299));
#6301=FACE_OUTER_BOUND('3762',#6300,.F.);
#6302=ADVANCED_FACE('3762',(#6301),#6294,.F.);
#6303=CARTESIAN_POINT('',(2.9E-1,-7.1E0,-1.293868636689E0));
#6304=DIRECTION('',(1.E0,0.E0,0.E0));
#6305=DIRECTION('',(0.E0,0.E0,-1.E0));
#6306=AXIS2_PLACEMENT_3D('',#6303,#6304,#6305);
#6307=PLANE('3763',#6306);
#6308=ORIENTED_EDGE('4377',*,*,#6284,.T.);
#6309=ORIENTED_EDGE('4390',*,*,#6298,.T.);
#6310=ORIENTED_EDGE('4384',*,*,#6255,.F.);
#6311=ORIENTED_EDGE('4391',*,*,#6198,.F.);
#6312=EDGE_LOOP('3763',(#6308,#6309,#6310,#6311));
#6313=FACE_OUTER_BOUND('3763',#6312,.F.);
#6314=ADVANCED_FACE('3763',(#6313),#6307,.T.);
#6315=CARTESIAN_POINT('',(2.24E0,-6.8E0,7.9386E-1));
#6316=DIRECTION('',(0.E0,0.E0,1.E0));
#6317=DIRECTION('',(0.E0,1.E0,0.E0));
#6318=AXIS2_PLACEMENT_3D('',#6315,#6316,#6317);
#6319=PLANE('3770',#6318);
#6320=ORIENTED_EDGE('4450',*,*,#4166,.F.);
#6322=ORIENTED_EDGE('4459',*,*,#6321,.F.);
#6324=ORIENTED_EDGE('4416',*,*,#6323,.F.);
#6326=ORIENTED_EDGE('4458',*,*,#6325,.T.);
#6327=EDGE_LOOP('3770',(#6320,#6322,#6324,#6326));
#6328=FACE_OUTER_BOUND('3770',#6327,.F.);
#6329=ADVANCED_FACE('3770',(#6328),#6319,.T.);
#6330=CARTESIAN_POINT('',(2.84E0,-6.515E0,6.9386E-1));
#6331=DIRECTION('',(1.E0,0.E0,0.E0));
#6332=DIRECTION('',(0.E0,1.E0,0.E0));
#6333=AXIS2_PLACEMENT_3D('',#6330,#6331,#6332);
#6334=PLANE('3775',#6333);
#6335=ORIENTED_EDGE('4453',*,*,#4172,.F.);
#6337=ORIENTED_EDGE('4461',*,*,#6336,.F.);
#6339=ORIENTED_EDGE('4425',*,*,#6338,.F.);
#6340=ORIENTED_EDGE('4459',*,*,#6321,.T.);
#6341=EDGE_LOOP('3775',(#6335,#6337,#6339,#6340));
#6342=FACE_OUTER_BOUND('3775',#6341,.F.);
#6343=ADVANCED_FACE('3775',(#6342),#6334,.T.);
#6344=CARTESIAN_POINT('',(2.24E0,-6.8E0,5.9386E-1));
#6345=DIRECTION('',(0.E0,0.E0,1.E0));
#6346=DIRECTION('',(0.E0,1.E0,0.E0));
#6347=AXIS2_PLACEMENT_3D('',#6344,#6345,#6346);
#6348=PLANE('3773',#6347);
#6349=ORIENTED_EDGE('4451',*,*,#4170,.T.);
#6351=ORIENTED_EDGE('4460',*,*,#6350,.F.);
#6353=ORIENTED_EDGE('4423',*,*,#6352,.T.);
#6354=ORIENTED_EDGE('4461',*,*,#6336,.T.);
#6355=EDGE_LOOP('3773',(#6349,#6351,#6353,#6354));
#6356=FACE_OUTER_BOUND('3773',#6355,.F.);
#6357=ADVANCED_FACE('3773',(#6356),#6348,.F.);
#6358=CARTESIAN_POINT('',(2.24E0,-6.515E0,6.9386E-1));
#6359=DIRECTION('',(1.E0,0.E0,0.E0));
#6360=DIRECTION('',(0.E0,1.E0,0.E0));
#6361=AXIS2_PLACEMENT_3D('',#6358,#6359,#6360);
#6362=PLANE('3774',#6361);
#6363=ORIENTED_EDGE('4452',*,*,#4168,.T.);
#6364=ORIENTED_EDGE('4458',*,*,#6325,.F.);
#6366=ORIENTED_EDGE('4424',*,*,#6365,.T.);
#6367=ORIENTED_EDGE('4460',*,*,#6350,.T.);
#6368=EDGE_LOOP('3774',(#6363,#6364,#6366,#6367));
#6369=FACE_OUTER_BOUND('3774',#6368,.F.);
#6370=ADVANCED_FACE('3774',(#6369),#6362,.F.);
#6371=CARTESIAN_POINT('',(2.24E0,-7.012132034356E0,7.817279656440E-1));
#6372=DIRECTION('',(1.E0,0.E0,0.E0));
#6373=DIRECTION('',(0.E0,0.E0,-1.E0));
#6374=AXIS2_PLACEMENT_3D('',#6371,#6372,#6373);
#6375=PLANE('3776',#6374);
#6377=ORIENTED_EDGE('4411',*,*,#6376,.F.);
#6379=ORIENTED_EDGE('4426',*,*,#6378,.T.);
#6381=ORIENTED_EDGE('4418',*,*,#6380,.T.);
#6382=ORIENTED_EDGE('4424',*,*,#6365,.F.);
#6383=EDGE_LOOP('3776',(#6377,#6379,#6381,#6382));
#6384=FACE_OUTER_BOUND('3776',#6383,.F.);
#6385=ADVANCED_FACE('3776',(#6384),#6375,.F.);
#6386=CARTESIAN_POINT('',(2.24E0,-6.8E0,9.9386E-1));
#6387=DIRECTION('',(-1.E0,0.E0,0.E0));
#6388=DIRECTION('',(0.E0,0.E0,1.E0));
#6389=AXIS2_PLACEMENT_3D('',#6386,#6387,#6388);
#6390=CYLINDRICAL_SURFACE('3769',#6389,2.E-1);
#6391=ORIENTED_EDGE('4411',*,*,#6376,.T.);
#6392=ORIENTED_EDGE('4416',*,*,#6323,.T.);
#6394=ORIENTED_EDGE('4413',*,*,#6393,.F.);
#6396=ORIENTED_EDGE('4415',*,*,#6395,.F.);
#6397=EDGE_LOOP('3769',(#6391,#6392,#6394,#6396));
#6398=FACE_OUTER_BOUND('3769',#6397,.F.);
#6399=ADVANCED_FACE('3769',(#6398),#6390,.F.);
#6400=CARTESIAN_POINT('',(2.84E0,-7.012132034356E0,7.817279656440E-1));
#6401=DIRECTION('',(1.E0,0.E0,0.E0));
#6402=DIRECTION('',(0.E0,0.E0,-1.E0));
#6403=AXIS2_PLACEMENT_3D('',#6400,#6401,#6402);
#6404=PLANE('3777',#6403);
#6405=ORIENTED_EDGE('4413',*,*,#6393,.T.);
#6406=ORIENTED_EDGE('4425',*,*,#6338,.T.);
#6408=ORIENTED_EDGE('4420',*,*,#6407,.F.);
#6410=ORIENTED_EDGE('4427',*,*,#6409,.F.);
#6411=EDGE_LOOP('3777',(#6405,#6406,#6408,#6410));
#6412=FACE_OUTER_BOUND('3777',#6411,.F.);
#6413=ADVANCED_FACE('3777',(#6412),#6404,.T.);
#6414=CARTESIAN_POINT('',(2.24E0,-6.8E0,9.9386E-1));
#6415=DIRECTION('',(-1.E0,0.E0,0.E0));
#6416=DIRECTION('',(0.E0,0.E0,1.E0));
#6417=AXIS2_PLACEMENT_3D('',#6414,#6415,#6416);
#6418=CYLINDRICAL_SURFACE('3772',#6417,4.E-1);
#6419=ORIENTED_EDGE('4418',*,*,#6380,.F.);
#6421=ORIENTED_EDGE('4422',*,*,#6420,.T.);
#6422=ORIENTED_EDGE('4420',*,*,#6407,.T.);
#6423=ORIENTED_EDGE('4423',*,*,#6352,.F.);
#6424=EDGE_LOOP('3772',(#6419,#6421,#6422,#6423));
#6425=FACE_OUTER_BOUND('3772',#6424,.F.);
#6426=ADVANCED_FACE('3772',(#6425),#6418,.T.);
#6427=CARTESIAN_POINT('',(2.24E0,-7.2E0,1.59386E0));
#6428=DIRECTION('',(0.E0,1.E0,0.E0));
#6429=DIRECTION('',(0.E0,0.E0,-1.E0));
#6430=AXIS2_PLACEMENT_3D('',#6427,#6428,#6429);
#6431=PLANE('3771',#6430);
#6433=ORIENTED_EDGE('4417',*,*,#6432,.F.);
#6435=ORIENTED_EDGE('4421',*,*,#6434,.T.);
#6437=ORIENTED_EDGE('4419',*,*,#6436,.T.);
#6438=ORIENTED_EDGE('4422',*,*,#6420,.F.);
#6439=EDGE_LOOP('3771',(#6433,#6435,#6437,#6438));
#6440=FACE_OUTER_BOUND('3771',#6439,.F.);
#6441=ADVANCED_FACE('3771',(#6440),#6431,.F.);
#6442=CARTESIAN_POINT('',(2.24E0,-7.1E0,1.29386E0));
#6443=DIRECTION('',(1.E0,0.E0,0.E0));
#6444=DIRECTION('',(0.E0,0.E0,-1.E0));
#6445=AXIS2_PLACEMENT_3D('',#6442,#6443,#6444);
#6446=PLANE('3778',#6445);
#6448=ORIENTED_EDGE('4410',*,*,#6447,.F.);
#6450=ORIENTED_EDGE('4428',*,*,#6449,.T.);
#6451=ORIENTED_EDGE('4417',*,*,#6432,.T.);
#6452=ORIENTED_EDGE('4426',*,*,#6378,.F.);
#6453=EDGE_LOOP('3778',(#6448,#6450,#6451,#6452));
#6454=FACE_OUTER_BOUND('3778',#6453,.F.);
#6455=ADVANCED_FACE('3778',(#6454),#6446,.F.);
#6456=CARTESIAN_POINT('',(2.24E0,-7.E0,1.59386E0));
#6457=DIRECTION('',(0.E0,1.E0,0.E0));
#6458=DIRECTION('',(0.E0,0.E0,-1.E0));
#6459=AXIS2_PLACEMENT_3D('',#6456,#6457,#6458);
#6460=PLANE('3768',#6459);
#6461=ORIENTED_EDGE('4410',*,*,#6447,.T.);
#6462=ORIENTED_EDGE('4415',*,*,#6395,.T.);
#6464=ORIENTED_EDGE('4412',*,*,#6463,.F.);
#6466=ORIENTED_EDGE('4414',*,*,#6465,.F.);
#6467=EDGE_LOOP('3768',(#6461,#6462,#6464,#6466));
#6468=FACE_OUTER_BOUND('3768',#6467,.F.);
#6469=ADVANCED_FACE('3768',(#6468),#6460,.T.);
#6470=CARTESIAN_POINT('',(2.84E0,-7.1E0,1.29386E0));
#6471=DIRECTION('',(1.E0,0.E0,0.E0));
#6472=DIRECTION('',(0.E0,0.E0,-1.E0));
#6473=AXIS2_PLACEMENT_3D('',#6470,#6471,#6472);
#6474=PLANE('3779',#6473);
#6475=ORIENTED_EDGE('4412',*,*,#6463,.T.);
#6476=ORIENTED_EDGE('4427',*,*,#6409,.T.);
#6477=ORIENTED_EDGE('4419',*,*,#6436,.F.);
#6479=ORIENTED_EDGE('4429',*,*,#6478,.F.);
#6480=EDGE_LOOP('3779',(#6475,#6476,#6477,#6479));
#6481=FACE_OUTER_BOUND('3779',#6480,.F.);
#6482=ADVANCED_FACE('3779',(#6481),#6474,.T.);
#6483=CARTESIAN_POINT('',(2.54E0,-7.1E0,1.59386E0));
#6484=DIRECTION('',(0.E0,0.E0,1.E0));
#6485=DIRECTION('',(1.E0,0.E0,0.E0));
#6486=AXIS2_PLACEMENT_3D('',#6483,#6484,#6485);
#6487=PLANE('3780',#6486);
#6488=ORIENTED_EDGE('4414',*,*,#6465,.T.);
#6489=ORIENTED_EDGE('4429',*,*,#6478,.T.);
#6490=ORIENTED_EDGE('4421',*,*,#6434,.F.);
#6491=ORIENTED_EDGE('4428',*,*,#6449,.F.);
#6492=EDGE_LOOP('3780',(#6488,#6489,#6490,#6491));
#6493=FACE_OUTER_BOUND('3780',#6492,.F.);
#6494=ADVANCED_FACE('3780',(#6493),#6487,.T.);
#6495=CARTESIAN_POINT('',(2.25E0,-6.43E0,-7.938686366889E-1));
#6496=DIRECTION('',(0.E0,0.E0,-1.E0));
#6497=DIRECTION('',(0.E0,-1.E0,0.E0));
#6498=AXIS2_PLACEMENT_3D('',#6495,#6496,#6497);
#6499=PLANE('3781',#6498);
#6500=ORIENTED_EDGE('4454',*,*,#4176,.T.);
#6502=ORIENTED_EDGE('4462',*,*,#6501,.T.);
#6504=ORIENTED_EDGE('4434',*,*,#6503,.T.);
#6506=ORIENTED_EDGE('4463',*,*,#6505,.F.);
#6507=EDGE_LOOP('3781',(#6500,#6502,#6504,#6506));
#6508=FACE_OUTER_BOUND('3781',#6507,.F.);
#6509=ADVANCED_FACE('3781',(#6508),#6499,.T.);
#6510=CARTESIAN_POINT('',(2.25E0,-6.615E0,-6.938686366889E-1));
#6511=DIRECTION('',(1.E0,0.E0,0.E0));
#6512=DIRECTION('',(0.E0,-1.E0,0.E0));
#6513=AXIS2_PLACEMENT_3D('',#6510,#6511,#6512);
#6514=PLANE('3792',#6513);
#6515=ORIENTED_EDGE('4456',*,*,#4182,.F.);
#6517=ORIENTED_EDGE('4464',*,*,#6516,.T.);
#6519=ORIENTED_EDGE('4448',*,*,#6518,.F.);
#6520=ORIENTED_EDGE('4462',*,*,#6501,.F.);
#6521=EDGE_LOOP('3792',(#6515,#6517,#6519,#6520));
#6522=FACE_OUTER_BOUND('3792',#6521,.F.);
#6523=ADVANCED_FACE('3792',(#6522),#6514,.F.);
#6524=CARTESIAN_POINT('',(2.25E0,-6.43E0,-5.938686366889E-1));
#6525=DIRECTION('',(0.E0,0.E0,-1.E0));
#6526=DIRECTION('',(0.E0,-1.E0,0.E0));
#6527=AXIS2_PLACEMENT_3D('',#6524,#6525,#6526);
#6528=PLANE('3784',#6527);
#6529=ORIENTED_EDGE('4455',*,*,#4180,.F.);
#6531=ORIENTED_EDGE('4465',*,*,#6530,.T.);
#6533=ORIENTED_EDGE('4441',*,*,#6532,.F.);
#6534=ORIENTED_EDGE('4464',*,*,#6516,.F.);
#6535=EDGE_LOOP('3784',(#6529,#6531,#6533,#6534));
#6536=FACE_OUTER_BOUND('3784',#6535,.F.);
#6537=ADVANCED_FACE('3784',(#6536),#6528,.F.);
#6538=CARTESIAN_POINT('',(2.83E0,-6.615E0,-6.938686366889E-1));
#6539=DIRECTION('',(1.E0,0.E0,0.E0));
#6540=DIRECTION('',(0.E0,-1.E0,0.E0));
#6541=AXIS2_PLACEMENT_3D('',#6538,#6539,#6540);
#6542=PLANE('3793',#6541);
#6543=ORIENTED_EDGE('4457',*,*,#4178,.T.);
#6544=ORIENTED_EDGE('4463',*,*,#6505,.T.);
#6546=ORIENTED_EDGE('4449',*,*,#6545,.T.);
#6547=ORIENTED_EDGE('4465',*,*,#6530,.F.);
#6548=EDGE_LOOP('3793',(#6543,#6544,#6546,#6547));
#6549=FACE_OUTER_BOUND('3793',#6548,.F.);
#6550=ADVANCED_FACE('3793',(#6549),#6542,.T.);
#6551=CARTESIAN_POINT('',(2.83E0,-7.012132034356E0,-7.817366023329E-1));
#6552=DIRECTION('',(1.E0,0.E0,0.E0));
#6553=DIRECTION('',(0.E0,-1.E0,0.E0));
#6554=AXIS2_PLACEMENT_3D('',#6551,#6552,#6553);
#6555=PLANE('3791',#6554);
#6557=ORIENTED_EDGE('4432',*,*,#6556,.T.);
#6559=ORIENTED_EDGE('4447',*,*,#6558,.T.);
#6561=ORIENTED_EDGE('4439',*,*,#6560,.F.);
#6562=ORIENTED_EDGE('4449',*,*,#6545,.F.);
#6563=EDGE_LOOP('3791',(#6557,#6559,#6561,#6562));
#6564=FACE_OUTER_BOUND('3791',#6563,.F.);
#6565=ADVANCED_FACE('3791',(#6564),#6555,.T.);
#6566=CARTESIAN_POINT('',(2.25E0,-6.8E0,-9.938686366889E-1));
#6567=DIRECTION('',(-1.E0,0.E0,0.E0));
#6568=DIRECTION('',(0.E0,-1.E0,0.E0));
#6569=AXIS2_PLACEMENT_3D('',#6566,#6567,#6568);
#6570=CYLINDRICAL_SURFACE('3782',#6569,2.E-1);
#6572=ORIENTED_EDGE('4430',*,*,#6571,.T.);
#6574=ORIENTED_EDGE('4435',*,*,#6573,.T.);
#6575=ORIENTED_EDGE('4432',*,*,#6556,.F.);
#6576=ORIENTED_EDGE('4434',*,*,#6503,.F.);
#6577=EDGE_LOOP('3782',(#6572,#6574,#6575,#6576));
#6578=FACE_OUTER_BOUND('3782',#6577,.F.);
#6579=ADVANCED_FACE('3782',(#6578),#6570,.F.);
#6580=CARTESIAN_POINT('',(2.25E0,-7.012132034356E0,-7.817366023329E-1));
#6581=DIRECTION('',(1.E0,0.E0,0.E0));
#6582=DIRECTION('',(0.E0,-1.E0,0.E0));
#6583=AXIS2_PLACEMENT_3D('',#6580,#6581,#6582);
#6584=PLANE('3790',#6583);
#6585=ORIENTED_EDGE('4430',*,*,#6571,.F.);
#6586=ORIENTED_EDGE('4448',*,*,#6518,.T.);
#6588=ORIENTED_EDGE('4437',*,*,#6587,.T.);
#6590=ORIENTED_EDGE('4445',*,*,#6589,.F.);
#6591=EDGE_LOOP('3790',(#6585,#6586,#6588,#6590));
#6592=FACE_OUTER_BOUND('3790',#6591,.F.);
#6593=ADVANCED_FACE('3790',(#6592),#6584,.F.);
#6594=CARTESIAN_POINT('',(2.25E0,-6.8E0,-9.938686366889E-1));
#6595=DIRECTION('',(-1.E0,0.E0,0.E0));
#6596=DIRECTION('',(0.E0,-1.E0,0.E0));
#6597=AXIS2_PLACEMENT_3D('',#6594,#6595,#6596);
#6598=CYLINDRICAL_SURFACE('3785',#6597,4.E-1);
#6599=ORIENTED_EDGE('4437',*,*,#6587,.F.);
#6600=ORIENTED_EDGE('4441',*,*,#6532,.T.);
#6601=ORIENTED_EDGE('4439',*,*,#6560,.T.);
#6603=ORIENTED_EDGE('4442',*,*,#6602,.F.);
#6604=EDGE_LOOP('3785',(#6599,#6600,#6601,#6603));
#6605=FACE_OUTER_BOUND('3785',#6604,.F.);
#6606=ADVANCED_FACE('3785',(#6605),#6598,.T.);
#6607=CARTESIAN_POINT('',(2.25E0,-7.2E0,-9.938686366889E-1));
#6608=DIRECTION('',(0.E0,1.E0,0.E0));
#6609=DIRECTION('',(0.E0,0.E0,-1.E0));
#6610=AXIS2_PLACEMENT_3D('',#6607,#6608,#6609);
#6611=PLANE('3786',#6610);
#6613=ORIENTED_EDGE('4438',*,*,#6612,.F.);
#6614=ORIENTED_EDGE('4442',*,*,#6602,.T.);
#6616=ORIENTED_EDGE('4440',*,*,#6615,.T.);
#6618=ORIENTED_EDGE('4443',*,*,#6617,.F.);
#6619=EDGE_LOOP('3786',(#6613,#6614,#6616,#6618));
#6620=FACE_OUTER_BOUND('3786',#6619,.F.);
#6621=ADVANCED_FACE('3786',(#6620),#6611,.F.);
#6622=CARTESIAN_POINT('',(2.25E0,-7.1E0,-1.293868636689E0));
#6623=DIRECTION('',(1.E0,0.E0,0.E0));
#6624=DIRECTION('',(0.E0,0.E0,-1.E0));
#6625=AXIS2_PLACEMENT_3D('',#6622,#6623,#6624);
#6626=PLANE('3787',#6625);
#6628=ORIENTED_EDGE('4431',*,*,#6627,.F.);
#6629=ORIENTED_EDGE('4445',*,*,#6589,.T.);
#6630=ORIENTED_EDGE('4438',*,*,#6612,.T.);
#6632=ORIENTED_EDGE('4444',*,*,#6631,.F.);
#6633=EDGE_LOOP('3787',(#6628,#6629,#6630,#6632));
#6634=FACE_OUTER_BOUND('3787',#6633,.F.);
#6635=ADVANCED_FACE('3787',(#6634),#6626,.F.);
#6636=CARTESIAN_POINT('',(2.25E0,-7.E0,-9.938686366889E-1));
#6637=DIRECTION('',(0.E0,1.E0,0.E0));
#6638=DIRECTION('',(0.E0,0.E0,-1.E0));
#6639=AXIS2_PLACEMENT_3D('',#6636,#6637,#6638);
#6640=PLANE('3783',#6639);
#6641=ORIENTED_EDGE('4431',*,*,#6627,.T.);
#6643=ORIENTED_EDGE('4436',*,*,#6642,.T.);
#6645=ORIENTED_EDGE('4433',*,*,#6644,.F.);
#6646=ORIENTED_EDGE('4435',*,*,#6573,.F.);
#6647=EDGE_LOOP('3783',(#6641,#6643,#6645,#6646));
#6648=FACE_OUTER_BOUND('3783',#6647,.F.);
#6649=ADVANCED_FACE('3783',(#6648),#6640,.T.);
#6650=CARTESIAN_POINT('',(2.54E0,-7.1E0,-1.593868636689E0));
#6651=DIRECTION('',(0.E0,0.E0,1.E0));
#6652=DIRECTION('',(1.E0,0.E0,0.E0));
#6653=AXIS2_PLACEMENT_3D('',#6650,#6651,#6652);
#6654=PLANE('3788',#6653);
#6655=ORIENTED_EDGE('4436',*,*,#6642,.F.);
#6656=ORIENTED_EDGE('4444',*,*,#6631,.T.);
#6657=ORIENTED_EDGE('4443',*,*,#6617,.T.);
#6659=ORIENTED_EDGE('4446',*,*,#6658,.F.);
#6660=EDGE_LOOP('3788',(#6655,#6656,#6657,#6659));
#6661=FACE_OUTER_BOUND('3788',#6660,.F.);
#6662=ADVANCED_FACE('3788',(#6661),#6654,.F.);
#6663=CARTESIAN_POINT('',(2.83E0,-7.1E0,-1.293868636689E0));
#6664=DIRECTION('',(1.E0,0.E0,0.E0));
#6665=DIRECTION('',(0.E0,0.E0,-1.E0));
#6666=AXIS2_PLACEMENT_3D('',#6663,#6664,#6665);
#6667=PLANE('3789',#6666);
#6668=ORIENTED_EDGE('4433',*,*,#6644,.T.);
#6669=ORIENTED_EDGE('4446',*,*,#6658,.T.);
#6670=ORIENTED_EDGE('4440',*,*,#6615,.F.);
#6671=ORIENTED_EDGE('4447',*,*,#6558,.F.);
#6672=EDGE_LOOP('3789',(#6668,#6669,#6670,#6671));
#6673=FACE_OUTER_BOUND('3789',#6672,.F.);
#6674=ADVANCED_FACE('3789',(#6673),#6667,.T.);
#6675=CARTESIAN_POINT('',(4.78E0,-6.8E0,7.9386E-1));
#6676=DIRECTION('',(0.E0,0.E0,1.E0));
#6677=DIRECTION('',(0.E0,1.E0,0.E0));
#6678=AXIS2_PLACEMENT_3D('',#6675,#6676,#6677);
#6679=PLANE('3796',#6678);
#6680=ORIENTED_EDGE('4506',*,*,#4186,.F.);
#6682=ORIENTED_EDGE('4515',*,*,#6681,.F.);
#6684=ORIENTED_EDGE('4472',*,*,#6683,.F.);
#6686=ORIENTED_EDGE('4514',*,*,#6685,.T.);
#6687=EDGE_LOOP('3796',(#6680,#6682,#6684,#6686));
#6688=FACE_OUTER_BOUND('3796',#6687,.F.);
#6689=ADVANCED_FACE('3796',(#6688),#6679,.T.);
#6690=CARTESIAN_POINT('',(5.38E0,-6.515E0,6.9386E-1));
#6691=DIRECTION('',(1.E0,0.E0,0.E0));
#6692=DIRECTION('',(0.E0,1.E0,0.E0));
#6693=AXIS2_PLACEMENT_3D('',#6690,#6691,#6692);
#6694=PLANE('3801',#6693);
#6695=ORIENTED_EDGE('4509',*,*,#4192,.F.);
#6697=ORIENTED_EDGE('4517',*,*,#6696,.F.);
#6699=ORIENTED_EDGE('4481',*,*,#6698,.F.);
#6700=ORIENTED_EDGE('4515',*,*,#6681,.T.);
#6701=EDGE_LOOP('3801',(#6695,#6697,#6699,#6700));
#6702=FACE_OUTER_BOUND('3801',#6701,.F.);
#6703=ADVANCED_FACE('3801',(#6702),#6694,.T.);
#6704=CARTESIAN_POINT('',(4.78E0,-6.8E0,5.9386E-1));
#6705=DIRECTION('',(0.E0,0.E0,1.E0));
#6706=DIRECTION('',(0.E0,1.E0,0.E0));
#6707=AXIS2_PLACEMENT_3D('',#6704,#6705,#6706);
#6708=PLANE('3799',#6707);
#6709=ORIENTED_EDGE('4507',*,*,#4190,.T.);
#6711=ORIENTED_EDGE('4516',*,*,#6710,.F.);
#6713=ORIENTED_EDGE('4479',*,*,#6712,.T.);
#6714=ORIENTED_EDGE('4517',*,*,#6696,.T.);
#6715=EDGE_LOOP('3799',(#6709,#6711,#6713,#6714));
#6716=FACE_OUTER_BOUND('3799',#6715,.F.);
#6717=ADVANCED_FACE('3799',(#6716),#6708,.F.);
#6718=CARTESIAN_POINT('',(4.78E0,-6.515E0,6.9386E-1));
#6719=DIRECTION('',(1.E0,0.E0,0.E0));
#6720=DIRECTION('',(0.E0,1.E0,0.E0));
#6721=AXIS2_PLACEMENT_3D('',#6718,#6719,#6720);
#6722=PLANE('3800',#6721);
#6723=ORIENTED_EDGE('4508',*,*,#4188,.T.);
#6724=ORIENTED_EDGE('4514',*,*,#6685,.F.);
#6726=ORIENTED_EDGE('4480',*,*,#6725,.T.);
#6727=ORIENTED_EDGE('4516',*,*,#6710,.T.);
#6728=EDGE_LOOP('3800',(#6723,#6724,#6726,#6727));
#6729=FACE_OUTER_BOUND('3800',#6728,.F.);
#6730=ADVANCED_FACE('3800',(#6729),#6722,.F.);
#6731=CARTESIAN_POINT('',(4.78E0,-7.012132034356E0,7.817279656440E-1));
#6732=DIRECTION('',(1.E0,0.E0,0.E0));
#6733=DIRECTION('',(0.E0,0.E0,-1.E0));
#6734=AXIS2_PLACEMENT_3D('',#6731,#6732,#6733);
#6735=PLANE('3802',#6734);
#6737=ORIENTED_EDGE('4467',*,*,#6736,.F.);
#6739=ORIENTED_EDGE('4482',*,*,#6738,.T.);
#6741=ORIENTED_EDGE('4474',*,*,#6740,.T.);
#6742=ORIENTED_EDGE('4480',*,*,#6725,.F.);
#6743=EDGE_LOOP('3802',(#6737,#6739,#6741,#6742));
#6744=FACE_OUTER_BOUND('3802',#6743,.F.);
#6745=ADVANCED_FACE('3802',(#6744),#6735,.F.);
#6746=CARTESIAN_POINT('',(4.78E0,-6.8E0,9.9386E-1));
#6747=DIRECTION('',(-1.E0,0.E0,0.E0));
#6748=DIRECTION('',(0.E0,0.E0,1.E0));
#6749=AXIS2_PLACEMENT_3D('',#6746,#6747,#6748);
#6750=CYLINDRICAL_SURFACE('3795',#6749,2.E-1);
#6751=ORIENTED_EDGE('4467',*,*,#6736,.T.);
#6752=ORIENTED_EDGE('4472',*,*,#6683,.T.);
#6754=ORIENTED_EDGE('4469',*,*,#6753,.F.);
#6756=ORIENTED_EDGE('4471',*,*,#6755,.F.);
#6757=EDGE_LOOP('3795',(#6751,#6752,#6754,#6756));
#6758=FACE_OUTER_BOUND('3795',#6757,.F.);
#6759=ADVANCED_FACE('3795',(#6758),#6750,.F.);
#6760=CARTESIAN_POINT('',(5.38E0,-7.012132034356E0,7.817279656440E-1));
#6761=DIRECTION('',(1.E0,0.E0,0.E0));
#6762=DIRECTION('',(0.E0,0.E0,-1.E0));
#6763=AXIS2_PLACEMENT_3D('',#6760,#6761,#6762);
#6764=PLANE('3803',#6763);
#6765=ORIENTED_EDGE('4469',*,*,#6753,.T.);
#6766=ORIENTED_EDGE('4481',*,*,#6698,.T.);
#6768=ORIENTED_EDGE('4476',*,*,#6767,.F.);
#6770=ORIENTED_EDGE('4483',*,*,#6769,.F.);
#6771=EDGE_LOOP('3803',(#6765,#6766,#6768,#6770));
#6772=FACE_OUTER_BOUND('3803',#6771,.F.);
#6773=ADVANCED_FACE('3803',(#6772),#6764,.T.);
#6774=CARTESIAN_POINT('',(4.78E0,-6.8E0,9.9386E-1));
#6775=DIRECTION('',(-1.E0,0.E0,0.E0));
#6776=DIRECTION('',(0.E0,0.E0,1.E0));
#6777=AXIS2_PLACEMENT_3D('',#6774,#6775,#6776);
#6778=CYLINDRICAL_SURFACE('3798',#6777,4.E-1);
#6779=ORIENTED_EDGE('4474',*,*,#6740,.F.);
#6781=ORIENTED_EDGE('4478',*,*,#6780,.T.);
#6782=ORIENTED_EDGE('4476',*,*,#6767,.T.);
#6783=ORIENTED_EDGE('4479',*,*,#6712,.F.);
#6784=EDGE_LOOP('3798',(#6779,#6781,#6782,#6783));
#6785=FACE_OUTER_BOUND('3798',#6784,.F.);
#6786=ADVANCED_FACE('3798',(#6785),#6778,.T.);
#6787=CARTESIAN_POINT('',(4.78E0,-7.2E0,1.59386E0));
#6788=DIRECTION('',(0.E0,1.E0,0.E0));
#6789=DIRECTION('',(0.E0,0.E0,-1.E0));
#6790=AXIS2_PLACEMENT_3D('',#6787,#6788,#6789);
#6791=PLANE('3797',#6790);
#6793=ORIENTED_EDGE('4473',*,*,#6792,.F.);
#6795=ORIENTED_EDGE('4477',*,*,#6794,.T.);
#6797=ORIENTED_EDGE('4475',*,*,#6796,.T.);
#6798=ORIENTED_EDGE('4478',*,*,#6780,.F.);
#6799=EDGE_LOOP('3797',(#6793,#6795,#6797,#6798));
#6800=FACE_OUTER_BOUND('3797',#6799,.F.);
#6801=ADVANCED_FACE('3797',(#6800),#6791,.F.);
#6802=CARTESIAN_POINT('',(4.78E0,-7.1E0,1.29386E0));
#6803=DIRECTION('',(1.E0,0.E0,0.E0));
#6804=DIRECTION('',(0.E0,0.E0,-1.E0));
#6805=AXIS2_PLACEMENT_3D('',#6802,#6803,#6804);
#6806=PLANE('3804',#6805);
#6808=ORIENTED_EDGE('4466',*,*,#6807,.F.);
#6810=ORIENTED_EDGE('4484',*,*,#6809,.T.);
#6811=ORIENTED_EDGE('4473',*,*,#6792,.T.);
#6812=ORIENTED_EDGE('4482',*,*,#6738,.F.);
#6813=EDGE_LOOP('3804',(#6808,#6810,#6811,#6812));
#6814=FACE_OUTER_BOUND('3804',#6813,.F.);
#6815=ADVANCED_FACE('3804',(#6814),#6806,.F.);
#6816=CARTESIAN_POINT('',(4.78E0,-7.E0,1.59386E0));
#6817=DIRECTION('',(0.E0,1.E0,0.E0));
#6818=DIRECTION('',(0.E0,0.E0,-1.E0));
#6819=AXIS2_PLACEMENT_3D('',#6816,#6817,#6818);
#6820=PLANE('3794',#6819);
#6821=ORIENTED_EDGE('4466',*,*,#6807,.T.);
#6822=ORIENTED_EDGE('4471',*,*,#6755,.T.);
#6824=ORIENTED_EDGE('4468',*,*,#6823,.F.);
#6826=ORIENTED_EDGE('4470',*,*,#6825,.F.);
#6827=EDGE_LOOP('3794',(#6821,#6822,#6824,#6826));
#6828=FACE_OUTER_BOUND('3794',#6827,.F.);
#6829=ADVANCED_FACE('3794',(#6828),#6820,.T.);
#6830=CARTESIAN_POINT('',(5.38E0,-7.1E0,1.29386E0));
#6831=DIRECTION('',(1.E0,0.E0,0.E0));
#6832=DIRECTION('',(0.E0,0.E0,-1.E0));
#6833=AXIS2_PLACEMENT_3D('',#6830,#6831,#6832);
#6834=PLANE('3805',#6833);
#6835=ORIENTED_EDGE('4468',*,*,#6823,.T.);
#6836=ORIENTED_EDGE('4483',*,*,#6769,.T.);
#6837=ORIENTED_EDGE('4475',*,*,#6796,.F.);
#6839=ORIENTED_EDGE('4485',*,*,#6838,.F.);
#6840=EDGE_LOOP('3805',(#6835,#6836,#6837,#6839));
#6841=FACE_OUTER_BOUND('3805',#6840,.F.);
#6842=ADVANCED_FACE('3805',(#6841),#6834,.T.);
#6843=CARTESIAN_POINT('',(5.08E0,-7.1E0,1.59386E0));
#6844=DIRECTION('',(0.E0,0.E0,1.E0));
#6845=DIRECTION('',(1.E0,0.E0,0.E0));
#6846=AXIS2_PLACEMENT_3D('',#6843,#6844,#6845);
#6847=PLANE('3806',#6846);
#6848=ORIENTED_EDGE('4470',*,*,#6825,.T.);
#6849=ORIENTED_EDGE('4485',*,*,#6838,.T.);
#6850=ORIENTED_EDGE('4477',*,*,#6794,.F.);
#6851=ORIENTED_EDGE('4484',*,*,#6809,.F.);
#6852=EDGE_LOOP('3806',(#6848,#6849,#6850,#6851));
#6853=FACE_OUTER_BOUND('3806',#6852,.F.);
#6854=ADVANCED_FACE('3806',(#6853),#6847,.T.);
#6855=CARTESIAN_POINT('',(4.79E0,-6.43E0,-7.938686366889E-1));
#6856=DIRECTION('',(0.E0,0.E0,-1.E0));
#6857=DIRECTION('',(0.E0,-1.E0,0.E0));
#6858=AXIS2_PLACEMENT_3D('',#6855,#6856,#6857);
#6859=PLANE('3807',#6858);
#6860=ORIENTED_EDGE('4510',*,*,#4196,.T.);
#6862=ORIENTED_EDGE('4518',*,*,#6861,.T.);
#6864=ORIENTED_EDGE('4490',*,*,#6863,.T.);
#6866=ORIENTED_EDGE('4519',*,*,#6865,.F.);
#6867=EDGE_LOOP('3807',(#6860,#6862,#6864,#6866));
#6868=FACE_OUTER_BOUND('3807',#6867,.F.);
#6869=ADVANCED_FACE('3807',(#6868),#6859,.T.);
#6870=CARTESIAN_POINT('',(4.79E0,-6.615E0,-6.938686366889E-1));
#6871=DIRECTION('',(1.E0,0.E0,0.E0));
#6872=DIRECTION('',(0.E0,-1.E0,0.E0));
#6873=AXIS2_PLACEMENT_3D('',#6870,#6871,#6872);
#6874=PLANE('3818',#6873);
#6875=ORIENTED_EDGE('4512',*,*,#4202,.F.);
#6877=ORIENTED_EDGE('4520',*,*,#6876,.T.);
#6879=ORIENTED_EDGE('4504',*,*,#6878,.F.);
#6880=ORIENTED_EDGE('4518',*,*,#6861,.F.);
#6881=EDGE_LOOP('3818',(#6875,#6877,#6879,#6880));
#6882=FACE_OUTER_BOUND('3818',#6881,.F.);
#6883=ADVANCED_FACE('3818',(#6882),#6874,.F.);
#6884=CARTESIAN_POINT('',(4.79E0,-6.43E0,-5.938686366889E-1));
#6885=DIRECTION('',(0.E0,0.E0,-1.E0));
#6886=DIRECTION('',(0.E0,-1.E0,0.E0));
#6887=AXIS2_PLACEMENT_3D('',#6884,#6885,#6886);
#6888=PLANE('3810',#6887);
#6889=ORIENTED_EDGE('4511',*,*,#4200,.F.);
#6891=ORIENTED_EDGE('4521',*,*,#6890,.T.);
#6893=ORIENTED_EDGE('4497',*,*,#6892,.F.);
#6894=ORIENTED_EDGE('4520',*,*,#6876,.F.);
#6895=EDGE_LOOP('3810',(#6889,#6891,#6893,#6894));
#6896=FACE_OUTER_BOUND('3810',#6895,.F.);
#6897=ADVANCED_FACE('3810',(#6896),#6888,.F.);
#6898=CARTESIAN_POINT('',(5.37E0,-6.615E0,-6.938686366889E-1));
#6899=DIRECTION('',(1.E0,0.E0,0.E0));
#6900=DIRECTION('',(0.E0,-1.E0,0.E0));
#6901=AXIS2_PLACEMENT_3D('',#6898,#6899,#6900);
#6902=PLANE('3819',#6901);
#6903=ORIENTED_EDGE('4513',*,*,#4198,.T.);
#6904=ORIENTED_EDGE('4519',*,*,#6865,.T.);
#6906=ORIENTED_EDGE('4505',*,*,#6905,.T.);
#6907=ORIENTED_EDGE('4521',*,*,#6890,.F.);
#6908=EDGE_LOOP('3819',(#6903,#6904,#6906,#6907));
#6909=FACE_OUTER_BOUND('3819',#6908,.F.);
#6910=ADVANCED_FACE('3819',(#6909),#6902,.T.);
#6911=CARTESIAN_POINT('',(5.37E0,-7.012132034356E0,-7.817366023329E-1));
#6912=DIRECTION('',(1.E0,0.E0,0.E0));
#6913=DIRECTION('',(0.E0,-1.E0,0.E0));
#6914=AXIS2_PLACEMENT_3D('',#6911,#6912,#6913);
#6915=PLANE('3817',#6914);
#6917=ORIENTED_EDGE('4488',*,*,#6916,.T.);
#6919=ORIENTED_EDGE('4503',*,*,#6918,.T.);
#6921=ORIENTED_EDGE('4495',*,*,#6920,.F.);
#6922=ORIENTED_EDGE('4505',*,*,#6905,.F.);
#6923=EDGE_LOOP('3817',(#6917,#6919,#6921,#6922));
#6924=FACE_OUTER_BOUND('3817',#6923,.F.);
#6925=ADVANCED_FACE('3817',(#6924),#6915,.T.);
#6926=CARTESIAN_POINT('',(4.79E0,-6.8E0,-9.938686366889E-1));
#6927=DIRECTION('',(-1.E0,0.E0,0.E0));
#6928=DIRECTION('',(0.E0,-1.E0,0.E0));
#6929=AXIS2_PLACEMENT_3D('',#6926,#6927,#6928);
#6930=CYLINDRICAL_SURFACE('3808',#6929,2.E-1);
#6932=ORIENTED_EDGE('4486',*,*,#6931,.T.);
#6934=ORIENTED_EDGE('4491',*,*,#6933,.T.);
#6935=ORIENTED_EDGE('4488',*,*,#6916,.F.);
#6936=ORIENTED_EDGE('4490',*,*,#6863,.F.);
#6937=EDGE_LOOP('3808',(#6932,#6934,#6935,#6936));
#6938=FACE_OUTER_BOUND('3808',#6937,.F.);
#6939=ADVANCED_FACE('3808',(#6938),#6930,.F.);
#6940=CARTESIAN_POINT('',(4.79E0,-7.012132034356E0,-7.817366023329E-1));
#6941=DIRECTION('',(1.E0,0.E0,0.E0));
#6942=DIRECTION('',(0.E0,-1.E0,0.E0));
#6943=AXIS2_PLACEMENT_3D('',#6940,#6941,#6942);
#6944=PLANE('3816',#6943);
#6945=ORIENTED_EDGE('4486',*,*,#6931,.F.);
#6946=ORIENTED_EDGE('4504',*,*,#6878,.T.);
#6948=ORIENTED_EDGE('4493',*,*,#6947,.T.);
#6950=ORIENTED_EDGE('4501',*,*,#6949,.F.);
#6951=EDGE_LOOP('3816',(#6945,#6946,#6948,#6950));
#6952=FACE_OUTER_BOUND('3816',#6951,.F.);
#6953=ADVANCED_FACE('3816',(#6952),#6944,.F.);
#6954=CARTESIAN_POINT('',(4.79E0,-6.8E0,-9.938686366889E-1));
#6955=DIRECTION('',(-1.E0,0.E0,0.E0));
#6956=DIRECTION('',(0.E0,-1.E0,0.E0));
#6957=AXIS2_PLACEMENT_3D('',#6954,#6955,#6956);
#6958=CYLINDRICAL_SURFACE('3811',#6957,4.E-1);
#6959=ORIENTED_EDGE('4493',*,*,#6947,.F.);
#6960=ORIENTED_EDGE('4497',*,*,#6892,.T.);
#6961=ORIENTED_EDGE('4495',*,*,#6920,.T.);
#6963=ORIENTED_EDGE('4498',*,*,#6962,.F.);
#6964=EDGE_LOOP('3811',(#6959,#6960,#6961,#6963));
#6965=FACE_OUTER_BOUND('3811',#6964,.F.);
#6966=ADVANCED_FACE('3811',(#6965),#6958,.T.);
#6967=CARTESIAN_POINT('',(4.79E0,-7.2E0,-9.938686366889E-1));
#6968=DIRECTION('',(0.E0,1.E0,0.E0));
#6969=DIRECTION('',(0.E0,0.E0,-1.E0));
#6970=AXIS2_PLACEMENT_3D('',#6967,#6968,#6969);
#6971=PLANE('3812',#6970);
#6973=ORIENTED_EDGE('4494',*,*,#6972,.F.);
#6974=ORIENTED_EDGE('4498',*,*,#6962,.T.);
#6976=ORIENTED_EDGE('4496',*,*,#6975,.T.);
#6978=ORIENTED_EDGE('4499',*,*,#6977,.F.);
#6979=EDGE_LOOP('3812',(#6973,#6974,#6976,#6978));
#6980=FACE_OUTER_BOUND('3812',#6979,.F.);
#6981=ADVANCED_FACE('3812',(#6980),#6971,.F.);
#6982=CARTESIAN_POINT('',(4.79E0,-7.1E0,-1.293868636689E0));
#6983=DIRECTION('',(1.E0,0.E0,0.E0));
#6984=DIRECTION('',(0.E0,0.E0,-1.E0));
#6985=AXIS2_PLACEMENT_3D('',#6982,#6983,#6984);
#6986=PLANE('3813',#6985);
#6988=ORIENTED_EDGE('4487',*,*,#6987,.F.);
#6989=ORIENTED_EDGE('4501',*,*,#6949,.T.);
#6990=ORIENTED_EDGE('4494',*,*,#6972,.T.);
#6992=ORIENTED_EDGE('4500',*,*,#6991,.F.);
#6993=EDGE_LOOP('3813',(#6988,#6989,#6990,#6992));
#6994=FACE_OUTER_BOUND('3813',#6993,.F.);
#6995=ADVANCED_FACE('3813',(#6994),#6986,.F.);
#6996=CARTESIAN_POINT('',(4.79E0,-7.E0,-9.938686366889E-1));
#6997=DIRECTION('',(0.E0,1.E0,0.E0));
#6998=DIRECTION('',(0.E0,0.E0,-1.E0));
#6999=AXIS2_PLACEMENT_3D('',#6996,#6997,#6998);
#7000=PLANE('3809',#6999);
#7001=ORIENTED_EDGE('4487',*,*,#6987,.T.);
#7003=ORIENTED_EDGE('4492',*,*,#7002,.T.);
#7005=ORIENTED_EDGE('4489',*,*,#7004,.F.);
#7006=ORIENTED_EDGE('4491',*,*,#6933,.F.);
#7007=EDGE_LOOP('3809',(#7001,#7003,#7005,#7006));
#7008=FACE_OUTER_BOUND('3809',#7007,.F.);
#7009=ADVANCED_FACE('3809',(#7008),#7000,.T.);
#7010=CARTESIAN_POINT('',(5.08E0,-7.1E0,-1.593868636689E0));
#7011=DIRECTION('',(0.E0,0.E0,1.E0));
#7012=DIRECTION('',(1.E0,0.E0,0.E0));
#7013=AXIS2_PLACEMENT_3D('',#7010,#7011,#7012);
#7014=PLANE('3814',#7013);
#7015=ORIENTED_EDGE('4492',*,*,#7002,.F.);
#7016=ORIENTED_EDGE('4500',*,*,#6991,.T.);
#7017=ORIENTED_EDGE('4499',*,*,#6977,.T.);
#7019=ORIENTED_EDGE('4502',*,*,#7018,.F.);
#7020=EDGE_LOOP('3814',(#7015,#7016,#7017,#7019));
#7021=FACE_OUTER_BOUND('3814',#7020,.F.);
#7022=ADVANCED_FACE('3814',(#7021),#7014,.F.);
#7023=CARTESIAN_POINT('',(5.37E0,-7.1E0,-1.293868636689E0));
#7024=DIRECTION('',(1.E0,0.E0,0.E0));
#7025=DIRECTION('',(0.E0,0.E0,-1.E0));
#7026=AXIS2_PLACEMENT_3D('',#7023,#7024,#7025);
#7027=PLANE('3815',#7026);
#7028=ORIENTED_EDGE('4489',*,*,#7004,.T.);
#7029=ORIENTED_EDGE('4502',*,*,#7018,.T.);
#7030=ORIENTED_EDGE('4496',*,*,#6975,.F.);
#7031=ORIENTED_EDGE('4503',*,*,#6918,.F.);
#7032=EDGE_LOOP('3815',(#7028,#7029,#7030,#7031));
#7033=FACE_OUTER_BOUND('3815',#7032,.F.);
#7034=ADVANCED_FACE('3815',(#7033),#7027,.T.);
#7035=CARTESIAN_POINT('',(7.32E0,-6.8E0,7.9386E-1));
#7036=DIRECTION('',(0.E0,0.E0,1.E0));
#7037=DIRECTION('',(0.E0,1.E0,0.E0));
#7038=AXIS2_PLACEMENT_3D('',#7035,#7036,#7037);
#7039=PLANE('3822',#7038);
#7040=ORIENTED_EDGE('4562',*,*,#4206,.F.);
#7042=ORIENTED_EDGE('4571',*,*,#7041,.F.);
#7044=ORIENTED_EDGE('4528',*,*,#7043,.F.);
#7046=ORIENTED_EDGE('4570',*,*,#7045,.T.);
#7047=EDGE_LOOP('3822',(#7040,#7042,#7044,#7046));
#7048=FACE_OUTER_BOUND('3822',#7047,.F.);
#7049=ADVANCED_FACE('3822',(#7048),#7039,.T.);
#7050=CARTESIAN_POINT('',(7.92E0,-6.515E0,6.9386E-1));
#7051=DIRECTION('',(1.E0,0.E0,0.E0));
#7052=DIRECTION('',(0.E0,1.E0,0.E0));
#7053=AXIS2_PLACEMENT_3D('',#7050,#7051,#7052);
#7054=PLANE('3827',#7053);
#7055=ORIENTED_EDGE('4565',*,*,#4212,.F.);
#7057=ORIENTED_EDGE('4573',*,*,#7056,.F.);
#7059=ORIENTED_EDGE('4537',*,*,#7058,.F.);
#7060=ORIENTED_EDGE('4571',*,*,#7041,.T.);
#7061=EDGE_LOOP('3827',(#7055,#7057,#7059,#7060));
#7062=FACE_OUTER_BOUND('3827',#7061,.F.);
#7063=ADVANCED_FACE('3827',(#7062),#7054,.T.);
#7064=CARTESIAN_POINT('',(7.32E0,-6.8E0,5.9386E-1));
#7065=DIRECTION('',(0.E0,0.E0,1.E0));
#7066=DIRECTION('',(0.E0,1.E0,0.E0));
#7067=AXIS2_PLACEMENT_3D('',#7064,#7065,#7066);
#7068=PLANE('3825',#7067);
#7069=ORIENTED_EDGE('4563',*,*,#4210,.T.);
#7071=ORIENTED_EDGE('4572',*,*,#7070,.F.);
#7073=ORIENTED_EDGE('4535',*,*,#7072,.T.);
#7074=ORIENTED_EDGE('4573',*,*,#7056,.T.);
#7075=EDGE_LOOP('3825',(#7069,#7071,#7073,#7074));
#7076=FACE_OUTER_BOUND('3825',#7075,.F.);
#7077=ADVANCED_FACE('3825',(#7076),#7068,.F.);
#7078=CARTESIAN_POINT('',(7.32E0,-6.515E0,6.9386E-1));
#7079=DIRECTION('',(1.E0,0.E0,0.E0));
#7080=DIRECTION('',(0.E0,1.E0,0.E0));
#7081=AXIS2_PLACEMENT_3D('',#7078,#7079,#7080);
#7082=PLANE('3826',#7081);
#7083=ORIENTED_EDGE('4564',*,*,#4208,.T.);
#7084=ORIENTED_EDGE('4570',*,*,#7045,.F.);
#7086=ORIENTED_EDGE('4536',*,*,#7085,.T.);
#7087=ORIENTED_EDGE('4572',*,*,#7070,.T.);
#7088=EDGE_LOOP('3826',(#7083,#7084,#7086,#7087));
#7089=FACE_OUTER_BOUND('3826',#7088,.F.);
#7090=ADVANCED_FACE('3826',(#7089),#7082,.F.);
#7091=CARTESIAN_POINT('',(7.32E0,-7.012132034356E0,7.817279656440E-1));
#7092=DIRECTION('',(1.E0,0.E0,0.E0));
#7093=DIRECTION('',(0.E0,0.E0,-1.E0));
#7094=AXIS2_PLACEMENT_3D('',#7091,#7092,#7093);
#7095=PLANE('3828',#7094);
#7097=ORIENTED_EDGE('4523',*,*,#7096,.F.);
#7099=ORIENTED_EDGE('4538',*,*,#7098,.T.);
#7101=ORIENTED_EDGE('4530',*,*,#7100,.T.);
#7102=ORIENTED_EDGE('4536',*,*,#7085,.F.);
#7103=EDGE_LOOP('3828',(#7097,#7099,#7101,#7102));
#7104=FACE_OUTER_BOUND('3828',#7103,.F.);
#7105=ADVANCED_FACE('3828',(#7104),#7095,.F.);
#7106=CARTESIAN_POINT('',(7.32E0,-6.8E0,9.9386E-1));
#7107=DIRECTION('',(-1.E0,0.E0,0.E0));
#7108=DIRECTION('',(0.E0,0.E0,1.E0));
#7109=AXIS2_PLACEMENT_3D('',#7106,#7107,#7108);
#7110=CYLINDRICAL_SURFACE('3821',#7109,2.E-1);
#7111=ORIENTED_EDGE('4523',*,*,#7096,.T.);
#7112=ORIENTED_EDGE('4528',*,*,#7043,.T.);
#7114=ORIENTED_EDGE('4525',*,*,#7113,.F.);
#7116=ORIENTED_EDGE('4527',*,*,#7115,.F.);
#7117=EDGE_LOOP('3821',(#7111,#7112,#7114,#7116));
#7118=FACE_OUTER_BOUND('3821',#7117,.F.);
#7119=ADVANCED_FACE('3821',(#7118),#7110,.F.);
#7120=CARTESIAN_POINT('',(7.92E0,-7.012132034356E0,7.817279656440E-1));
#7121=DIRECTION('',(1.E0,0.E0,0.E0));
#7122=DIRECTION('',(0.E0,0.E0,-1.E0));
#7123=AXIS2_PLACEMENT_3D('',#7120,#7121,#7122);
#7124=PLANE('3829',#7123);
#7125=ORIENTED_EDGE('4525',*,*,#7113,.T.);
#7126=ORIENTED_EDGE('4537',*,*,#7058,.T.);
#7128=ORIENTED_EDGE('4532',*,*,#7127,.F.);
#7130=ORIENTED_EDGE('4539',*,*,#7129,.F.);
#7131=EDGE_LOOP('3829',(#7125,#7126,#7128,#7130));
#7132=FACE_OUTER_BOUND('3829',#7131,.F.);
#7133=ADVANCED_FACE('3829',(#7132),#7124,.T.);
#7134=CARTESIAN_POINT('',(7.32E0,-6.8E0,9.9386E-1));
#7135=DIRECTION('',(-1.E0,0.E0,0.E0));
#7136=DIRECTION('',(0.E0,0.E0,1.E0));
#7137=AXIS2_PLACEMENT_3D('',#7134,#7135,#7136);
#7138=CYLINDRICAL_SURFACE('3824',#7137,4.E-1);
#7139=ORIENTED_EDGE('4530',*,*,#7100,.F.);
#7141=ORIENTED_EDGE('4534',*,*,#7140,.T.);
#7142=ORIENTED_EDGE('4532',*,*,#7127,.T.);
#7143=ORIENTED_EDGE('4535',*,*,#7072,.F.);
#7144=EDGE_LOOP('3824',(#7139,#7141,#7142,#7143));
#7145=FACE_OUTER_BOUND('3824',#7144,.F.);
#7146=ADVANCED_FACE('3824',(#7145),#7138,.T.);
#7147=CARTESIAN_POINT('',(7.32E0,-7.2E0,1.59386E0));
#7148=DIRECTION('',(0.E0,1.E0,0.E0));
#7149=DIRECTION('',(0.E0,0.E0,-1.E0));
#7150=AXIS2_PLACEMENT_3D('',#7147,#7148,#7149);
#7151=PLANE('3823',#7150);
#7153=ORIENTED_EDGE('4529',*,*,#7152,.F.);
#7155=ORIENTED_EDGE('4533',*,*,#7154,.T.);
#7157=ORIENTED_EDGE('4531',*,*,#7156,.T.);
#7158=ORIENTED_EDGE('4534',*,*,#7140,.F.);
#7159=EDGE_LOOP('3823',(#7153,#7155,#7157,#7158));
#7160=FACE_OUTER_BOUND('3823',#7159,.F.);
#7161=ADVANCED_FACE('3823',(#7160),#7151,.F.);
#7162=CARTESIAN_POINT('',(7.32E0,-7.1E0,1.29386E0));
#7163=DIRECTION('',(1.E0,0.E0,0.E0));
#7164=DIRECTION('',(0.E0,0.E0,-1.E0));
#7165=AXIS2_PLACEMENT_3D('',#7162,#7163,#7164);
#7166=PLANE('3830',#7165);
#7168=ORIENTED_EDGE('4522',*,*,#7167,.F.);
#7170=ORIENTED_EDGE('4540',*,*,#7169,.T.);
#7171=ORIENTED_EDGE('4529',*,*,#7152,.T.);
#7172=ORIENTED_EDGE('4538',*,*,#7098,.F.);
#7173=EDGE_LOOP('3830',(#7168,#7170,#7171,#7172));
#7174=FACE_OUTER_BOUND('3830',#7173,.F.);
#7175=ADVANCED_FACE('3830',(#7174),#7166,.F.);
#7176=CARTESIAN_POINT('',(7.32E0,-7.E0,1.59386E0));
#7177=DIRECTION('',(0.E0,1.E0,0.E0));
#7178=DIRECTION('',(0.E0,0.E0,-1.E0));
#7179=AXIS2_PLACEMENT_3D('',#7176,#7177,#7178);
#7180=PLANE('3820',#7179);
#7181=ORIENTED_EDGE('4522',*,*,#7167,.T.);
#7182=ORIENTED_EDGE('4527',*,*,#7115,.T.);
#7184=ORIENTED_EDGE('4524',*,*,#7183,.F.);
#7186=ORIENTED_EDGE('4526',*,*,#7185,.F.);
#7187=EDGE_LOOP('3820',(#7181,#7182,#7184,#7186));
#7188=FACE_OUTER_BOUND('3820',#7187,.F.);
#7189=ADVANCED_FACE('3820',(#7188),#7180,.T.);
#7190=CARTESIAN_POINT('',(7.92E0,-7.1E0,1.29386E0));
#7191=DIRECTION('',(1.E0,0.E0,0.E0));
#7192=DIRECTION('',(0.E0,0.E0,-1.E0));
#7193=AXIS2_PLACEMENT_3D('',#7190,#7191,#7192);
#7194=PLANE('3831',#7193);
#7195=ORIENTED_EDGE('4524',*,*,#7183,.T.);
#7196=ORIENTED_EDGE('4539',*,*,#7129,.T.);
#7197=ORIENTED_EDGE('4531',*,*,#7156,.F.);
#7199=ORIENTED_EDGE('4541',*,*,#7198,.F.);
#7200=EDGE_LOOP('3831',(#7195,#7196,#7197,#7199));
#7201=FACE_OUTER_BOUND('3831',#7200,.F.);
#7202=ADVANCED_FACE('3831',(#7201),#7194,.T.);
#7203=CARTESIAN_POINT('',(7.62E0,-7.1E0,1.59386E0));
#7204=DIRECTION('',(0.E0,0.E0,1.E0));
#7205=DIRECTION('',(1.E0,0.E0,0.E0));
#7206=AXIS2_PLACEMENT_3D('',#7203,#7204,#7205);
#7207=PLANE('3832',#7206);
#7208=ORIENTED_EDGE('4526',*,*,#7185,.T.);
#7209=ORIENTED_EDGE('4541',*,*,#7198,.T.);
#7210=ORIENTED_EDGE('4533',*,*,#7154,.F.);
#7211=ORIENTED_EDGE('4540',*,*,#7169,.F.);
#7212=EDGE_LOOP('3832',(#7208,#7209,#7210,#7211));
#7213=FACE_OUTER_BOUND('3832',#7212,.F.);
#7214=ADVANCED_FACE('3832',(#7213),#7207,.T.);
#7215=CARTESIAN_POINT('',(7.33E0,-6.43E0,-7.938686366889E-1));
#7216=DIRECTION('',(0.E0,0.E0,-1.E0));
#7217=DIRECTION('',(0.E0,-1.E0,0.E0));
#7218=AXIS2_PLACEMENT_3D('',#7215,#7216,#7217);
#7219=PLANE('3833',#7218);
#7220=ORIENTED_EDGE('4566',*,*,#4216,.T.);
#7222=ORIENTED_EDGE('4574',*,*,#7221,.T.);
#7224=ORIENTED_EDGE('4546',*,*,#7223,.T.);
#7226=ORIENTED_EDGE('4575',*,*,#7225,.F.);
#7227=EDGE_LOOP('3833',(#7220,#7222,#7224,#7226));
#7228=FACE_OUTER_BOUND('3833',#7227,.F.);
#7229=ADVANCED_FACE('3833',(#7228),#7219,.T.);
#7230=CARTESIAN_POINT('',(7.33E0,-6.615E0,-6.938686366889E-1));
#7231=DIRECTION('',(1.E0,0.E0,0.E0));
#7232=DIRECTION('',(0.E0,-1.E0,0.E0));
#7233=AXIS2_PLACEMENT_3D('',#7230,#7231,#7232);
#7234=PLANE('3844',#7233);
#7235=ORIENTED_EDGE('4568',*,*,#4222,.F.);
#7237=ORIENTED_EDGE('4576',*,*,#7236,.T.);
#7239=ORIENTED_EDGE('4560',*,*,#7238,.F.);
#7240=ORIENTED_EDGE('4574',*,*,#7221,.F.);
#7241=EDGE_LOOP('3844',(#7235,#7237,#7239,#7240));
#7242=FACE_OUTER_BOUND('3844',#7241,.F.);
#7243=ADVANCED_FACE('3844',(#7242),#7234,.F.);
#7244=CARTESIAN_POINT('',(7.33E0,-6.43E0,-5.938686366889E-1));
#7245=DIRECTION('',(0.E0,0.E0,-1.E0));
#7246=DIRECTION('',(0.E0,-1.E0,0.E0));
#7247=AXIS2_PLACEMENT_3D('',#7244,#7245,#7246);
#7248=PLANE('3836',#7247);
#7249=ORIENTED_EDGE('4567',*,*,#4220,.F.);
#7251=ORIENTED_EDGE('4577',*,*,#7250,.T.);
#7253=ORIENTED_EDGE('4553',*,*,#7252,.F.);
#7254=ORIENTED_EDGE('4576',*,*,#7236,.F.);
#7255=EDGE_LOOP('3836',(#7249,#7251,#7253,#7254));
#7256=FACE_OUTER_BOUND('3836',#7255,.F.);
#7257=ADVANCED_FACE('3836',(#7256),#7248,.F.);
#7258=CARTESIAN_POINT('',(7.91E0,-6.615E0,-6.938686366889E-1));
#7259=DIRECTION('',(1.E0,0.E0,0.E0));
#7260=DIRECTION('',(0.E0,-1.E0,0.E0));
#7261=AXIS2_PLACEMENT_3D('',#7258,#7259,#7260);
#7262=PLANE('3845',#7261);
#7263=ORIENTED_EDGE('4569',*,*,#4218,.T.);
#7264=ORIENTED_EDGE('4575',*,*,#7225,.T.);
#7266=ORIENTED_EDGE('4561',*,*,#7265,.T.);
#7267=ORIENTED_EDGE('4577',*,*,#7250,.F.);
#7268=EDGE_LOOP('3845',(#7263,#7264,#7266,#7267));
#7269=FACE_OUTER_BOUND('3845',#7268,.F.);
#7270=ADVANCED_FACE('3845',(#7269),#7262,.T.);
#7271=CARTESIAN_POINT('',(7.91E0,-7.012132034356E0,-7.817366023329E-1));
#7272=DIRECTION('',(1.E0,0.E0,0.E0));
#7273=DIRECTION('',(0.E0,-1.E0,0.E0));
#7274=AXIS2_PLACEMENT_3D('',#7271,#7272,#7273);
#7275=PLANE('3843',#7274);
#7277=ORIENTED_EDGE('4544',*,*,#7276,.T.);
#7279=ORIENTED_EDGE('4559',*,*,#7278,.T.);
#7281=ORIENTED_EDGE('4551',*,*,#7280,.F.);
#7282=ORIENTED_EDGE('4561',*,*,#7265,.F.);
#7283=EDGE_LOOP('3843',(#7277,#7279,#7281,#7282));
#7284=FACE_OUTER_BOUND('3843',#7283,.F.);
#7285=ADVANCED_FACE('3843',(#7284),#7275,.T.);
#7286=CARTESIAN_POINT('',(7.33E0,-6.8E0,-9.938686366889E-1));
#7287=DIRECTION('',(-1.E0,0.E0,0.E0));
#7288=DIRECTION('',(0.E0,-1.E0,0.E0));
#7289=AXIS2_PLACEMENT_3D('',#7286,#7287,#7288);
#7290=CYLINDRICAL_SURFACE('3834',#7289,2.E-1);
#7292=ORIENTED_EDGE('4542',*,*,#7291,.T.);
#7294=ORIENTED_EDGE('4547',*,*,#7293,.T.);
#7295=ORIENTED_EDGE('4544',*,*,#7276,.F.);
#7296=ORIENTED_EDGE('4546',*,*,#7223,.F.);
#7297=EDGE_LOOP('3834',(#7292,#7294,#7295,#7296));
#7298=FACE_OUTER_BOUND('3834',#7297,.F.);
#7299=ADVANCED_FACE('3834',(#7298),#7290,.F.);
#7300=CARTESIAN_POINT('',(7.33E0,-7.012132034356E0,-7.817366023329E-1));
#7301=DIRECTION('',(1.E0,0.E0,0.E0));
#7302=DIRECTION('',(0.E0,-1.E0,0.E0));
#7303=AXIS2_PLACEMENT_3D('',#7300,#7301,#7302);
#7304=PLANE('3842',#7303);
#7305=ORIENTED_EDGE('4542',*,*,#7291,.F.);
#7306=ORIENTED_EDGE('4560',*,*,#7238,.T.);
#7308=ORIENTED_EDGE('4549',*,*,#7307,.T.);
#7310=ORIENTED_EDGE('4557',*,*,#7309,.F.);
#7311=EDGE_LOOP('3842',(#7305,#7306,#7308,#7310));
#7312=FACE_OUTER_BOUND('3842',#7311,.F.);
#7313=ADVANCED_FACE('3842',(#7312),#7304,.F.);
#7314=CARTESIAN_POINT('',(7.33E0,-6.8E0,-9.938686366889E-1));
#7315=DIRECTION('',(-1.E0,0.E0,0.E0));
#7316=DIRECTION('',(0.E0,-1.E0,0.E0));
#7317=AXIS2_PLACEMENT_3D('',#7314,#7315,#7316);
#7318=CYLINDRICAL_SURFACE('3837',#7317,4.E-1);
#7319=ORIENTED_EDGE('4549',*,*,#7307,.F.);
#7320=ORIENTED_EDGE('4553',*,*,#7252,.T.);
#7321=ORIENTED_EDGE('4551',*,*,#7280,.T.);
#7323=ORIENTED_EDGE('4554',*,*,#7322,.F.);
#7324=EDGE_LOOP('3837',(#7319,#7320,#7321,#7323));
#7325=FACE_OUTER_BOUND('3837',#7324,.F.);
#7326=ADVANCED_FACE('3837',(#7325),#7318,.T.);
#7327=CARTESIAN_POINT('',(7.33E0,-7.2E0,-9.938686366889E-1));
#7328=DIRECTION('',(0.E0,1.E0,0.E0));
#7329=DIRECTION('',(0.E0,0.E0,-1.E0));
#7330=AXIS2_PLACEMENT_3D('',#7327,#7328,#7329);
#7331=PLANE('3838',#7330);
#7333=ORIENTED_EDGE('4550',*,*,#7332,.F.);
#7334=ORIENTED_EDGE('4554',*,*,#7322,.T.);
#7336=ORIENTED_EDGE('4552',*,*,#7335,.T.);
#7338=ORIENTED_EDGE('4555',*,*,#7337,.F.);
#7339=EDGE_LOOP('3838',(#7333,#7334,#7336,#7338));
#7340=FACE_OUTER_BOUND('3838',#7339,.F.);
#7341=ADVANCED_FACE('3838',(#7340),#7331,.F.);
#7342=CARTESIAN_POINT('',(7.33E0,-7.1E0,-1.293868636689E0));
#7343=DIRECTION('',(1.E0,0.E0,0.E0));
#7344=DIRECTION('',(0.E0,0.E0,-1.E0));
#7345=AXIS2_PLACEMENT_3D('',#7342,#7343,#7344);
#7346=PLANE('3839',#7345);
#7348=ORIENTED_EDGE('4543',*,*,#7347,.F.);
#7349=ORIENTED_EDGE('4557',*,*,#7309,.T.);
#7350=ORIENTED_EDGE('4550',*,*,#7332,.T.);
#7352=ORIENTED_EDGE('4556',*,*,#7351,.F.);
#7353=EDGE_LOOP('3839',(#7348,#7349,#7350,#7352));
#7354=FACE_OUTER_BOUND('3839',#7353,.F.);
#7355=ADVANCED_FACE('3839',(#7354),#7346,.F.);
#7356=CARTESIAN_POINT('',(7.33E0,-7.E0,-9.938686366889E-1));
#7357=DIRECTION('',(0.E0,1.E0,0.E0));
#7358=DIRECTION('',(0.E0,0.E0,-1.E0));
#7359=AXIS2_PLACEMENT_3D('',#7356,#7357,#7358);
#7360=PLANE('3835',#7359);
#7361=ORIENTED_EDGE('4543',*,*,#7347,.T.);
#7363=ORIENTED_EDGE('4548',*,*,#7362,.T.);
#7365=ORIENTED_EDGE('4545',*,*,#7364,.F.);
#7366=ORIENTED_EDGE('4547',*,*,#7293,.F.);
#7367=EDGE_LOOP('3835',(#7361,#7363,#7365,#7366));
#7368=FACE_OUTER_BOUND('3835',#7367,.F.);
#7369=ADVANCED_FACE('3835',(#7368),#7360,.T.);
#7370=CARTESIAN_POINT('',(7.62E0,-7.1E0,-1.593868636689E0));
#7371=DIRECTION('',(0.E0,0.E0,1.E0));
#7372=DIRECTION('',(1.E0,0.E0,0.E0));
#7373=AXIS2_PLACEMENT_3D('',#7370,#7371,#7372);
#7374=PLANE('3840',#7373);
#7375=ORIENTED_EDGE('4548',*,*,#7362,.F.);
#7376=ORIENTED_EDGE('4556',*,*,#7351,.T.);
#7377=ORIENTED_EDGE('4555',*,*,#7337,.T.);
#7379=ORIENTED_EDGE('4558',*,*,#7378,.F.);
#7380=EDGE_LOOP('3840',(#7375,#7376,#7377,#7379));
#7381=FACE_OUTER_BOUND('3840',#7380,.F.);
#7382=ADVANCED_FACE('3840',(#7381),#7374,.F.);
#7383=CARTESIAN_POINT('',(7.91E0,-7.1E0,-1.293868636689E0));
#7384=DIRECTION('',(1.E0,0.E0,0.E0));
#7385=DIRECTION('',(0.E0,0.E0,-1.E0));
#7386=AXIS2_PLACEMENT_3D('',#7383,#7384,#7385);
#7387=PLANE('3841',#7386);
#7388=ORIENTED_EDGE('4545',*,*,#7364,.T.);
#7389=ORIENTED_EDGE('4558',*,*,#7378,.T.);
#7390=ORIENTED_EDGE('4552',*,*,#7335,.F.);
#7391=ORIENTED_EDGE('4559',*,*,#7278,.F.);
#7392=EDGE_LOOP('3841',(#7388,#7389,#7390,#7391));
#7393=FACE_OUTER_BOUND('3841',#7392,.F.);
#7394=ADVANCED_FACE('3841',(#7393),#7387,.T.);
#7395=CARTESIAN_POINT('',(-5.58E0,-3.E-1,5.E-1));
#7396=DIRECTION('',(-7.071067811865E-1,-7.071067811866E-1,0.E0));
#7397=DIRECTION('',(-7.071067811866E-1,7.071067811865E-1,0.E0));
#7398=AXIS2_PLACEMENT_3D('',#7395,#7396,#7397);
#7399=PLANE('3584',#7398);
#7400=ORIENTED_EDGE('3886',*,*,#3712,.T.);
#7402=ORIENTED_EDGE('3890',*,*,#7401,.F.);
#7404=ORIENTED_EDGE('3884',*,*,#7403,.F.);
#7406=ORIENTED_EDGE('3893',*,*,#7405,.F.);
#7407=EDGE_LOOP('3584',(#7400,#7402,#7404,#7406));
#7408=FACE_OUTER_BOUND('3584',#7407,.F.);
#7409=ADVANCED_FACE('3584',(#7408),#7399,.F.);
#7410=CARTESIAN_POINT('',(-5.08E0,-1.5E-1,-6.5E-1));
#7411=DIRECTION('',(0.E0,7.071067811865E-1,7.071067811865E-1));
#7412=DIRECTION('',(-1.E0,0.E0,0.E0));
#7413=AXIS2_PLACEMENT_3D('',#7410,#7411,#7412);
#7414=PLANE('3587',#7413);
#7415=ORIENTED_EDGE('3888',*,*,#3718,.T.);
#7417=ORIENTED_EDGE('3891',*,*,#7416,.T.);
#7419=ORIENTED_EDGE('3882',*,*,#7418,.F.);
#7420=ORIENTED_EDGE('3890',*,*,#7401,.T.);
#7421=EDGE_LOOP('3587',(#7415,#7417,#7419,#7420));
#7422=FACE_OUTER_BOUND('3587',#7421,.F.);
#7423=ADVANCED_FACE('3587',(#7422),#7414,.T.);
#7424=CARTESIAN_POINT('',(-4.28E0,0.E0,5.E-1));
#7425=DIRECTION('',(7.071067811865E-1,-7.071067811866E-1,0.E0));
#7426=DIRECTION('',(-7.071067811866E-1,-7.071067811865E-1,0.E0));
#7427=AXIS2_PLACEMENT_3D('',#7424,#7425,#7426);
#7428=PLANE('3585',#7427);
#7429=ORIENTED_EDGE('3887',*,*,#3716,.T.);
#7431=ORIENTED_EDGE('3892',*,*,#7430,.F.);
#7433=ORIENTED_EDGE('3885',*,*,#7432,.T.);
#7434=ORIENTED_EDGE('3891',*,*,#7416,.F.);
#7435=EDGE_LOOP('3585',(#7429,#7431,#7433,#7434));
#7436=FACE_OUTER_BOUND('3585',#7435,.F.);
#7437=ADVANCED_FACE('3585',(#7436),#7428,.F.);
#7438=CARTESIAN_POINT('',(-5.08E0,-1.5E-1,6.5E-1));
#7439=DIRECTION('',(0.E0,7.071067811865E-1,-7.071067811865E-1));
#7440=DIRECTION('',(-1.E0,0.E0,0.E0));
#7441=AXIS2_PLACEMENT_3D('',#7438,#7439,#7440);
#7442=PLANE('3588',#7441);
#7443=ORIENTED_EDGE('3889',*,*,#3714,.T.);
#7444=ORIENTED_EDGE('3893',*,*,#7405,.T.);
#7446=ORIENTED_EDGE('3883',*,*,#7445,.F.);
#7447=ORIENTED_EDGE('3892',*,*,#7430,.T.);
#7448=EDGE_LOOP('3588',(#7443,#7444,#7446,#7447));
#7449=FACE_OUTER_BOUND('3588',#7448,.F.);
#7450=ADVANCED_FACE('3588',(#7449),#7442,.T.);
#7451=CARTESIAN_POINT('',(2.54E0,-3.35E0,5.E-1));
#7452=DIRECTION('',(0.E0,0.E0,-1.E0));
#7453=DIRECTION('',(1.E0,0.E0,0.E0));
#7454=AXIS2_PLACEMENT_3D('',#7451,#7452,#7453);
#7455=PLANE('3581',#7454);
#7457=ORIENTED_EDGE('4066',*,*,#7456,.T.);
#7459=ORIENTED_EDGE('4087',*,*,#7458,.F.);
#7460=ORIENTED_EDGE('3883',*,*,#7445,.T.);
#7462=ORIENTED_EDGE('4086',*,*,#7461,.F.);
#7463=EDGE_LOOP('3581',(#7457,#7459,#7460,#7462));
#7464=FACE_OUTER_BOUND('3581',#7463,.F.);
#7465=ADVANCED_FACE('3581',(#7464),#7455,.T.);
#7466=CARTESIAN_POINT('',(8.85E0,-4.5E-1,1.27E0));
#7467=DIRECTION('',(0.E0,1.E0,0.E0));
#7468=DIRECTION('',(-1.E0,0.E0,0.E0));
#7469=AXIS2_PLACEMENT_3D('',#7466,#7467,#7468);
#7470=PLANE('3876',#7469);
#7471=ORIENTED_EDGE('4066',*,*,#7456,.F.);
#7473=ORIENTED_EDGE('4068',*,*,#7472,.T.);
#7475=ORIENTED_EDGE('4067',*,*,#7474,.T.);
#7477=ORIENTED_EDGE('4069',*,*,#7476,.F.);
#7478=EDGE_LOOP('3876',(#7471,#7473,#7475,#7477));
#7479=FACE_OUTER_BOUND('3876',#7478,.F.);
#7480=ADVANCED_FACE('3876',(#7479),#7470,.T.);
#7481=CARTESIAN_POINT('',(-5.58E0,-4.5E-1,5.E-1));
#7482=DIRECTION('',(-1.E0,0.E0,0.E0));
#7483=DIRECTION('',(0.E0,1.E0,0.E0));
#7484=AXIS2_PLACEMENT_3D('',#7481,#7482,#7483);
#7485=PLANE('3583',#7484);
#7486=ORIENTED_EDGE('4068',*,*,#7472,.F.);
#7487=ORIENTED_EDGE('4086',*,*,#7461,.T.);
#7488=ORIENTED_EDGE('3884',*,*,#7403,.T.);
#7490=ORIENTED_EDGE('4088',*,*,#7489,.F.);
#7491=EDGE_LOOP('3583',(#7486,#7487,#7488,#7490));
#7492=FACE_OUTER_BOUND('3583',#7491,.F.);
#7493=ADVANCED_FACE('3583',(#7492),#7485,.F.);
#7494=CARTESIAN_POINT('',(2.54E0,-3.35E0,-5.E-1));
#7495=DIRECTION('',(0.E0,0.E0,-1.E0));
#7496=DIRECTION('',(1.E0,0.E0,0.E0));
#7497=AXIS2_PLACEMENT_3D('',#7494,#7495,#7496);
#7498=PLANE('3582',#7497);
#7499=ORIENTED_EDGE('4067',*,*,#7474,.F.);
#7500=ORIENTED_EDGE('4088',*,*,#7489,.T.);
#7501=ORIENTED_EDGE('3882',*,*,#7418,.T.);
#7503=ORIENTED_EDGE('4089',*,*,#7502,.T.);
#7504=EDGE_LOOP('3582',(#7499,#7500,#7501,#7503));
#7505=FACE_OUTER_BOUND('3582',#7504,.F.);
#7506=ADVANCED_FACE('3582',(#7505),#7498,.F.);
#7507=CARTESIAN_POINT('',(-4.58E0,-3.E-1,5.E-1));
#7508=DIRECTION('',(1.E0,0.E0,0.E0));
#7509=DIRECTION('',(0.E0,-1.E0,0.E0));
#7510=AXIS2_PLACEMENT_3D('',#7507,#7508,#7509);
#7511=PLANE('3586',#7510);
#7512=ORIENTED_EDGE('4069',*,*,#7476,.T.);
#7513=ORIENTED_EDGE('4089',*,*,#7502,.F.);
#7514=ORIENTED_EDGE('3885',*,*,#7432,.F.);
#7515=ORIENTED_EDGE('4087',*,*,#7458,.T.);
#7516=EDGE_LOOP('3586',(#7512,#7513,#7514,#7515));
#7517=FACE_OUTER_BOUND('3586',#7516,.F.);
#7518=ADVANCED_FACE('3586',(#7517),#7511,.F.);
#7519=CARTESIAN_POINT('',(-3.04E0,-3.E-1,5.E-1));
#7520=DIRECTION('',(-7.071067811865E-1,-7.071067811866E-1,0.E0));
#7521=DIRECTION('',(-7.071067811866E-1,7.071067811865E-1,0.E0));
#7522=AXIS2_PLACEMENT_3D('',#7519,#7520,#7521);
#7523=PLANE('3592',#7522);
#7524=ORIENTED_EDGE('3898',*,*,#3722,.T.);
#7526=ORIENTED_EDGE('3902',*,*,#7525,.F.);
#7528=ORIENTED_EDGE('3896',*,*,#7527,.F.);
#7530=ORIENTED_EDGE('3905',*,*,#7529,.F.);
#7531=EDGE_LOOP('3592',(#7524,#7526,#7528,#7530));
#7532=FACE_OUTER_BOUND('3592',#7531,.F.);
#7533=ADVANCED_FACE('3592',(#7532),#7523,.F.);
#7534=CARTESIAN_POINT('',(-2.54E0,-1.5E-1,-6.5E-1));
#7535=DIRECTION('',(0.E0,7.071067811865E-1,7.071067811865E-1));
#7536=DIRECTION('',(-1.E0,0.E0,0.E0));
#7537=AXIS2_PLACEMENT_3D('',#7534,#7535,#7536);
#7538=PLANE('3595',#7537);
#7539=ORIENTED_EDGE('3900',*,*,#3728,.T.);
#7541=ORIENTED_EDGE('3903',*,*,#7540,.T.);
#7543=ORIENTED_EDGE('3894',*,*,#7542,.F.);
#7544=ORIENTED_EDGE('3902',*,*,#7525,.T.);
#7545=EDGE_LOOP('3595',(#7539,#7541,#7543,#7544));
#7546=FACE_OUTER_BOUND('3595',#7545,.F.);
#7547=ADVANCED_FACE('3595',(#7546),#7538,.T.);
#7548=CARTESIAN_POINT('',(-1.74E0,0.E0,5.E-1));
#7549=DIRECTION('',(7.071067811865E-1,-7.071067811866E-1,0.E0));
#7550=DIRECTION('',(-7.071067811866E-1,-7.071067811865E-1,0.E0));
#7551=AXIS2_PLACEMENT_3D('',#7548,#7549,#7550);
#7552=PLANE('3593',#7551);
#7553=ORIENTED_EDGE('3899',*,*,#3726,.T.);
#7555=ORIENTED_EDGE('3904',*,*,#7554,.F.);
#7557=ORIENTED_EDGE('3897',*,*,#7556,.T.);
#7558=ORIENTED_EDGE('3903',*,*,#7540,.F.);
#7559=EDGE_LOOP('3593',(#7553,#7555,#7557,#7558));
#7560=FACE_OUTER_BOUND('3593',#7559,.F.);
#7561=ADVANCED_FACE('3593',(#7560),#7552,.F.);
#7562=CARTESIAN_POINT('',(-2.54E0,-1.5E-1,6.5E-1));
#7563=DIRECTION('',(0.E0,7.071067811865E-1,-7.071067811865E-1));
#7564=DIRECTION('',(-1.E0,0.E0,0.E0));
#7565=AXIS2_PLACEMENT_3D('',#7562,#7563,#7564);
#7566=PLANE('3596',#7565);
#7567=ORIENTED_EDGE('3901',*,*,#3724,.T.);
#7568=ORIENTED_EDGE('3905',*,*,#7529,.T.);
#7570=ORIENTED_EDGE('3895',*,*,#7569,.F.);
#7571=ORIENTED_EDGE('3904',*,*,#7554,.T.);
#7572=EDGE_LOOP('3596',(#7567,#7568,#7570,#7571));
#7573=FACE_OUTER_BOUND('3596',#7572,.F.);
#7574=ADVANCED_FACE('3596',(#7573),#7566,.T.);
#7575=CARTESIAN_POINT('',(5.08E0,-3.35E0,5.E-1));
#7576=DIRECTION('',(0.E0,0.E0,-1.E0));
#7577=DIRECTION('',(1.E0,0.E0,0.E0));
#7578=AXIS2_PLACEMENT_3D('',#7575,#7576,#7577);
#7579=PLANE('3589',#7578);
#7581=ORIENTED_EDGE('4070',*,*,#7580,.T.);
#7583=ORIENTED_EDGE('4091',*,*,#7582,.F.);
#7584=ORIENTED_EDGE('3895',*,*,#7569,.T.);
#7586=ORIENTED_EDGE('4090',*,*,#7585,.F.);
#7587=EDGE_LOOP('3589',(#7581,#7583,#7584,#7586));
#7588=FACE_OUTER_BOUND('3589',#7587,.F.);
#7589=ADVANCED_FACE('3589',(#7588),#7579,.T.);
#7590=CARTESIAN_POINT('',(8.85E0,-4.5E-1,1.27E0));
#7591=DIRECTION('',(0.E0,1.E0,0.E0));
#7592=DIRECTION('',(-1.E0,0.E0,0.E0));
#7593=AXIS2_PLACEMENT_3D('',#7590,#7591,#7592);
#7594=PLANE('3875',#7593);
#7595=ORIENTED_EDGE('4070',*,*,#7580,.F.);
#7597=ORIENTED_EDGE('4072',*,*,#7596,.T.);
#7599=ORIENTED_EDGE('4071',*,*,#7598,.T.);
#7601=ORIENTED_EDGE('4073',*,*,#7600,.F.);
#7602=EDGE_LOOP('3875',(#7595,#7597,#7599,#7601));
#7603=FACE_OUTER_BOUND('3875',#7602,.F.);
#7604=ADVANCED_FACE('3875',(#7603),#7594,.T.);
#7605=CARTESIAN_POINT('',(-3.04E0,-4.5E-1,5.E-1));
#7606=DIRECTION('',(-1.E0,0.E0,0.E0));
#7607=DIRECTION('',(0.E0,1.E0,0.E0));
#7608=AXIS2_PLACEMENT_3D('',#7605,#7606,#7607);
#7609=PLANE('3591',#7608);
#7610=ORIENTED_EDGE('4072',*,*,#7596,.F.);
#7611=ORIENTED_EDGE('4090',*,*,#7585,.T.);
#7612=ORIENTED_EDGE('3896',*,*,#7527,.T.);
#7614=ORIENTED_EDGE('4092',*,*,#7613,.F.);
#7615=EDGE_LOOP('3591',(#7610,#7611,#7612,#7614));
#7616=FACE_OUTER_BOUND('3591',#7615,.F.);
#7617=ADVANCED_FACE('3591',(#7616),#7609,.F.);
#7618=CARTESIAN_POINT('',(5.08E0,-3.35E0,-5.E-1));
#7619=DIRECTION('',(0.E0,0.E0,-1.E0));
#7620=DIRECTION('',(1.E0,0.E0,0.E0));
#7621=AXIS2_PLACEMENT_3D('',#7618,#7619,#7620);
#7622=PLANE('3590',#7621);
#7623=ORIENTED_EDGE('4071',*,*,#7598,.F.);
#7624=ORIENTED_EDGE('4092',*,*,#7613,.T.);
#7625=ORIENTED_EDGE('3894',*,*,#7542,.T.);
#7627=ORIENTED_EDGE('4093',*,*,#7626,.T.);
#7628=EDGE_LOOP('3590',(#7623,#7624,#7625,#7627));
#7629=FACE_OUTER_BOUND('3590',#7628,.F.);
#7630=ADVANCED_FACE('3590',(#7629),#7622,.F.);
#7631=CARTESIAN_POINT('',(-2.04E0,-3.E-1,5.E-1));
#7632=DIRECTION('',(1.E0,0.E0,0.E0));
#7633=DIRECTION('',(0.E0,-1.E0,0.E0));
#7634=AXIS2_PLACEMENT_3D('',#7631,#7632,#7633);
#7635=PLANE('3594',#7634);
#7636=ORIENTED_EDGE('4073',*,*,#7600,.T.);
#7637=ORIENTED_EDGE('4093',*,*,#7626,.F.);
#7638=ORIENTED_EDGE('3897',*,*,#7556,.F.);
#7639=ORIENTED_EDGE('4091',*,*,#7582,.T.);
#7640=EDGE_LOOP('3594',(#7636,#7637,#7638,#7639));
#7641=FACE_OUTER_BOUND('3594',#7640,.F.);
#7642=ADVANCED_FACE('3594',(#7641),#7635,.F.);
#7643=CARTESIAN_POINT('',(-5.E-1,-3.E-1,5.E-1));
#7644=DIRECTION('',(-7.071067811865E-1,-7.071067811866E-1,0.E0));
#7645=DIRECTION('',(-7.071067811866E-1,7.071067811865E-1,0.E0));
#7646=AXIS2_PLACEMENT_3D('',#7643,#7644,#7645);
#7647=PLANE('3600',#7646);
#7648=ORIENTED_EDGE('3910',*,*,#3732,.T.);
#7650=ORIENTED_EDGE('3914',*,*,#7649,.F.);
#7652=ORIENTED_EDGE('3908',*,*,#7651,.F.);
#7654=ORIENTED_EDGE('3917',*,*,#7653,.F.);
#7655=EDGE_LOOP('3600',(#7648,#7650,#7652,#7654));
#7656=FACE_OUTER_BOUND('3600',#7655,.F.);
#7657=ADVANCED_FACE('3600',(#7656),#7647,.F.);
#7658=CARTESIAN_POINT('',(0.E0,-1.5E-1,-6.5E-1));
#7659=DIRECTION('',(0.E0,7.071067811865E-1,7.071067811865E-1));
#7660=DIRECTION('',(-1.E0,0.E0,0.E0));
#7661=AXIS2_PLACEMENT_3D('',#7658,#7659,#7660);
#7662=PLANE('3603',#7661);
#7663=ORIENTED_EDGE('3912',*,*,#3738,.T.);
#7665=ORIENTED_EDGE('3915',*,*,#7664,.T.);
#7667=ORIENTED_EDGE('3906',*,*,#7666,.F.);
#7668=ORIENTED_EDGE('3914',*,*,#7649,.T.);
#7669=EDGE_LOOP('3603',(#7663,#7665,#7667,#7668));
#7670=FACE_OUTER_BOUND('3603',#7669,.F.);
#7671=ADVANCED_FACE('3603',(#7670),#7662,.T.);
#7672=CARTESIAN_POINT('',(8.E-1,0.E0,5.E-1));
#7673=DIRECTION('',(7.071067811865E-1,-7.071067811866E-1,0.E0));
#7674=DIRECTION('',(-7.071067811866E-1,-7.071067811865E-1,0.E0));
#7675=AXIS2_PLACEMENT_3D('',#7672,#7673,#7674);
#7676=PLANE('3601',#7675);
#7677=ORIENTED_EDGE('3911',*,*,#3736,.T.);
#7679=ORIENTED_EDGE('3916',*,*,#7678,.F.);
#7681=ORIENTED_EDGE('3909',*,*,#7680,.T.);
#7682=ORIENTED_EDGE('3915',*,*,#7664,.F.);
#7683=EDGE_LOOP('3601',(#7677,#7679,#7681,#7682));
#7684=FACE_OUTER_BOUND('3601',#7683,.F.);
#7685=ADVANCED_FACE('3601',(#7684),#7676,.F.);
#7686=CARTESIAN_POINT('',(0.E0,-1.5E-1,6.5E-1));
#7687=DIRECTION('',(0.E0,7.071067811865E-1,-7.071067811865E-1));
#7688=DIRECTION('',(-1.E0,0.E0,0.E0));
#7689=AXIS2_PLACEMENT_3D('',#7686,#7687,#7688);
#7690=PLANE('3604',#7689);
#7691=ORIENTED_EDGE('3913',*,*,#3734,.T.);
#7692=ORIENTED_EDGE('3917',*,*,#7653,.T.);
#7694=ORIENTED_EDGE('3907',*,*,#7693,.F.);
#7695=ORIENTED_EDGE('3916',*,*,#7678,.T.);
#7696=EDGE_LOOP('3604',(#7691,#7692,#7694,#7695));
#7697=FACE_OUTER_BOUND('3604',#7696,.F.);
#7698=ADVANCED_FACE('3604',(#7697),#7690,.T.);
#7699=CARTESIAN_POINT('',(7.62E0,-3.35E0,5.E-1));
#7700=DIRECTION('',(0.E0,0.E0,-1.E0));
#7701=DIRECTION('',(1.E0,0.E0,0.E0));
#7702=AXIS2_PLACEMENT_3D('',#7699,#7700,#7701);
#7703=PLANE('3597',#7702);
#7705=ORIENTED_EDGE('4074',*,*,#7704,.T.);
#7707=ORIENTED_EDGE('4095',*,*,#7706,.F.);
#7708=ORIENTED_EDGE('3907',*,*,#7693,.T.);
#7710=ORIENTED_EDGE('4094',*,*,#7709,.F.);
#7711=EDGE_LOOP('3597',(#7705,#7707,#7708,#7710));
#7712=FACE_OUTER_BOUND('3597',#7711,.F.);
#7713=ADVANCED_FACE('3597',(#7712),#7703,.T.);
#7714=CARTESIAN_POINT('',(8.85E0,-4.5E-1,1.27E0));
#7715=DIRECTION('',(0.E0,1.E0,0.E0));
#7716=DIRECTION('',(-1.E0,0.E0,0.E0));
#7717=AXIS2_PLACEMENT_3D('',#7714,#7715,#7716);
#7718=PLANE('3874',#7717);
#7719=ORIENTED_EDGE('4074',*,*,#7704,.F.);
#7721=ORIENTED_EDGE('4076',*,*,#7720,.T.);
#7723=ORIENTED_EDGE('4075',*,*,#7722,.T.);
#7725=ORIENTED_EDGE('4077',*,*,#7724,.F.);
#7726=EDGE_LOOP('3874',(#7719,#7721,#7723,#7725));
#7727=FACE_OUTER_BOUND('3874',#7726,.F.);
#7728=ADVANCED_FACE('3874',(#7727),#7718,.T.);
#7729=CARTESIAN_POINT('',(-5.E-1,-4.5E-1,5.E-1));
#7730=DIRECTION('',(-1.E0,0.E0,0.E0));
#7731=DIRECTION('',(0.E0,1.E0,0.E0));
#7732=AXIS2_PLACEMENT_3D('',#7729,#7730,#7731);
#7733=PLANE('3599',#7732);
#7734=ORIENTED_EDGE('4076',*,*,#7720,.F.);
#7735=ORIENTED_EDGE('4094',*,*,#7709,.T.);
#7736=ORIENTED_EDGE('3908',*,*,#7651,.T.);
#7738=ORIENTED_EDGE('4096',*,*,#7737,.F.);
#7739=EDGE_LOOP('3599',(#7734,#7735,#7736,#7738));
#7740=FACE_OUTER_BOUND('3599',#7739,.F.);
#7741=ADVANCED_FACE('3599',(#7740),#7733,.F.);
#7742=CARTESIAN_POINT('',(7.62E0,-3.35E0,-5.E-1));
#7743=DIRECTION('',(0.E0,0.E0,-1.E0));
#7744=DIRECTION('',(1.E0,0.E0,0.E0));
#7745=AXIS2_PLACEMENT_3D('',#7742,#7743,#7744);
#7746=PLANE('3598',#7745);
#7747=ORIENTED_EDGE('4075',*,*,#7722,.F.);
#7748=ORIENTED_EDGE('4096',*,*,#7737,.T.);
#7749=ORIENTED_EDGE('3906',*,*,#7666,.T.);
#7751=ORIENTED_EDGE('4097',*,*,#7750,.T.);
#7752=EDGE_LOOP('3598',(#7747,#7748,#7749,#7751));
#7753=FACE_OUTER_BOUND('3598',#7752,.F.);
#7754=ADVANCED_FACE('3598',(#7753),#7746,.F.);
#7755=CARTESIAN_POINT('',(5.E-1,-3.E-1,5.E-1));
#7756=DIRECTION('',(1.E0,0.E0,0.E0));
#7757=DIRECTION('',(0.E0,-1.E0,0.E0));
#7758=AXIS2_PLACEMENT_3D('',#7755,#7756,#7757);
#7759=PLANE('3602',#7758);
#7760=ORIENTED_EDGE('4077',*,*,#7724,.T.);
#7761=ORIENTED_EDGE('4097',*,*,#7750,.F.);
#7762=ORIENTED_EDGE('3909',*,*,#7680,.F.);
#7763=ORIENTED_EDGE('4095',*,*,#7706,.T.);
#7764=EDGE_LOOP('3602',(#7760,#7761,#7762,#7763));
#7765=FACE_OUTER_BOUND('3602',#7764,.F.);
#7766=ADVANCED_FACE('3602',(#7765),#7759,.F.);
#7767=CARTESIAN_POINT('',(2.04E0,-3.E-1,5.E-1));
#7768=DIRECTION('',(-7.071067811865E-1,-7.071067811866E-1,0.E0));
#7769=DIRECTION('',(-7.071067811866E-1,7.071067811865E-1,0.E0));
#7770=AXIS2_PLACEMENT_3D('',#7767,#7768,#7769);
#7771=PLANE('3608',#7770);
#7772=ORIENTED_EDGE('3922',*,*,#3742,.T.);
#7774=ORIENTED_EDGE('3926',*,*,#7773,.F.);
#7776=ORIENTED_EDGE('3920',*,*,#7775,.F.);
#7778=ORIENTED_EDGE('3929',*,*,#7777,.F.);
#7779=EDGE_LOOP('3608',(#7772,#7774,#7776,#7778));
#7780=FACE_OUTER_BOUND('3608',#7779,.F.);
#7781=ADVANCED_FACE('3608',(#7780),#7771,.F.);
#7782=CARTESIAN_POINT('',(2.54E0,-1.5E-1,-6.5E-1));
#7783=DIRECTION('',(0.E0,7.071067811865E-1,7.071067811865E-1));
#7784=DIRECTION('',(-1.E0,0.E0,0.E0));
#7785=AXIS2_PLACEMENT_3D('',#7782,#7783,#7784);
#7786=PLANE('3611',#7785);
#7787=ORIENTED_EDGE('3924',*,*,#3748,.T.);
#7789=ORIENTED_EDGE('3927',*,*,#7788,.T.);
#7791=ORIENTED_EDGE('3918',*,*,#7790,.F.);
#7792=ORIENTED_EDGE('3926',*,*,#7773,.T.);
#7793=EDGE_LOOP('3611',(#7787,#7789,#7791,#7792));
#7794=FACE_OUTER_BOUND('3611',#7793,.F.);
#7795=ADVANCED_FACE('3611',(#7794),#7786,.T.);
#7796=CARTESIAN_POINT('',(3.34E0,0.E0,5.E-1));
#7797=DIRECTION('',(7.071067811865E-1,-7.071067811866E-1,0.E0));
#7798=DIRECTION('',(-7.071067811866E-1,-7.071067811865E-1,0.E0));
#7799=AXIS2_PLACEMENT_3D('',#7796,#7797,#7798);
#7800=PLANE('3609',#7799);
#7801=ORIENTED_EDGE('3923',*,*,#3746,.T.);
#7803=ORIENTED_EDGE('3928',*,*,#7802,.F.);
#7805=ORIENTED_EDGE('3921',*,*,#7804,.T.);
#7806=ORIENTED_EDGE('3927',*,*,#7788,.F.);
#7807=EDGE_LOOP('3609',(#7801,#7803,#7805,#7806));
#7808=FACE_OUTER_BOUND('3609',#7807,.F.);
#7809=ADVANCED_FACE('3609',(#7808),#7800,.F.);
#7810=CARTESIAN_POINT('',(2.54E0,-1.5E-1,6.5E-1));
#7811=DIRECTION('',(0.E0,7.071067811865E-1,-7.071067811865E-1));
#7812=DIRECTION('',(-1.E0,0.E0,0.E0));
#7813=AXIS2_PLACEMENT_3D('',#7810,#7811,#7812);
#7814=PLANE('3612',#7813);
#7815=ORIENTED_EDGE('3925',*,*,#3744,.T.);
#7816=ORIENTED_EDGE('3929',*,*,#7777,.T.);
#7818=ORIENTED_EDGE('3919',*,*,#7817,.F.);
#7819=ORIENTED_EDGE('3928',*,*,#7802,.T.);
#7820=EDGE_LOOP('3612',(#7815,#7816,#7818,#7819));
#7821=FACE_OUTER_BOUND('3612',#7820,.F.);
#7822=ADVANCED_FACE('3612',(#7821),#7814,.T.);
#7823=CARTESIAN_POINT('',(1.016E1,-3.35E0,5.E-1));
#7824=DIRECTION('',(0.E0,0.E0,-1.E0));
#7825=DIRECTION('',(1.E0,0.E0,0.E0));
#7826=AXIS2_PLACEMENT_3D('',#7823,#7824,#7825);
#7827=PLANE('3605',#7826);
#7829=ORIENTED_EDGE('4078',*,*,#7828,.T.);
#7831=ORIENTED_EDGE('4099',*,*,#7830,.F.);
#7832=ORIENTED_EDGE('3919',*,*,#7817,.T.);
#7834=ORIENTED_EDGE('4098',*,*,#7833,.F.);
#7835=EDGE_LOOP('3605',(#7829,#7831,#7832,#7834));
#7836=FACE_OUTER_BOUND('3605',#7835,.F.);
#7837=ADVANCED_FACE('3605',(#7836),#7827,.T.);
#7838=CARTESIAN_POINT('',(8.85E0,-4.5E-1,1.27E0));
#7839=DIRECTION('',(0.E0,1.E0,0.E0));
#7840=DIRECTION('',(-1.E0,0.E0,0.E0));
#7841=AXIS2_PLACEMENT_3D('',#7838,#7839,#7840);
#7842=PLANE('3873',#7841);
#7843=ORIENTED_EDGE('4078',*,*,#7828,.F.);
#7845=ORIENTED_EDGE('4080',*,*,#7844,.T.);
#7847=ORIENTED_EDGE('4079',*,*,#7846,.T.);
#7849=ORIENTED_EDGE('4081',*,*,#7848,.F.);
#7850=EDGE_LOOP('3873',(#7843,#7845,#7847,#7849));
#7851=FACE_OUTER_BOUND('3873',#7850,.F.);
#7852=ADVANCED_FACE('3873',(#7851),#7842,.T.);
#7853=CARTESIAN_POINT('',(2.04E0,-4.5E-1,5.E-1));
#7854=DIRECTION('',(-1.E0,0.E0,0.E0));
#7855=DIRECTION('',(0.E0,1.E0,0.E0));
#7856=AXIS2_PLACEMENT_3D('',#7853,#7854,#7855);
#7857=PLANE('3607',#7856);
#7858=ORIENTED_EDGE('4080',*,*,#7844,.F.);
#7859=ORIENTED_EDGE('4098',*,*,#7833,.T.);
#7860=ORIENTED_EDGE('3920',*,*,#7775,.T.);
#7862=ORIENTED_EDGE('4100',*,*,#7861,.F.);
#7863=EDGE_LOOP('3607',(#7858,#7859,#7860,#7862));
#7864=FACE_OUTER_BOUND('3607',#7863,.F.);
#7865=ADVANCED_FACE('3607',(#7864),#7857,.F.);
#7866=CARTESIAN_POINT('',(1.016E1,-3.35E0,-5.E-1));
#7867=DIRECTION('',(0.E0,0.E0,-1.E0));
#7868=DIRECTION('',(1.E0,0.E0,0.E0));
#7869=AXIS2_PLACEMENT_3D('',#7866,#7867,#7868);
#7870=PLANE('3606',#7869);
#7871=ORIENTED_EDGE('4079',*,*,#7846,.F.);
#7872=ORIENTED_EDGE('4100',*,*,#7861,.T.);
#7873=ORIENTED_EDGE('3918',*,*,#7790,.T.);
#7875=ORIENTED_EDGE('4101',*,*,#7874,.T.);
#7876=EDGE_LOOP('3606',(#7871,#7872,#7873,#7875));
#7877=FACE_OUTER_BOUND('3606',#7876,.F.);
#7878=ADVANCED_FACE('3606',(#7877),#7870,.F.);
#7879=CARTESIAN_POINT('',(3.04E0,-3.E-1,5.E-1));
#7880=DIRECTION('',(1.E0,0.E0,0.E0));
#7881=DIRECTION('',(0.E0,-1.E0,0.E0));
#7882=AXIS2_PLACEMENT_3D('',#7879,#7880,#7881);
#7883=PLANE('3610',#7882);
#7884=ORIENTED_EDGE('4081',*,*,#7848,.T.);
#7885=ORIENTED_EDGE('4101',*,*,#7874,.F.);
#7886=ORIENTED_EDGE('3921',*,*,#7804,.F.);
#7887=ORIENTED_EDGE('4099',*,*,#7830,.T.);
#7888=EDGE_LOOP('3610',(#7884,#7885,#7886,#7887));
#7889=FACE_OUTER_BOUND('3610',#7888,.F.);
#7890=ADVANCED_FACE('3610',(#7889),#7883,.F.);
#7891=CARTESIAN_POINT('',(4.58E0,-3.E-1,5.E-1));
#7892=DIRECTION('',(-7.071067811865E-1,-7.071067811866E-1,0.E0));
#7893=DIRECTION('',(-7.071067811866E-1,7.071067811865E-1,0.E0));
#7894=AXIS2_PLACEMENT_3D('',#7891,#7892,#7893);
#7895=PLANE('3630',#7894);
#7896=ORIENTED_EDGE('3963',*,*,#3752,.T.);
#7898=ORIENTED_EDGE('3967',*,*,#7897,.F.);
#7900=ORIENTED_EDGE('3961',*,*,#7899,.F.);
#7902=ORIENTED_EDGE('3970',*,*,#7901,.F.);
#7903=EDGE_LOOP('3630',(#7896,#7898,#7900,#7902));
#7904=FACE_OUTER_BOUND('3630',#7903,.F.);
#7905=ADVANCED_FACE('3630',(#7904),#7895,.F.);
#7906=CARTESIAN_POINT('',(5.08E0,-1.5E-1,-6.5E-1));
#7907=DIRECTION('',(0.E0,7.071067811865E-1,7.071067811865E-1));
#7908=DIRECTION('',(-1.E0,0.E0,0.E0));
#7909=AXIS2_PLACEMENT_3D('',#7906,#7907,#7908);
#7910=PLANE('3633',#7909);
#7911=ORIENTED_EDGE('3965',*,*,#3758,.T.);
#7913=ORIENTED_EDGE('3968',*,*,#7912,.T.);
#7915=ORIENTED_EDGE('3959',*,*,#7914,.F.);
#7916=ORIENTED_EDGE('3967',*,*,#7897,.T.);
#7917=EDGE_LOOP('3633',(#7911,#7913,#7915,#7916));
#7918=FACE_OUTER_BOUND('3633',#7917,.F.);
#7919=ADVANCED_FACE('3633',(#7918),#7910,.T.);
#7920=CARTESIAN_POINT('',(5.88E0,0.E0,5.E-1));
#7921=DIRECTION('',(7.071067811865E-1,-7.071067811866E-1,0.E0));
#7922=DIRECTION('',(-7.071067811866E-1,-7.071067811865E-1,0.E0));
#7923=AXIS2_PLACEMENT_3D('',#7920,#7921,#7922);
#7924=PLANE('3631',#7923);
#7925=ORIENTED_EDGE('3964',*,*,#3756,.T.);
#7927=ORIENTED_EDGE('3969',*,*,#7926,.F.);
#7929=ORIENTED_EDGE('3962',*,*,#7928,.T.);
#7930=ORIENTED_EDGE('3968',*,*,#7912,.F.);
#7931=EDGE_LOOP('3631',(#7925,#7927,#7929,#7930));
#7932=FACE_OUTER_BOUND('3631',#7931,.F.);
#7933=ADVANCED_FACE('3631',(#7932),#7924,.F.);
#7934=CARTESIAN_POINT('',(5.08E0,-1.5E-1,6.5E-1));
#7935=DIRECTION('',(0.E0,7.071067811865E-1,-7.071067811865E-1));
#7936=DIRECTION('',(-1.E0,0.E0,0.E0));
#7937=AXIS2_PLACEMENT_3D('',#7934,#7935,#7936);
#7938=PLANE('3634',#7937);
#7939=ORIENTED_EDGE('3966',*,*,#3754,.T.);
#7940=ORIENTED_EDGE('3970',*,*,#7901,.T.);
#7942=ORIENTED_EDGE('3960',*,*,#7941,.F.);
#7943=ORIENTED_EDGE('3969',*,*,#7926,.T.);
#7944=EDGE_LOOP('3634',(#7939,#7940,#7942,#7943));
#7945=FACE_OUTER_BOUND('3634',#7944,.F.);
#7946=ADVANCED_FACE('3634',(#7945),#7938,.T.);
#7947=CARTESIAN_POINT('',(1.27E1,-3.35E0,5.E-1));
#7948=DIRECTION('',(0.E0,0.E0,-1.E0));
#7949=DIRECTION('',(1.E0,0.E0,0.E0));
#7950=AXIS2_PLACEMENT_3D('',#7947,#7948,#7949);
#7951=PLANE('3627',#7950);
#7953=ORIENTED_EDGE('4145',*,*,#7952,.T.);
#7955=ORIENTED_EDGE('4150',*,*,#7954,.F.);
#7956=ORIENTED_EDGE('3960',*,*,#7941,.T.);
#7958=ORIENTED_EDGE('4149',*,*,#7957,.F.);
#7959=EDGE_LOOP('3627',(#7953,#7955,#7956,#7958));
#7960=FACE_OUTER_BOUND('3627',#7959,.F.);
#7961=ADVANCED_FACE('3627',(#7960),#7951,.T.);
#7962=CARTESIAN_POINT('',(8.85E0,-4.5E-1,1.27E0));
#7963=DIRECTION('',(0.E0,1.E0,0.E0));
#7964=DIRECTION('',(-1.E0,0.E0,0.E0));
#7965=AXIS2_PLACEMENT_3D('',#7962,#7963,#7964);
#7966=PLANE('3872',#7965);
#7967=ORIENTED_EDGE('4145',*,*,#7952,.F.);
#7969=ORIENTED_EDGE('4147',*,*,#7968,.T.);
#7971=ORIENTED_EDGE('4146',*,*,#7970,.T.);
#7973=ORIENTED_EDGE('4148',*,*,#7972,.F.);
#7974=EDGE_LOOP('3872',(#7967,#7969,#7971,#7973));
#7975=FACE_OUTER_BOUND('3872',#7974,.F.);
#7976=ADVANCED_FACE('3872',(#7975),#7966,.T.);
#7977=CARTESIAN_POINT('',(4.58E0,-4.5E-1,5.E-1));
#7978=DIRECTION('',(-1.E0,0.E0,0.E0));
#7979=DIRECTION('',(0.E0,1.E0,0.E0));
#7980=AXIS2_PLACEMENT_3D('',#7977,#7978,#7979);
#7981=PLANE('3629',#7980);
#7982=ORIENTED_EDGE('4147',*,*,#7968,.F.);
#7983=ORIENTED_EDGE('4149',*,*,#7957,.T.);
#7984=ORIENTED_EDGE('3961',*,*,#7899,.T.);
#7986=ORIENTED_EDGE('4151',*,*,#7985,.F.);
#7987=EDGE_LOOP('3629',(#7982,#7983,#7984,#7986));
#7988=FACE_OUTER_BOUND('3629',#7987,.F.);
#7989=ADVANCED_FACE('3629',(#7988),#7981,.F.);
#7990=CARTESIAN_POINT('',(1.27E1,-3.35E0,-5.E-1));
#7991=DIRECTION('',(0.E0,0.E0,-1.E0));
#7992=DIRECTION('',(1.E0,0.E0,0.E0));
#7993=AXIS2_PLACEMENT_3D('',#7990,#7991,#7992);
#7994=PLANE('3628',#7993);
#7995=ORIENTED_EDGE('4146',*,*,#7970,.F.);
#7996=ORIENTED_EDGE('4151',*,*,#7985,.T.);
#7997=ORIENTED_EDGE('3959',*,*,#7914,.T.);
#7999=ORIENTED_EDGE('4152',*,*,#7998,.T.);
#8000=EDGE_LOOP('3628',(#7995,#7996,#7997,#7999));
#8001=FACE_OUTER_BOUND('3628',#8000,.F.);
#8002=ADVANCED_FACE('3628',(#8001),#7994,.F.);
#8003=CARTESIAN_POINT('',(5.58E0,-3.E-1,5.E-1));
#8004=DIRECTION('',(1.E0,0.E0,0.E0));
#8005=DIRECTION('',(0.E0,-1.E0,0.E0));
#8006=AXIS2_PLACEMENT_3D('',#8003,#8004,#8005);
#8007=PLANE('3632',#8006);
#8008=ORIENTED_EDGE('4148',*,*,#7972,.T.);
#8009=ORIENTED_EDGE('4152',*,*,#7998,.F.);
#8010=ORIENTED_EDGE('3962',*,*,#7928,.F.);
#8011=ORIENTED_EDGE('4150',*,*,#7954,.T.);
#8012=EDGE_LOOP('3632',(#8008,#8009,#8010,#8011));
#8013=FACE_OUTER_BOUND('3632',#8012,.F.);
#8014=ADVANCED_FACE('3632',(#8013),#8007,.F.);
#8015=CARTESIAN_POINT('',(7.12E0,-3.E-1,5.E-1));
#8016=DIRECTION('',(-7.071067811865E-1,-7.071067811866E-1,0.E0));
#8017=DIRECTION('',(-7.071067811866E-1,7.071067811865E-1,0.E0));
#8018=AXIS2_PLACEMENT_3D('',#8015,#8016,#8017);
#8019=PLANE('3638',#8018);
#8020=ORIENTED_EDGE('3976',*,*,#3762,.T.);
#8022=ORIENTED_EDGE('3980',*,*,#8021,.F.);
#8024=ORIENTED_EDGE('3974',*,*,#8023,.F.);
#8026=ORIENTED_EDGE('3983',*,*,#8025,.F.);
#8027=EDGE_LOOP('3638',(#8020,#8022,#8024,#8026));
#8028=FACE_OUTER_BOUND('3638',#8027,.F.);
#8029=ADVANCED_FACE('3638',(#8028),#8019,.F.);
#8030=CARTESIAN_POINT('',(7.62E0,-1.5E-1,-6.5E-1));
#8031=DIRECTION('',(0.E0,7.071067811865E-1,7.071067811865E-1));
#8032=DIRECTION('',(-1.E0,0.E0,0.E0));
#8033=AXIS2_PLACEMENT_3D('',#8030,#8031,#8032);
#8034=PLANE('3641',#8033);
#8035=ORIENTED_EDGE('3978',*,*,#3768,.T.);
#8037=ORIENTED_EDGE('3981',*,*,#8036,.T.);
#8039=ORIENTED_EDGE('3972',*,*,#8038,.F.);
#8040=ORIENTED_EDGE('3980',*,*,#8021,.T.);
#8041=EDGE_LOOP('3641',(#8035,#8037,#8039,#8040));
#8042=FACE_OUTER_BOUND('3641',#8041,.F.);
#8043=ADVANCED_FACE('3641',(#8042),#8034,.T.);
#8044=CARTESIAN_POINT('',(8.42E0,0.E0,5.E-1));
#8045=DIRECTION('',(7.071067811865E-1,-7.071067811866E-1,0.E0));
#8046=DIRECTION('',(-7.071067811866E-1,-7.071067811865E-1,0.E0));
#8047=AXIS2_PLACEMENT_3D('',#8044,#8045,#8046);
#8048=PLANE('3639',#8047);
#8049=ORIENTED_EDGE('3977',*,*,#3766,.T.);
#8051=ORIENTED_EDGE('3982',*,*,#8050,.F.);
#8053=ORIENTED_EDGE('3975',*,*,#8052,.T.);
#8054=ORIENTED_EDGE('3981',*,*,#8036,.F.);
#8055=EDGE_LOOP('3639',(#8049,#8051,#8053,#8054));
#8056=FACE_OUTER_BOUND('3639',#8055,.F.);
#8057=ADVANCED_FACE('3639',(#8056),#8048,.F.);
#8058=CARTESIAN_POINT('',(7.62E0,-1.5E-1,6.5E-1));
#8059=DIRECTION('',(0.E0,7.071067811865E-1,-7.071067811865E-1));
#8060=DIRECTION('',(-1.E0,0.E0,0.E0));
#8061=AXIS2_PLACEMENT_3D('',#8058,#8059,#8060);
#8062=PLANE('3642',#8061);
#8063=ORIENTED_EDGE('3979',*,*,#3764,.T.);
#8064=ORIENTED_EDGE('3983',*,*,#8025,.T.);
#8066=ORIENTED_EDGE('3973',*,*,#8065,.F.);
#8067=ORIENTED_EDGE('3982',*,*,#8050,.T.);
#8068=EDGE_LOOP('3642',(#8063,#8064,#8066,#8067));
#8069=FACE_OUTER_BOUND('3642',#8068,.F.);
#8070=ADVANCED_FACE('3642',(#8069),#8062,.T.);
#8071=CARTESIAN_POINT('',(1.524E1,-3.35E0,5.E-1));
#8072=DIRECTION('',(0.E0,0.E0,-1.E0));
#8073=DIRECTION('',(1.E0,0.E0,0.E0));
#8074=AXIS2_PLACEMENT_3D('',#8071,#8072,#8073);
#8075=PLANE('3635',#8074);
#8077=ORIENTED_EDGE('4167',*,*,#8076,.T.);
#8079=ORIENTED_EDGE('4172',*,*,#8078,.F.);
#8080=ORIENTED_EDGE('3973',*,*,#8065,.T.);
#8082=ORIENTED_EDGE('4171',*,*,#8081,.F.);
#8083=EDGE_LOOP('3635',(#8077,#8079,#8080,#8082));
#8084=FACE_OUTER_BOUND('3635',#8083,.F.);
#8085=ADVANCED_FACE('3635',(#8084),#8075,.T.);
#8086=CARTESIAN_POINT('',(8.85E0,-4.5E-1,1.27E0));
#8087=DIRECTION('',(0.E0,1.E0,0.E0));
#8088=DIRECTION('',(-1.E0,0.E0,0.E0));
#8089=AXIS2_PLACEMENT_3D('',#8086,#8087,#8088);
#8090=PLANE('3663',#8089);
#8091=ORIENTED_EDGE('4167',*,*,#8076,.F.);
#8093=ORIENTED_EDGE('4169',*,*,#8092,.T.);
#8095=ORIENTED_EDGE('4168',*,*,#8094,.T.);
#8097=ORIENTED_EDGE('4170',*,*,#8096,.F.);
#8098=EDGE_LOOP('3663',(#8091,#8093,#8095,#8097));
#8099=FACE_OUTER_BOUND('3663',#8098,.F.);
#8100=ADVANCED_FACE('3663',(#8099),#8090,.T.);
#8101=CARTESIAN_POINT('',(7.12E0,-4.5E-1,5.E-1));
#8102=DIRECTION('',(-1.E0,0.E0,0.E0));
#8103=DIRECTION('',(0.E0,1.E0,0.E0));
#8104=AXIS2_PLACEMENT_3D('',#8101,#8102,#8103);
#8105=PLANE('3637',#8104);
#8106=ORIENTED_EDGE('4169',*,*,#8092,.F.);
#8107=ORIENTED_EDGE('4171',*,*,#8081,.T.);
#8108=ORIENTED_EDGE('3974',*,*,#8023,.T.);
#8110=ORIENTED_EDGE('4173',*,*,#8109,.F.);
#8111=EDGE_LOOP('3637',(#8106,#8107,#8108,#8110));
#8112=FACE_OUTER_BOUND('3637',#8111,.F.);
#8113=ADVANCED_FACE('3637',(#8112),#8105,.F.);
#8114=CARTESIAN_POINT('',(1.524E1,-3.35E0,-5.E-1));
#8115=DIRECTION('',(0.E0,0.E0,-1.E0));
#8116=DIRECTION('',(1.E0,0.E0,0.E0));
#8117=AXIS2_PLACEMENT_3D('',#8114,#8115,#8116);
#8118=PLANE('3636',#8117);
#8119=ORIENTED_EDGE('4168',*,*,#8094,.F.);
#8120=ORIENTED_EDGE('4173',*,*,#8109,.T.);
#8121=ORIENTED_EDGE('3972',*,*,#8038,.T.);
#8123=ORIENTED_EDGE('4174',*,*,#8122,.T.);
#8124=EDGE_LOOP('3636',(#8119,#8120,#8121,#8123));
#8125=FACE_OUTER_BOUND('3636',#8124,.F.);
#8126=ADVANCED_FACE('3636',(#8125),#8118,.F.);
#8127=CARTESIAN_POINT('',(8.12E0,-3.E-1,5.E-1));
#8128=DIRECTION('',(1.E0,0.E0,0.E0));
#8129=DIRECTION('',(0.E0,-1.E0,0.E0));
#8130=AXIS2_PLACEMENT_3D('',#8127,#8128,#8129);
#8131=PLANE('3640',#8130);
#8132=ORIENTED_EDGE('4170',*,*,#8096,.T.);
#8133=ORIENTED_EDGE('4174',*,*,#8122,.F.);
#8134=ORIENTED_EDGE('3975',*,*,#8052,.F.);
#8135=ORIENTED_EDGE('4172',*,*,#8078,.T.);
#8136=EDGE_LOOP('3640',(#8132,#8133,#8134,#8135));
#8137=FACE_OUTER_BOUND('3640',#8136,.F.);
#8138=ADVANCED_FACE('3640',(#8137),#8131,.F.);
#8139=CARTESIAN_POINT('',(-8.12E0,-3.E-1,-5.E-1));
#8140=DIRECTION('',(7.071067811865E-1,7.071067811866E-1,0.E0));
#8141=DIRECTION('',(-7.071067811866E-1,7.071067811865E-1,0.E0));
#8142=AXIS2_PLACEMENT_3D('',#8139,#8140,#8141);
#8143=PLANE('3616',#8142);
#8145=ORIENTED_EDGE('3934',*,*,#8144,.T.);
#8146=ORIENTED_EDGE('4037',*,*,#3772,.F.);
#8148=ORIENTED_EDGE('3937',*,*,#8147,.T.);
#8150=ORIENTED_EDGE('3932',*,*,#8149,.T.);
#8151=EDGE_LOOP('3616',(#8145,#8146,#8148,#8150));
#8152=FACE_OUTER_BOUND('3616',#8151,.F.);
#8153=ADVANCED_FACE('3616',(#8152),#8143,.T.);
#8154=CARTESIAN_POINT('',(-7.62E0,-1.5E-1,6.5E-1));
#8155=DIRECTION('',(0.E0,-7.071067811865E-1,7.071067811865E-1));
#8156=DIRECTION('',(-1.E0,0.E0,0.E0));
#8157=AXIS2_PLACEMENT_3D('',#8154,#8155,#8156);
#8158=PLANE('3619',#8157);
#8159=ORIENTED_EDGE('3934',*,*,#8144,.F.);
#8161=ORIENTED_EDGE('3930',*,*,#8160,.T.);
#8163=ORIENTED_EDGE('3935',*,*,#8162,.F.);
#8164=ORIENTED_EDGE('4039',*,*,#3774,.F.);
#8165=EDGE_LOOP('3619',(#8159,#8161,#8163,#8164));
#8166=FACE_OUTER_BOUND('3619',#8165,.F.);
#8167=ADVANCED_FACE('3619',(#8166),#8158,.F.);
#8168=CARTESIAN_POINT('',(0.E0,-3.35E0,5.E-1));
#8169=DIRECTION('',(0.E0,0.E0,-1.E0));
#8170=DIRECTION('',(1.E0,0.E0,0.E0));
#8171=AXIS2_PLACEMENT_3D('',#8168,#8169,#8170);
#8172=PLANE('3614',#8171);
#8174=ORIENTED_EDGE('4083',*,*,#8173,.T.);
#8176=ORIENTED_EDGE('4105',*,*,#8175,.F.);
#8177=ORIENTED_EDGE('3930',*,*,#8160,.F.);
#8179=ORIENTED_EDGE('4104',*,*,#8178,.F.);
#8180=EDGE_LOOP('3614',(#8174,#8176,#8177,#8179));
#8181=FACE_OUTER_BOUND('3614',#8180,.F.);
#8182=ADVANCED_FACE('3614',(#8181),#8172,.T.);
#8183=CARTESIAN_POINT('',(8.85E0,-4.5E-1,1.27E0));
#8184=DIRECTION('',(0.E0,1.E0,0.E0));
#8185=DIRECTION('',(-1.E0,0.E0,0.E0));
#8186=AXIS2_PLACEMENT_3D('',#8183,#8184,#8185);
#8187=PLANE('3877',#8186);
#8189=ORIENTED_EDGE('4082',*,*,#8188,.T.);
#8191=ORIENTED_EDGE('4085',*,*,#8190,.T.);
#8192=ORIENTED_EDGE('4083',*,*,#8173,.F.);
#8194=ORIENTED_EDGE('4084',*,*,#8193,.F.);
#8195=EDGE_LOOP('3877',(#8189,#8191,#8192,#8194));
#8196=FACE_OUTER_BOUND('3877',#8195,.F.);
#8197=ADVANCED_FACE('3877',(#8196),#8187,.T.);
#8198=CARTESIAN_POINT('',(0.E0,-3.35E0,-5.E-1));
#8199=DIRECTION('',(0.E0,0.E0,-1.E0));
#8200=DIRECTION('',(1.E0,0.E0,0.E0));
#8201=AXIS2_PLACEMENT_3D('',#8198,#8199,#8200);
#8202=PLANE('3613',#8201);
#8203=ORIENTED_EDGE('4082',*,*,#8188,.F.);
#8205=ORIENTED_EDGE('4102',*,*,#8204,.T.);
#8207=ORIENTED_EDGE('3931',*,*,#8206,.F.);
#8209=ORIENTED_EDGE('4103',*,*,#8208,.T.);
#8210=EDGE_LOOP('3613',(#8203,#8205,#8207,#8209));
#8211=FACE_OUTER_BOUND('3613',#8210,.F.);
#8212=ADVANCED_FACE('3613',(#8211),#8202,.F.);
#8213=CARTESIAN_POINT('',(-8.12E0,-4.5E-1,-5.E-1));
#8214=DIRECTION('',(1.E0,0.E0,0.E0));
#8215=DIRECTION('',(0.E0,1.E0,0.E0));
#8216=AXIS2_PLACEMENT_3D('',#8213,#8214,#8215);
#8217=PLANE('3615',#8216);
#8218=ORIENTED_EDGE('4084',*,*,#8193,.T.);
#8219=ORIENTED_EDGE('4104',*,*,#8178,.T.);
#8220=ORIENTED_EDGE('3932',*,*,#8149,.F.);
#8221=ORIENTED_EDGE('4102',*,*,#8204,.F.);
#8222=EDGE_LOOP('3615',(#8218,#8219,#8220,#8221));
#8223=FACE_OUTER_BOUND('3615',#8222,.F.);
#8224=ADVANCED_FACE('3615',(#8223),#8217,.T.);
#8225=CARTESIAN_POINT('',(-7.62E0,-1.5E-1,-6.5E-1));
#8226=DIRECTION('',(0.E0,-7.071067811865E-1,-7.071067811865E-1));
#8227=DIRECTION('',(-1.E0,0.E0,0.E0));
#8228=AXIS2_PLACEMENT_3D('',#8225,#8226,#8227);
#8229=PLANE('3620',#8228);
#8231=ORIENTED_EDGE('3936',*,*,#8230,.F.);
#8232=ORIENTED_EDGE('3931',*,*,#8206,.T.);
#8233=ORIENTED_EDGE('3937',*,*,#8147,.F.);
#8234=ORIENTED_EDGE('4040',*,*,#3778,.F.);
#8235=EDGE_LOOP('3620',(#8231,#8232,#8233,#8234));
#8236=FACE_OUTER_BOUND('3620',#8235,.F.);
#8237=ADVANCED_FACE('3620',(#8236),#8229,.F.);
#8238=CARTESIAN_POINT('',(-6.82E0,0.E0,-5.E-1));
#8239=DIRECTION('',(-7.071067811865E-1,7.071067811866E-1,0.E0));
#8240=DIRECTION('',(-7.071067811866E-1,-7.071067811865E-1,0.E0));
#8241=AXIS2_PLACEMENT_3D('',#8238,#8239,#8240);
#8242=PLANE('3617',#8241);
#8243=ORIENTED_EDGE('3935',*,*,#8162,.T.);
#8245=ORIENTED_EDGE('3933',*,*,#8244,.F.);
#8246=ORIENTED_EDGE('3936',*,*,#8230,.T.);
#8247=ORIENTED_EDGE('4038',*,*,#3776,.F.);
#8248=EDGE_LOOP('3617',(#8243,#8245,#8246,#8247));
#8249=FACE_OUTER_BOUND('3617',#8248,.F.);
#8250=ADVANCED_FACE('3617',(#8249),#8242,.T.);
#8251=CARTESIAN_POINT('',(-7.12E0,-3.E-1,-5.E-1));
#8252=DIRECTION('',(-1.E0,0.E0,0.E0));
#8253=DIRECTION('',(0.E0,-1.E0,0.E0));
#8254=AXIS2_PLACEMENT_3D('',#8251,#8252,#8253);
#8255=PLANE('3618',#8254);
#8256=ORIENTED_EDGE('4085',*,*,#8190,.F.);
#8257=ORIENTED_EDGE('4103',*,*,#8208,.F.);
#8258=ORIENTED_EDGE('3933',*,*,#8244,.T.);
#8259=ORIENTED_EDGE('4105',*,*,#8175,.T.);
#8260=EDGE_LOOP('3618',(#8256,#8257,#8258,#8259));
#8261=FACE_OUTER_BOUND('3618',#8260,.F.);
#8262=ADVANCED_FACE('3618',(#8261),#8255,.T.);
#8263=CLOSED_SHELL('',(#3782,#3797,#3867,#3881,#3950,#3963,#3976,#3989,#4226,
#4240,#4254,#4267,#4279,#4293,#4307,#4320,#4332,#4346,#4360,#4373,#4385,#4399,
#4413,#4426,#4438,#4452,#4466,#4479,#4491,#4505,#4519,#4532,#4544,#4558,#4572,
#4585,#4597,#4611,#4625,#4638,#4650,#4664,#4678,#4691,#4703,#4717,#4731,#4744,
#4756,#4768,#4782,#4796,#4809,#4821,#4835,#4849,#4862,#4874,#4889,#4903,#4917,
#4930,#4945,#4959,#4973,#4986,#5001,#5015,#5029,#5042,#5054,#5069,#5083,#5097,
#5110,#5125,#5139,#5153,#5166,#5181,#5195,#5209,#5222,#5234,#5249,#5263,#5277,
#5290,#5305,#5319,#5333,#5346,#5361,#5375,#5389,#5402,#5414,#5429,#5443,#5457,
#5470,#5485,#5499,#5513,#5526,#5541,#5555,#5569,#5582,#5594,#5609,#5623,#5637,
#5650,#5665,#5679,#5693,#5706,#5721,#5735,#5749,#5762,#5774,#5789,#5803,#5817,
#5830,#5845,#5859,#5873,#5886,#5901,#5915,#5929,#5942,#5954,#5969,#5983,#5997,
#6010,#6025,#6039,#6053,#6066,#6081,#6095,#6109,#6122,#6134,#6149,#6163,#6177,
#6190,#6205,#6219,#6233,#6246,#6261,#6275,#6289,#6302,#6314,#6329,#6343,#6357,
#6370,#6385,#6399,#6413,#6426,#6441,#6455,#6469,#6482,#6494,#6509,#6523,#6537,
#6550,#6565,#6579,#6593,#6606,#6621,#6635,#6649,#6662,#6674,#6689,#6703,#6717,
#6730,#6745,#6759,#6773,#6786,#6801,#6815,#6829,#6842,#6854,#6869,#6883,#6897,
#6910,#6925,#6939,#6953,#6966,#6981,#6995,#7009,#7022,#7034,#7049,#7063,#7077,
#7090,#7105,#7119,#7133,#7146,#7161,#7175,#7189,#7202,#7214,#7229,#7243,#7257,
#7270,#7285,#7299,#7313,#7326,#7341,#7355,#7369,#7382,#7394,#7409,#7423,#7437,
#7450,#7465,#7480,#7493,#7506,#7518,#7533,#7547,#7561,#7574,#7589,#7604,#7617,
#7630,#7642,#7657,#7671,#7685,#7698,#7713,#7728,#7741,#7754,#7766,#7781,#7795,
#7809,#7822,#7837,#7852,#7865,#7878,#7890,#7905,#7919,#7933,#7946,#7961,#7976,
#7989,#8002,#8014,#8029,#8043,#8057,#8070,#8085,#8100,#8113,#8126,#8138,#8153,
#8167,#8182,#8197,#8212,#8224,#8237,#8250,#8262));
#8264=MANIFOLD_SOLID_BREP('',#8263);
#8265=(LENGTH_UNIT()NAMED_UNIT(*)SI_UNIT(.MILLI.,.METRE.));
#8266=DIMENSIONAL_EXPONENTS(0.E0,0.E0,0.E0,0.E0,0.E0,0.E0,0.E0);
#8267=(NAMED_UNIT(*)PLANE_ANGLE_UNIT()SI_UNIT($,.RADIAN.));
#8268=PLANE_ANGLE_MEASURE_WITH_UNIT(PLANE_ANGLE_MEASURE(1.745329251994E-2),
#8267);
#8269=(CONVERSION_BASED_UNIT('DEGREE',#8268)NAMED_UNIT(#8266)PLANE_ANGLE_UNIT(
));
#8270=(NAMED_UNIT(*)SI_UNIT($,.STERADIAN.)SOLID_ANGLE_UNIT());
#8271=UNCERTAINTY_MEASURE_WITH_UNIT(LENGTH_MEASURE(8.567116890206E-4),#8265,
'closure',
'Maximum model space distance between geometric entities at asserted connectivities');
#8272=(GEOMETRIC_REPRESENTATION_CONTEXT(3)GLOBAL_UNCERTAINTY_ASSIGNED_CONTEXT((
#8271))GLOBAL_UNIT_ASSIGNED_CONTEXT((#8265,#8269,#8270))REPRESENTATION_CONTEXT(
'ID1','3'));
#8274=APPLICATION_CONTEXT(
'CONFIGURATION CONTROLLED 3D DESIGNS OF MECHANICAL PARTS AND ASSEMBLIES');
#8275=APPLICATION_PROTOCOL_DEFINITION('international standard',
'config_control_design',1994,#8274);
#8276=DESIGN_CONTEXT('',#8274,'design');
#8277=MECHANICAL_CONTEXT('',#8274,'mechanical');
#8278=PRODUCT('91601-Y07_SW0001','91601-Y07_SW0001','NOT SPECIFIED',(#8277));
#8279=PRODUCT_DEFINITION_FORMATION_WITH_SPECIFIED_SOURCE('2','LAST_VERSION',
#8278,.MADE.);
#8283=PRODUCT_CATEGORY('part','');
#8284=PRODUCT_RELATED_PRODUCT_CATEGORY('detail','',(#8278));
#8285=PRODUCT_CATEGORY_RELATIONSHIP('','',#8283,#8284);
#8286=SECURITY_CLASSIFICATION_LEVEL('unclassified');
#8287=SECURITY_CLASSIFICATION('','',#8286);
#8288=CC_DESIGN_SECURITY_CLASSIFICATION(#8287,(#8279));
#8289=APPROVAL_STATUS('approved');
#8290=APPROVAL(#8289,'');
#8291=CC_DESIGN_APPROVAL(#8290,(#8287,#8279,#8280));
#8292=CALENDAR_DATE(109,30,9);
#8293=COORDINATED_UNIVERSAL_TIME_OFFSET(5,30,.AHEAD.);
#8294=LOCAL_TIME(11,39,5.8E1,#8293);
#8295=DATE_AND_TIME(#8292,#8294);
#8296=APPROVAL_DATE_TIME(#8295,#8290);
#8297=DATE_TIME_ROLE('creation_date');
#8298=CC_DESIGN_DATE_AND_TIME_ASSIGNMENT(#8295,#8297,(#8280));
#8299=DATE_TIME_ROLE('classification_date');
#8300=CC_DESIGN_DATE_AND_TIME_ASSIGNMENT(#8295,#8299,(#8287));
#8301=PERSON('UNSPECIFIED','UNSPECIFIED',$,$,$,$);
#8302=ORGANIZATION('UNSPECIFIED','UNSPECIFIED','UNSPECIFIED');
#8303=PERSON_AND_ORGANIZATION(#8301,#8302);
#8304=APPROVAL_ROLE('approver');
#8305=APPROVAL_PERSON_ORGANIZATION(#8303,#8290,#8304);
#8306=PERSON_AND_ORGANIZATION_ROLE('creator');
#8307=CC_DESIGN_PERSON_AND_ORGANIZATION_ASSIGNMENT(#8303,#8306,(#8279,#8280));
#8308=PERSON_AND_ORGANIZATION_ROLE('design_supplier');
#8309=CC_DESIGN_PERSON_AND_ORGANIZATION_ASSIGNMENT(#8303,#8308,(#8279));
#8310=PERSON_AND_ORGANIZATION_ROLE('classification_officer');
#8311=CC_DESIGN_PERSON_AND_ORGANIZATION_ASSIGNMENT(#8303,#8310,(#8287));
#8312=PERSON_AND_ORGANIZATION_ROLE('design_owner');
#8313=CC_DESIGN_PERSON_AND_ORGANIZATION_ASSIGNMENT(#8303,#8312,(#8278));
#1041=CIRCLE('4187',#1040,2.E-1);
#1050=CIRCLE('4194',#1049,4.E-1);
#1059=CIRCLE('4189',#1058,2.E-1);
#1068=CIRCLE('4196',#1067,4.E-1);
#1133=CIRCLE('4208',#1132,2.E-1);
#1142=CIRCLE('4215',#1141,4.E-1);
#1151=CIRCLE('4206',#1150,2.E-1);
#1160=CIRCLE('4213',#1159,4.E-1);
#1241=CIRCLE('4243',#1240,2.E-1);
#1250=CIRCLE('4250',#1249,4.E-1);
#1259=CIRCLE('4245',#1258,2.E-1);
#1268=CIRCLE('4252',#1267,4.E-1);
#1333=CIRCLE('4264',#1332,2.E-1);
#1342=CIRCLE('4271',#1341,4.E-1);
#1351=CIRCLE('4262',#1350,2.E-1);
#1360=CIRCLE('4269',#1359,4.E-1);
#1441=CIRCLE('4299',#1440,2.E-1);
#1450=CIRCLE('4306',#1449,4.E-1);
#1459=CIRCLE('4301',#1458,2.E-1);
#1468=CIRCLE('4308',#1467,4.E-1);
#1533=CIRCLE('4320',#1532,2.E-1);
#1542=CIRCLE('4327',#1541,4.E-1);
#1551=CIRCLE('4318',#1550,2.E-1);
#1560=CIRCLE('4325',#1559,4.E-1);
#1641=CIRCLE('4355',#1640,2.E-1);
#1650=CIRCLE('4362',#1649,4.E-1);
#1659=CIRCLE('4357',#1658,2.E-1);
#1668=CIRCLE('4364',#1667,4.E-1);
#1733=CIRCLE('4376',#1732,2.E-1);
#1742=CIRCLE('4383',#1741,4.E-1);
#1751=CIRCLE('4374',#1750,2.E-1);
#1760=CIRCLE('4381',#1759,4.E-1);
#1841=CIRCLE('4411',#1840,2.E-1);
#1850=CIRCLE('4418',#1849,4.E-1);
#1859=CIRCLE('4413',#1858,2.E-1);
#1868=CIRCLE('4420',#1867,4.E-1);
#1933=CIRCLE('4432',#1932,2.E-1);
#1942=CIRCLE('4439',#1941,4.E-1);
#1951=CIRCLE('4430',#1950,2.E-1);
#1960=CIRCLE('4437',#1959,4.E-1);
#2041=CIRCLE('4467',#2040,2.E-1);
#2050=CIRCLE('4474',#2049,4.E-1);
#2059=CIRCLE('4469',#2058,2.E-1);
#2068=CIRCLE('4476',#2067,4.E-1);
#2133=CIRCLE('4488',#2132,2.E-1);
#2142=CIRCLE('4495',#2141,4.E-1);
#2151=CIRCLE('4486',#2150,2.E-1);
#2160=CIRCLE('4493',#2159,4.E-1);
#2241=CIRCLE('4523',#2240,2.E-1);
#2250=CIRCLE('4530',#2249,4.E-1);
#2259=CIRCLE('4525',#2258,2.E-1);
#2268=CIRCLE('4532',#2267,4.E-1);
#2333=CIRCLE('4544',#2332,2.E-1);
#2342=CIRCLE('4551',#2341,4.E-1);
#2351=CIRCLE('4542',#2350,2.E-1);
#2360=CIRCLE('4549',#2359,4.E-1);
#3702=EDGE_CURVE('3878',#2859,#2860,#4,.T.);
#3704=EDGE_CURVE('3879',#2860,#2862,#8,.T.);
#3706=EDGE_CURVE('3880',#2862,#2864,#12,.T.);
#3708=EDGE_CURVE('3881',#2864,#2859,#16,.T.);
#3712=EDGE_CURVE('3886',#2875,#2876,#20,.T.);
#3714=EDGE_CURVE('3889',#2880,#2875,#24,.T.);
#3716=EDGE_CURVE('3887',#2879,#2880,#28,.T.);
#3718=EDGE_CURVE('3888',#2876,#2879,#32,.T.);
#3722=EDGE_CURVE('3898',#2891,#2892,#36,.T.);
#3724=EDGE_CURVE('3901',#2896,#2891,#40,.T.);
#3726=EDGE_CURVE('3899',#2895,#2896,#44,.T.);
#3728=EDGE_CURVE('3900',#2892,#2895,#48,.T.);
#3732=EDGE_CURVE('3910',#2907,#2908,#52,.T.);
#3734=EDGE_CURVE('3913',#2912,#2907,#56,.T.);
#3736=EDGE_CURVE('3911',#2911,#2912,#60,.T.);
#3738=EDGE_CURVE('3912',#2908,#2911,#64,.T.);
#3742=EDGE_CURVE('3922',#2923,#2924,#68,.T.);
#3744=EDGE_CURVE('3925',#2928,#2923,#72,.T.);
#3746=EDGE_CURVE('3923',#2927,#2928,#76,.T.);
#3748=EDGE_CURVE('3924',#2924,#2927,#80,.T.);
#3752=EDGE_CURVE('3963',#3031,#3032,#84,.T.);
#3754=EDGE_CURVE('3966',#3036,#3031,#88,.T.);
#3756=EDGE_CURVE('3964',#3035,#3036,#92,.T.);
#3758=EDGE_CURVE('3965',#3032,#3035,#96,.T.);
#3762=EDGE_CURVE('3976',#3051,#3052,#100,.T.);
#3764=EDGE_CURVE('3979',#3056,#3051,#104,.T.);
#3766=EDGE_CURVE('3977',#3055,#3056,#108,.T.);
#3768=EDGE_CURVE('3978',#3052,#3055,#112,.T.);
#3772=EDGE_CURVE('4037',#2944,#2938,#116,.T.);
#3774=EDGE_CURVE('4039',#2938,#2940,#120,.T.);
#3776=EDGE_CURVE('4038',#2940,#2942,#124,.T.);
#3778=EDGE_CURVE('4040',#2942,#2944,#128,.T.);
#3788=EDGE_CURVE('4144',#2860,#3016,#136,.T.);
#3791=EDGE_CURVE('3958',#2859,#3015,#132,.T.);
#3793=EDGE_CURVE('3955',#3015,#3016,#228,.T.);
#3804=EDGE_CURVE('3957',#3020,#3016,#140,.T.);
#3806=EDGE_CURVE('3987',#2947,#3020,#144,.T.);
#3808=EDGE_CURVE('3938',#2947,#2948,#488,.T.);
#3810=EDGE_CURVE('3988',#2967,#2948,#148,.T.);
#3812=EDGE_CURVE('3943',#2967,#2968,#152,.T.);
#3814=EDGE_CURVE('3991',#2955,#2968,#156,.T.);
#3816=EDGE_CURVE('3940',#2955,#2956,#472,.T.);
#3818=EDGE_CURVE('3992',#2983,#2956,#160,.T.);
#3820=EDGE_CURVE('3947',#2983,#2984,#164,.T.);
#3822=EDGE_CURVE('3995',#2971,#2984,#168,.T.);
#3824=EDGE_CURVE('3944',#2971,#2972,#456,.T.);
#3826=EDGE_CURVE('3996',#2999,#2972,#172,.T.);
#3828=EDGE_CURVE('3951',#2999,#3000,#176,.T.);
#3830=EDGE_CURVE('3999',#2987,#3000,#180,.T.);
#3832=EDGE_CURVE('3948',#2987,#2988,#440,.T.);
#3834=EDGE_CURVE('4000',#3011,#2988,#184,.T.);
#3836=EDGE_CURVE('3954',#3011,#3012,#188,.T.);
#3838=EDGE_CURVE('4003',#3003,#3012,#192,.T.);
#3840=EDGE_CURVE('3952',#3003,#3004,#424,.T.);
#3842=EDGE_CURVE('4004',#3060,#3004,#196,.T.);
#3844=EDGE_CURVE('4019',#3060,#3090,#200,.T.);
#3846=EDGE_CURVE('4016',#3079,#3090,#204,.T.);
#3848=EDGE_CURVE('4013',#3079,#3080,#408,.T.);
#3850=EDGE_CURVE('4017',#3092,#3080,#208,.T.);
#3852=EDGE_CURVE('4031',#3092,#3112,#212,.T.);
#3854=EDGE_CURVE('4028',#3107,#3112,#216,.T.);
#3856=EDGE_CURVE('4025',#3107,#3108,#392,.T.);
#3858=EDGE_CURVE('4029',#3100,#3108,#220,.T.);
#3860=EDGE_CURVE('4034',#3116,#3100,#224,.T.);
#3862=EDGE_CURVE('4047',#2862,#3116,#328,.T.);
#3874=EDGE_CURVE('3956',#3018,#3015,#320,.T.);
#3876=EDGE_CURVE('3984',#3018,#3020,#232,.T.);
#3887=EDGE_CURVE('4185',#3115,#2864,#324,.T.);
#3889=EDGE_CURVE('4033',#3115,#3099,#236,.T.);
#3891=EDGE_CURVE('4027',#3099,#3103,#240,.T.);
#3893=EDGE_CURVE('4024',#3103,#3104,#384,.T.);
#3895=EDGE_CURVE('4026',#3104,#3110,#244,.T.);
#3897=EDGE_CURVE('4030',#3110,#3087,#248,.T.);
#3899=EDGE_CURVE('4015',#3087,#3088,#252,.T.);
#3901=EDGE_CURVE('4022',#3088,#3083,#372,.T.);
#3903=EDGE_CURVE('4014',#3083,#3084,#256,.T.);
#3905=EDGE_CURVE('4018',#3084,#3058,#260,.T.);
#3907=EDGE_CURVE('4002',#3058,#3039,#264,.T.);
#3909=EDGE_CURVE('3971',#3039,#3040,#360,.T.);
#3911=EDGE_CURVE('4001',#3040,#3007,#268,.T.);
#3913=EDGE_CURVE('3953',#3007,#3008,#272,.T.);
#3915=EDGE_CURVE('3998',#3008,#2991,#276,.T.);
#3917=EDGE_CURVE('3949',#2991,#2992,#348,.T.);
#3919=EDGE_CURVE('3997',#2992,#2995,#280,.T.);
#3921=EDGE_CURVE('3950',#2995,#2996,#284,.T.);
#3923=EDGE_CURVE('3994',#2996,#2975,#288,.T.);
#3925=EDGE_CURVE('3945',#2975,#2976,#520,.T.);
#3927=EDGE_CURVE('3993',#2976,#2979,#292,.T.);
#3929=EDGE_CURVE('3946',#2979,#2980,#296,.T.);
#3931=EDGE_CURVE('3990',#2980,#2959,#300,.T.);
#3933=EDGE_CURVE('3941',#2959,#2960,#508,.T.);
#3935=EDGE_CURVE('3989',#2960,#2963,#304,.T.);
#3937=EDGE_CURVE('3942',#2963,#2964,#308,.T.);
#3939=EDGE_CURVE('3986',#2964,#2951,#312,.T.);
#3941=EDGE_CURVE('3939',#2951,#2952,#496,.T.);
#3943=EDGE_CURVE('3985',#2952,#3018,#316,.T.);
#3959=EDGE_CURVE('4032',#3115,#3116,#332,.T.);
#3971=EDGE_CURVE('4023',#3099,#3100,#336,.T.);
#3982=EDGE_CURVE('4182',#3103,#3108,#388,.T.);
#3995=EDGE_CURVE('4130',#2975,#3208,#340,.T.);
#3997=EDGE_CURVE('4116',#3207,#3208,#768,.T.);
#3999=EDGE_CURVE('4137',#3207,#2992,#344,.T.);
#4002=EDGE_CURVE('4134',#2991,#3212,#352,.T.);
#4004=EDGE_CURVE('4124',#3212,#3216,#788,.T.);
#4006=EDGE_CURVE('4140',#3216,#3040,#356,.T.);
#4009=EDGE_CURVE('4138',#3039,#3223,#364,.T.);
#4011=EDGE_CURVE('4125',#3223,#3224,#812,.T.);
#4013=EDGE_CURVE('4166',#3224,#3083,#368,.T.);
#4016=EDGE_CURVE('4164',#3088,#3239,#376,.T.);
#4018=EDGE_CURVE('4162',#3239,#3240,#836,.T.);
#4020=EDGE_CURVE('4184',#3240,#3104,#380,.T.);
#4025=EDGE_CURVE('4183',#3107,#3236,#396,.T.);
#4027=EDGE_CURVE('4161',#3235,#3236,#400,.T.);
#4029=EDGE_CURVE('4181',#3235,#3080,#404,.T.);
#4032=EDGE_CURVE('4165',#3079,#3220,#412,.T.);
#4034=EDGE_CURVE('4123',#3219,#3220,#416,.T.);
#4036=EDGE_CURVE('4163',#3219,#3004,#420,.T.);
#4039=EDGE_CURVE('4139',#3003,#3214,#428,.T.);
#4041=EDGE_CURVE('4122',#3210,#3214,#432,.T.);
#4043=EDGE_CURVE('4135',#3210,#2988,#436,.T.);
#4046=EDGE_CURVE('4136',#2987,#3203,#444,.T.);
#4048=EDGE_CURVE('4114',#3203,#3204,#448,.T.);
#4050=EDGE_CURVE('4131',#3204,#2972,#452,.T.);
#4053=EDGE_CURVE('4132',#2971,#3198,#460,.T.);
#4055=EDGE_CURVE('4115',#3198,#3194,#464,.T.);
#4057=EDGE_CURVE('4127',#3194,#2956,#468,.T.);
#4060=EDGE_CURVE('4128',#2955,#3190,#476,.T.);
#4062=EDGE_CURVE('4155',#3190,#3186,#480,.T.);
#4064=EDGE_CURVE('4142',#3186,#2948,#484,.T.);
#4067=EDGE_CURVE('4143',#2947,#2952,#492,.T.);
#4070=EDGE_CURVE('4141',#2951,#3188,#500,.T.);
#4072=EDGE_CURVE('4156',#3192,#3188,#984,.T.);
#4074=EDGE_CURVE('4129',#3192,#2960,#504,.T.);
#4077=EDGE_CURVE('4126',#2959,#3196,#512,.T.);
#4079=EDGE_CURVE('4117',#3200,#3196,#1008,.T.);
#4081=EDGE_CURVE('4133',#3200,#2976,#516,.T.);
#4086=EDGE_CURVE('4226',#3299,#3300,#524,.T.);
#4088=EDGE_CURVE('4228',#3304,#3300,#528,.T.);
#4090=EDGE_CURVE('4227',#3303,#3304,#532,.T.);
#4092=EDGE_CURVE('4229',#3303,#3299,#536,.T.);
#4096=EDGE_CURVE('4230',#3307,#3308,#540,.T.);
#4098=EDGE_CURVE('4233',#3311,#3307,#544,.T.);
#4100=EDGE_CURVE('4231',#3311,#3312,#548,.T.);
#4102=EDGE_CURVE('4232',#3312,#3308,#552,.T.);
#4106=EDGE_CURVE('4282',#3363,#3364,#556,.T.);
#4108=EDGE_CURVE('4284',#3368,#3364,#560,.T.);
#4110=EDGE_CURVE('4283',#3367,#3368,#564,.T.);
#4112=EDGE_CURVE('4285',#3367,#3363,#568,.T.);
#4116=EDGE_CURVE('4286',#3371,#3372,#572,.T.);
#4118=EDGE_CURVE('4289',#3375,#3371,#576,.T.);
#4120=EDGE_CURVE('4287',#3375,#3376,#580,.T.);
#4122=EDGE_CURVE('4288',#3376,#3372,#584,.T.);
#4126=EDGE_CURVE('4338',#3427,#3428,#588,.T.);
#4128=EDGE_CURVE('4340',#3432,#3428,#592,.T.);
#4130=EDGE_CURVE('4339',#3431,#3432,#596,.T.);
#4132=EDGE_CURVE('4341',#3431,#3427,#600,.T.);
#4136=EDGE_CURVE('4342',#3435,#3436,#604,.T.);
#4138=EDGE_CURVE('4345',#3439,#3435,#608,.T.);
#4140=EDGE_CURVE('4343',#3439,#3440,#612,.T.);
#4142=EDGE_CURVE('4344',#3440,#3436,#616,.T.);
#4146=EDGE_CURVE('4394',#3491,#3492,#620,.T.);
#4148=EDGE_CURVE('4396',#3496,#3492,#624,.T.);
#4150=EDGE_CURVE('4395',#3495,#3496,#628,.T.);
#4152=EDGE_CURVE('4397',#3495,#3491,#632,.T.);
#4156=EDGE_CURVE('4398',#3499,#3500,#636,.T.);
#4158=EDGE_CURVE('4401',#3503,#3499,#640,.T.);
#4160=EDGE_CURVE('4399',#3503,#3504,#644,.T.);
#4162=EDGE_CURVE('4400',#3504,#3500,#648,.T.);
#4166=EDGE_CURVE('4450',#3555,#3556,#652,.T.);
#4168=EDGE_CURVE('4452',#3560,#3556,#656,.T.);
#4170=EDGE_CURVE('4451',#3559,#3560,#660,.T.);
#4172=EDGE_CURVE('4453',#3559,#3555,#664,.T.);
#4176=EDGE_CURVE('4454',#3563,#3564,#668,.T.);
#4178=EDGE_CURVE('4457',#3567,#3563,#672,.T.);
#4180=EDGE_CURVE('4455',#3567,#3568,#676,.T.);
#4182=EDGE_CURVE('4456',#3568,#3564,#680,.T.);
#4186=EDGE_CURVE('4506',#3619,#3620,#684,.T.);
#4188=EDGE_CURVE('4508',#3624,#3620,#688,.T.);
#4190=EDGE_CURVE('4507',#3623,#3624,#692,.T.);
#4192=EDGE_CURVE('4509',#3623,#3619,#696,.T.);
#4196=EDGE_CURVE('4510',#3627,#3628,#700,.T.);
#4198=EDGE_CURVE('4513',#3631,#3627,#704,.T.);
#4200=EDGE_CURVE('4511',#3631,#3632,#708,.T.);
#4202=EDGE_CURVE('4512',#3632,#3628,#712,.T.);
#4206=EDGE_CURVE('4562',#3683,#3684,#716,.T.);
#4208=EDGE_CURVE('4564',#3688,#3684,#720,.T.);
#4210=EDGE_CURVE('4563',#3687,#3688,#724,.T.);
#4212=EDGE_CURVE('4565',#3687,#3683,#728,.T.);
#4216=EDGE_CURVE('4566',#3691,#3692,#732,.T.);
#4218=EDGE_CURVE('4569',#3695,#3691,#736,.T.);
#4220=EDGE_CURVE('4567',#3695,#3696,#740,.T.);
#4222=EDGE_CURVE('4568',#3696,#3692,#744,.T.);
#4234=EDGE_CURVE('4020',#2996,#3094,#748,.T.);
#4236=EDGE_CURVE('4154',#3208,#3094,#752,.T.);
#4248=EDGE_CURVE('4035',#2995,#3118,#756,.T.);
#4250=EDGE_CURVE('4046',#3118,#3094,#760,.T.);
#4261=EDGE_CURVE('4176',#3207,#3118,#764,.T.);
#4287=EDGE_CURVE('4050',#3008,#3128,#772,.T.);
#4289=EDGE_CURVE('4119',#3212,#3128,#776,.T.);
#4299=EDGE_CURVE('4049',#3127,#3128,#780,.T.);
#4303=EDGE_CURVE('4052',#3007,#3127,#784,.T.);
#4315=EDGE_CURVE('4121',#3216,#3127,#792,.T.);
#4340=EDGE_CURVE('4056',#3058,#3136,#796,.T.);
#4342=EDGE_CURVE('4158',#3223,#3136,#800,.T.);
#4352=EDGE_CURVE('4055',#3135,#3136,#804,.T.);
#4356=EDGE_CURVE('4058',#3084,#3135,#808,.T.);
#4369=EDGE_CURVE('4160',#3224,#3135,#816,.T.);
#4393=EDGE_CURVE('4062',#3087,#3144,#820,.T.);
#4395=EDGE_CURVE('4178',#3239,#3144,#824,.T.);
#4405=EDGE_CURVE('4061',#3143,#3144,#828,.T.);
#4409=EDGE_CURVE('4064',#3110,#3143,#832,.T.);
#4422=EDGE_CURVE('4180',#3240,#3143,#840,.T.);
#4446=EDGE_CURVE('4065',#3139,#3112,#852,.T.);
#4448=EDGE_CURVE('4179',#3139,#3236,#844,.T.);
#4458=EDGE_CURVE('4060',#3139,#3140,#848,.T.);
#4462=EDGE_CURVE('4063',#3140,#3092,#860,.T.);
#4475=EDGE_CURVE('4177',#3140,#3235,#856,.T.);
#4499=EDGE_CURVE('4059',#3131,#3090,#872,.T.);
#4501=EDGE_CURVE('4159',#3131,#3220,#864,.T.);
#4511=EDGE_CURVE('4054',#3131,#3132,#868,.T.);
#4515=EDGE_CURVE('4057',#3132,#3060,#880,.T.);
#4528=EDGE_CURVE('4157',#3132,#3219,#876,.T.);
#4552=EDGE_CURVE('4053',#3123,#3012,#892,.T.);
#4554=EDGE_CURVE('4120',#3123,#3214,#884,.T.);
#4564=EDGE_CURVE('4048',#3123,#3124,#888,.T.);
#4568=EDGE_CURVE('4051',#3124,#3011,#900,.T.);
#4578=EDGE_CURVE('4118',#3124,#3210,#896,.T.);
#4605=EDGE_CURVE('4036',#3120,#3000,#912,.T.);
#4607=EDGE_CURVE('4175',#3120,#3203,#904,.T.);
#4617=EDGE_CURVE('4021',#3096,#2999,#920,.T.);
#4619=EDGE_CURVE('4045',#3120,#3096,#908,.T.);
#4632=EDGE_CURVE('4153',#3096,#3204,#916,.T.);
#4658=EDGE_CURVE('4012',#3076,#2984,#932,.T.);
#4660=EDGE_CURVE('4112',#3076,#3198,#924,.T.);
#4670=EDGE_CURVE('4010',#3072,#2983,#940,.T.);
#4672=EDGE_CURVE('4043',#3076,#3072,#928,.T.);
#4685=EDGE_CURVE('4110',#3072,#3194,#936,.T.);
#4711=EDGE_CURVE('4008',#3068,#2968,#952,.T.);
#4713=EDGE_CURVE('4108',#3068,#3190,#944,.T.);
#4723=EDGE_CURVE('4006',#3064,#2967,#960,.T.);
#4725=EDGE_CURVE('4041',#3068,#3064,#948,.T.);
#4738=EDGE_CURVE('4106',#3064,#3186,#956,.T.);
#4776=EDGE_CURVE('4005',#2964,#3062,#964,.T.);
#4778=EDGE_CURVE('4107',#3188,#3062,#968,.T.);
#4790=EDGE_CURVE('4007',#2963,#3066,#972,.T.);
#4792=EDGE_CURVE('4042',#3066,#3062,#976,.T.);
#4803=EDGE_CURVE('4109',#3192,#3066,#980,.T.);
#4829=EDGE_CURVE('4009',#2980,#3070,#988,.T.);
#4831=EDGE_CURVE('4111',#3196,#3070,#992,.T.);
#4843=EDGE_CURVE('4011',#2979,#3074,#996,.T.);
#4845=EDGE_CURVE('4044',#3074,#3070,#1000,.T.);
#4856=EDGE_CURVE('4113',#3200,#3074,#1004,.T.);
#4881=EDGE_CURVE('4235',#3260,#3299,#1020,.T.);
#4883=EDGE_CURVE('4192',#3254,#3260,#1012,.T.);
#4885=EDGE_CURVE('4234',#3254,#3300,#1028,.T.);
#4896=EDGE_CURVE('4237',#3272,#3303,#1016,.T.);
#4898=EDGE_CURVE('4201',#3260,#3272,#1063,.T.);
#4910=EDGE_CURVE('4236',#3266,#3304,#1036,.T.);
#4912=EDGE_CURVE('4199',#3266,#3272,#1024,.T.);
#4925=EDGE_CURVE('4200',#3254,#3266,#1032,.T.);
#4936=EDGE_CURVE('4187',#3252,#3254,#1041,.T.);
#4938=EDGE_CURVE('4202',#3252,#3264,#1045,.T.);
#4940=EDGE_CURVE('4194',#3264,#3266,#1050,.T.);
#4953=EDGE_CURVE('4189',#3258,#3260,#1059,.T.);
#4955=EDGE_CURVE('4191',#3252,#3258,#1054,.T.);
#4967=EDGE_CURVE('4196',#3270,#3272,#1068,.T.);
#4969=EDGE_CURVE('4203',#3258,#3270,#1100,.T.);
#4980=EDGE_CURVE('4198',#3264,#3270,#1072,.T.);
#4992=EDGE_CURVE('4193',#3263,#3264,#1088,.T.);
#4994=EDGE_CURVE('4197',#3263,#3269,#1076,.T.);
#4996=EDGE_CURVE('4195',#3269,#3270,#1104,.T.);
#5007=EDGE_CURVE('4186',#3251,#3252,#1080,.T.);
#5009=EDGE_CURVE('4204',#3251,#3263,#1084,.T.);
#5023=EDGE_CURVE('4188',#3257,#3258,#1096,.T.);
#5025=EDGE_CURVE('4190',#3251,#3257,#1092,.T.);
#5038=EDGE_CURVE('4205',#3257,#3269,#1108,.T.);
#5061=EDGE_CURVE('4238',#3308,#3275,#1116,.T.);
#5063=EDGE_CURVE('4210',#3275,#3281,#1146,.T.);
#5065=EDGE_CURVE('4239',#3307,#3281,#1120,.T.);
#5076=EDGE_CURVE('4240',#3312,#3287,#1112,.T.);
#5078=EDGE_CURVE('4224',#3275,#3287,#1155,.T.);
#5090=EDGE_CURVE('4241',#3311,#3293,#1128,.T.);
#5092=EDGE_CURVE('4217',#3287,#3293,#1164,.T.);
#5105=EDGE_CURVE('4225',#3281,#3293,#1124,.T.);
#5116=EDGE_CURVE('4208',#3281,#3282,#1133,.T.);
#5118=EDGE_CURVE('4223',#3282,#3294,#1137,.T.);
#5120=EDGE_CURVE('4215',#3293,#3294,#1142,.T.);
#5131=EDGE_CURVE('4206',#3275,#3276,#1151,.T.);
#5133=EDGE_CURVE('4211',#3276,#3282,#1184,.T.);
#5147=EDGE_CURVE('4213',#3287,#3288,#1160,.T.);
#5149=EDGE_CURVE('4221',#3276,#3288,#1176,.T.);
#5162=EDGE_CURVE('4218',#3288,#3294,#1168,.T.);
#5172=EDGE_CURVE('4214',#3288,#3290,#1180,.T.);
#5175=EDGE_CURVE('4216',#3294,#3296,#1208,.T.);
#5177=EDGE_CURVE('4219',#3290,#3296,#1196,.T.);
#5187=EDGE_CURVE('4207',#3276,#3278,#1172,.T.);
#5191=EDGE_CURVE('4220',#3278,#3290,#1192,.T.);
#5202=EDGE_CURVE('4212',#3278,#3284,#1188,.T.);
#5204=EDGE_CURVE('4209',#3282,#3284,#1200,.T.);
#5218=EDGE_CURVE('4222',#3284,#3296,#1204,.T.);
#5241=EDGE_CURVE('4291',#3324,#3363,#1220,.T.);
#5243=EDGE_CURVE('4248',#3318,#3324,#1212,.T.);
#5245=EDGE_CURVE('4290',#3318,#3364,#1228,.T.);
#5256=EDGE_CURVE('4293',#3336,#3367,#1216,.T.);
#5258=EDGE_CURVE('4257',#3324,#3336,#1263,.T.);
#5270=EDGE_CURVE('4292',#3330,#3368,#1236,.T.);
#5272=EDGE_CURVE('4255',#3330,#3336,#1224,.T.);
#5285=EDGE_CURVE('4256',#3318,#3330,#1232,.T.);
#5296=EDGE_CURVE('4243',#3316,#3318,#1241,.T.);
#5298=EDGE_CURVE('4258',#3316,#3328,#1245,.T.);
#5300=EDGE_CURVE('4250',#3328,#3330,#1250,.T.);
#5313=EDGE_CURVE('4245',#3322,#3324,#1259,.T.);
#5315=EDGE_CURVE('4247',#3316,#3322,#1254,.T.);
#5327=EDGE_CURVE('4252',#3334,#3336,#1268,.T.);
#5329=EDGE_CURVE('4259',#3322,#3334,#1300,.T.);
#5340=EDGE_CURVE('4254',#3328,#3334,#1272,.T.);
#5352=EDGE_CURVE('4249',#3327,#3328,#1288,.T.);
#5354=EDGE_CURVE('4253',#3327,#3333,#1276,.T.);
#5356=EDGE_CURVE('4251',#3333,#3334,#1304,.T.);
#5367=EDGE_CURVE('4242',#3315,#3316,#1280,.T.);
#5369=EDGE_CURVE('4260',#3315,#3327,#1284,.T.);
#5383=EDGE_CURVE('4244',#3321,#3322,#1296,.T.);
#5385=EDGE_CURVE('4246',#3315,#3321,#1292,.T.);
#5398=EDGE_CURVE('4261',#3321,#3333,#1308,.T.);
#5421=EDGE_CURVE('4294',#3372,#3339,#1316,.T.);
#5423=EDGE_CURVE('4266',#3339,#3345,#1346,.T.);
#5425=EDGE_CURVE('4295',#3371,#3345,#1320,.T.);
#5436=EDGE_CURVE('4296',#3376,#3351,#1312,.T.);
#5438=EDGE_CURVE('4280',#3339,#3351,#1355,.T.);
#5450=EDGE_CURVE('4297',#3375,#3357,#1328,.T.);
#5452=EDGE_CURVE('4273',#3351,#3357,#1364,.T.);
#5465=EDGE_CURVE('4281',#3345,#3357,#1324,.T.);
#5476=EDGE_CURVE('4264',#3345,#3346,#1333,.T.);
#5478=EDGE_CURVE('4279',#3346,#3358,#1337,.T.);
#5480=EDGE_CURVE('4271',#3357,#3358,#1342,.T.);
#5491=EDGE_CURVE('4262',#3339,#3340,#1351,.T.);
#5493=EDGE_CURVE('4267',#3340,#3346,#1384,.T.);
#5507=EDGE_CURVE('4269',#3351,#3352,#1360,.T.);
#5509=EDGE_CURVE('4277',#3340,#3352,#1376,.T.);
#5522=EDGE_CURVE('4274',#3352,#3358,#1368,.T.);
#5532=EDGE_CURVE('4270',#3352,#3354,#1380,.T.);
#5535=EDGE_CURVE('4272',#3358,#3360,#1408,.T.);
#5537=EDGE_CURVE('4275',#3354,#3360,#1396,.T.);
#5547=EDGE_CURVE('4263',#3340,#3342,#1372,.T.);
#5551=EDGE_CURVE('4276',#3342,#3354,#1392,.T.);
#5562=EDGE_CURVE('4268',#3342,#3348,#1388,.T.);
#5564=EDGE_CURVE('4265',#3346,#3348,#1400,.T.);
#5578=EDGE_CURVE('4278',#3348,#3360,#1404,.T.);
#5601=EDGE_CURVE('4347',#3388,#3427,#1420,.T.);
#5603=EDGE_CURVE('4304',#3382,#3388,#1412,.T.);
#5605=EDGE_CURVE('4346',#3382,#3428,#1428,.T.);
#5616=EDGE_CURVE('4349',#3400,#3431,#1416,.T.);
#5618=EDGE_CURVE('4313',#3388,#3400,#1463,.T.);
#5630=EDGE_CURVE('4348',#3394,#3432,#1436,.T.);
#5632=EDGE_CURVE('4311',#3394,#3400,#1424,.T.);
#5645=EDGE_CURVE('4312',#3382,#3394,#1432,.T.);
#5656=EDGE_CURVE('4299',#3380,#3382,#1441,.T.);
#5658=EDGE_CURVE('4314',#3380,#3392,#1445,.T.);
#5660=EDGE_CURVE('4306',#3392,#3394,#1450,.T.);
#5673=EDGE_CURVE('4301',#3386,#3388,#1459,.T.);
#5675=EDGE_CURVE('4303',#3380,#3386,#1454,.T.);
#5687=EDGE_CURVE('4308',#3398,#3400,#1468,.T.);
#5689=EDGE_CURVE('4315',#3386,#3398,#1500,.T.);
#5700=EDGE_CURVE('4310',#3392,#3398,#1472,.T.);
#5712=EDGE_CURVE('4305',#3391,#3392,#1488,.T.);
#5714=EDGE_CURVE('4309',#3391,#3397,#1476,.T.);
#5716=EDGE_CURVE('4307',#3397,#3398,#1504,.T.);
#5727=EDGE_CURVE('4298',#3379,#3380,#1480,.T.);
#5729=EDGE_CURVE('4316',#3379,#3391,#1484,.T.);
#5743=EDGE_CURVE('4300',#3385,#3386,#1496,.T.);
#5745=EDGE_CURVE('4302',#3379,#3385,#1492,.T.);
#5758=EDGE_CURVE('4317',#3385,#3397,#1508,.T.);
#5781=EDGE_CURVE('4350',#3436,#3403,#1516,.T.);
#5783=EDGE_CURVE('4322',#3403,#3409,#1546,.T.);
#5785=EDGE_CURVE('4351',#3435,#3409,#1520,.T.);
#5796=EDGE_CURVE('4352',#3440,#3415,#1512,.T.);
#5798=EDGE_CURVE('4336',#3403,#3415,#1555,.T.);
#5810=EDGE_CURVE('4353',#3439,#3421,#1528,.T.);
#5812=EDGE_CURVE('4329',#3415,#3421,#1564,.T.);
#5825=EDGE_CURVE('4337',#3409,#3421,#1524,.T.);
#5836=EDGE_CURVE('4320',#3409,#3410,#1533,.T.);
#5838=EDGE_CURVE('4335',#3410,#3422,#1537,.T.);
#5840=EDGE_CURVE('4327',#3421,#3422,#1542,.T.);
#5851=EDGE_CURVE('4318',#3403,#3404,#1551,.T.);
#5853=EDGE_CURVE('4323',#3404,#3410,#1584,.T.);
#5867=EDGE_CURVE('4325',#3415,#3416,#1560,.T.);
#5869=EDGE_CURVE('4333',#3404,#3416,#1576,.T.);
#5882=EDGE_CURVE('4330',#3416,#3422,#1568,.T.);
#5892=EDGE_CURVE('4326',#3416,#3418,#1580,.T.);
#5895=EDGE_CURVE('4328',#3422,#3424,#1608,.T.);
#5897=EDGE_CURVE('4331',#3418,#3424,#1596,.T.);
#5907=EDGE_CURVE('4319',#3404,#3406,#1572,.T.);
#5911=EDGE_CURVE('4332',#3406,#3418,#1592,.T.);
#5922=EDGE_CURVE('4324',#3406,#3412,#1588,.T.);
#5924=EDGE_CURVE('4321',#3410,#3412,#1600,.T.);
#5938=EDGE_CURVE('4334',#3412,#3424,#1604,.T.);
#5961=EDGE_CURVE('4403',#3452,#3491,#1620,.T.);
#5963=EDGE_CURVE('4360',#3446,#3452,#1612,.T.);
#5965=EDGE_CURVE('4402',#3446,#3492,#1628,.T.);
#5976=EDGE_CURVE('4405',#3464,#3495,#1616,.T.);
#5978=EDGE_CURVE('4369',#3452,#3464,#1663,.T.);
#5990=EDGE_CURVE('4404',#3458,#3496,#1636,.T.);
#5992=EDGE_CURVE('4367',#3458,#3464,#1624,.T.);
#6005=EDGE_CURVE('4368',#3446,#3458,#1632,.T.);
#6016=EDGE_CURVE('4355',#3444,#3446,#1641,.T.);
#6018=EDGE_CURVE('4370',#3444,#3456,#1645,.T.);
#6020=EDGE_CURVE('4362',#3456,#3458,#1650,.T.);
#6033=EDGE_CURVE('4357',#3450,#3452,#1659,.T.);
#6035=EDGE_CURVE('4359',#3444,#3450,#1654,.T.);
#6047=EDGE_CURVE('4364',#3462,#3464,#1668,.T.);
#6049=EDGE_CURVE('4371',#3450,#3462,#1700,.T.);
#6060=EDGE_CURVE('4366',#3456,#3462,#1672,.T.);
#6072=EDGE_CURVE('4361',#3455,#3456,#1688,.T.);
#6074=EDGE_CURVE('4365',#3455,#3461,#1676,.T.);
#6076=EDGE_CURVE('4363',#3461,#3462,#1704,.T.);
#6087=EDGE_CURVE('4354',#3443,#3444,#1680,.T.);
#6089=EDGE_CURVE('4372',#3443,#3455,#1684,.T.);
#6103=EDGE_CURVE('4356',#3449,#3450,#1696,.T.);
#6105=EDGE_CURVE('4358',#3443,#3449,#1692,.T.);
#6118=EDGE_CURVE('4373',#3449,#3461,#1708,.T.);
#6141=EDGE_CURVE('4406',#3500,#3467,#1716,.T.);
#6143=EDGE_CURVE('4378',#3467,#3473,#1746,.T.);
#6145=EDGE_CURVE('4407',#3499,#3473,#1720,.T.);
#6156=EDGE_CURVE('4408',#3504,#3479,#1712,.T.);
#6158=EDGE_CURVE('4392',#3467,#3479,#1755,.T.);
#6170=EDGE_CURVE('4409',#3503,#3485,#1728,.T.);
#6172=EDGE_CURVE('4385',#3479,#3485,#1764,.T.);
#6185=EDGE_CURVE('4393',#3473,#3485,#1724,.T.);
#6196=EDGE_CURVE('4376',#3473,#3474,#1733,.T.);
#6198=EDGE_CURVE('4391',#3474,#3486,#1737,.T.);
#6200=EDGE_CURVE('4383',#3485,#3486,#1742,.T.);
#6211=EDGE_CURVE('4374',#3467,#3468,#1751,.T.);
#6213=EDGE_CURVE('4379',#3468,#3474,#1784,.T.);
#6227=EDGE_CURVE('4381',#3479,#3480,#1760,.T.);
#6229=EDGE_CURVE('4389',#3468,#3480,#1776,.T.);
#6242=EDGE_CURVE('4386',#3480,#3486,#1768,.T.);
#6252=EDGE_CURVE('4382',#3480,#3482,#1780,.T.);
#6255=EDGE_CURVE('4384',#3486,#3488,#1808,.T.);
#6257=EDGE_CURVE('4387',#3482,#3488,#1796,.T.);
#6267=EDGE_CURVE('4375',#3468,#3470,#1772,.T.);
#6271=EDGE_CURVE('4388',#3470,#3482,#1792,.T.);
#6282=EDGE_CURVE('4380',#3470,#3476,#1788,.T.);
#6284=EDGE_CURVE('4377',#3474,#3476,#1800,.T.);
#6298=EDGE_CURVE('4390',#3476,#3488,#1804,.T.);
#6321=EDGE_CURVE('4459',#3516,#3555,#1820,.T.);
#6323=EDGE_CURVE('4416',#3510,#3516,#1812,.T.);
#6325=EDGE_CURVE('4458',#3510,#3556,#1828,.T.);
#6336=EDGE_CURVE('4461',#3528,#3559,#1816,.T.);
#6338=EDGE_CURVE('4425',#3516,#3528,#1863,.T.);
#6350=EDGE_CURVE('4460',#3522,#3560,#1836,.T.);
#6352=EDGE_CURVE('4423',#3522,#3528,#1824,.T.);
#6365=EDGE_CURVE('4424',#3510,#3522,#1832,.T.);
#6376=EDGE_CURVE('4411',#3508,#3510,#1841,.T.);
#6378=EDGE_CURVE('4426',#3508,#3520,#1845,.T.);
#6380=EDGE_CURVE('4418',#3520,#3522,#1850,.T.);
#6393=EDGE_CURVE('4413',#3514,#3516,#1859,.T.);
#6395=EDGE_CURVE('4415',#3508,#3514,#1854,.T.);
#6407=EDGE_CURVE('4420',#3526,#3528,#1868,.T.);
#6409=EDGE_CURVE('4427',#3514,#3526,#1900,.T.);
#6420=EDGE_CURVE('4422',#3520,#3526,#1872,.T.);
#6432=EDGE_CURVE('4417',#3519,#3520,#1888,.T.);
#6434=EDGE_CURVE('4421',#3519,#3525,#1876,.T.);
#6436=EDGE_CURVE('4419',#3525,#3526,#1904,.T.);
#6447=EDGE_CURVE('4410',#3507,#3508,#1880,.T.);
#6449=EDGE_CURVE('4428',#3507,#3519,#1884,.T.);
#6463=EDGE_CURVE('4412',#3513,#3514,#1896,.T.);
#6465=EDGE_CURVE('4414',#3507,#3513,#1892,.T.);
#6478=EDGE_CURVE('4429',#3513,#3525,#1908,.T.);
#6501=EDGE_CURVE('4462',#3564,#3531,#1916,.T.);
#6503=EDGE_CURVE('4434',#3531,#3537,#1946,.T.);
#6505=EDGE_CURVE('4463',#3563,#3537,#1920,.T.);
#6516=EDGE_CURVE('4464',#3568,#3543,#1912,.T.);
#6518=EDGE_CURVE('4448',#3531,#3543,#1955,.T.);
#6530=EDGE_CURVE('4465',#3567,#3549,#1928,.T.);
#6532=EDGE_CURVE('4441',#3543,#3549,#1964,.T.);
#6545=EDGE_CURVE('4449',#3537,#3549,#1924,.T.);
#6556=EDGE_CURVE('4432',#3537,#3538,#1933,.T.);
#6558=EDGE_CURVE('4447',#3538,#3550,#1937,.T.);
#6560=EDGE_CURVE('4439',#3549,#3550,#1942,.T.);
#6571=EDGE_CURVE('4430',#3531,#3532,#1951,.T.);
#6573=EDGE_CURVE('4435',#3532,#3538,#1984,.T.);
#6587=EDGE_CURVE('4437',#3543,#3544,#1960,.T.);
#6589=EDGE_CURVE('4445',#3532,#3544,#1976,.T.);
#6602=EDGE_CURVE('4442',#3544,#3550,#1968,.T.);
#6612=EDGE_CURVE('4438',#3544,#3546,#1980,.T.);
#6615=EDGE_CURVE('4440',#3550,#3552,#2008,.T.);
#6617=EDGE_CURVE('4443',#3546,#3552,#1996,.T.);
#6627=EDGE_CURVE('4431',#3532,#3534,#1972,.T.);
#6631=EDGE_CURVE('4444',#3534,#3546,#1992,.T.);
#6642=EDGE_CURVE('4436',#3534,#3540,#1988,.T.);
#6644=EDGE_CURVE('4433',#3538,#3540,#2000,.T.);
#6658=EDGE_CURVE('4446',#3540,#3552,#2004,.T.);
#6681=EDGE_CURVE('4515',#3580,#3619,#2020,.T.);
#6683=EDGE_CURVE('4472',#3574,#3580,#2012,.T.);
#6685=EDGE_CURVE('4514',#3574,#3620,#2028,.T.);
#6696=EDGE_CURVE('4517',#3592,#3623,#2016,.T.);
#6698=EDGE_CURVE('4481',#3580,#3592,#2063,.T.);
#6710=EDGE_CURVE('4516',#3586,#3624,#2036,.T.);
#6712=EDGE_CURVE('4479',#3586,#3592,#2024,.T.);
#6725=EDGE_CURVE('4480',#3574,#3586,#2032,.T.);
#6736=EDGE_CURVE('4467',#3572,#3574,#2041,.T.);
#6738=EDGE_CURVE('4482',#3572,#3584,#2045,.T.);
#6740=EDGE_CURVE('4474',#3584,#3586,#2050,.T.);
#6753=EDGE_CURVE('4469',#3578,#3580,#2059,.T.);
#6755=EDGE_CURVE('4471',#3572,#3578,#2054,.T.);
#6767=EDGE_CURVE('4476',#3590,#3592,#2068,.T.);
#6769=EDGE_CURVE('4483',#3578,#3590,#2100,.T.);
#6780=EDGE_CURVE('4478',#3584,#3590,#2072,.T.);
#6792=EDGE_CURVE('4473',#3583,#3584,#2088,.T.);
#6794=EDGE_CURVE('4477',#3583,#3589,#2076,.T.);
#6796=EDGE_CURVE('4475',#3589,#3590,#2104,.T.);
#6807=EDGE_CURVE('4466',#3571,#3572,#2080,.T.);
#6809=EDGE_CURVE('4484',#3571,#3583,#2084,.T.);
#6823=EDGE_CURVE('4468',#3577,#3578,#2096,.T.);
#6825=EDGE_CURVE('4470',#3571,#3577,#2092,.T.);
#6838=EDGE_CURVE('4485',#3577,#3589,#2108,.T.);
#6861=EDGE_CURVE('4518',#3628,#3595,#2116,.T.);
#6863=EDGE_CURVE('4490',#3595,#3601,#2146,.T.);
#6865=EDGE_CURVE('4519',#3627,#3601,#2120,.T.);
#6876=EDGE_CURVE('4520',#3632,#3607,#2112,.T.);
#6878=EDGE_CURVE('4504',#3595,#3607,#2155,.T.);
#6890=EDGE_CURVE('4521',#3631,#3613,#2128,.T.);
#6892=EDGE_CURVE('4497',#3607,#3613,#2164,.T.);
#6905=EDGE_CURVE('4505',#3601,#3613,#2124,.T.);
#6916=EDGE_CURVE('4488',#3601,#3602,#2133,.T.);
#6918=EDGE_CURVE('4503',#3602,#3614,#2137,.T.);
#6920=EDGE_CURVE('4495',#3613,#3614,#2142,.T.);
#6931=EDGE_CURVE('4486',#3595,#3596,#2151,.T.);
#6933=EDGE_CURVE('4491',#3596,#3602,#2184,.T.);
#6947=EDGE_CURVE('4493',#3607,#3608,#2160,.T.);
#6949=EDGE_CURVE('4501',#3596,#3608,#2176,.T.);
#6962=EDGE_CURVE('4498',#3608,#3614,#2168,.T.);
#6972=EDGE_CURVE('4494',#3608,#3610,#2180,.T.);
#6975=EDGE_CURVE('4496',#3614,#3616,#2208,.T.);
#6977=EDGE_CURVE('4499',#3610,#3616,#2196,.T.);
#6987=EDGE_CURVE('4487',#3596,#3598,#2172,.T.);
#6991=EDGE_CURVE('4500',#3598,#3610,#2192,.T.);
#7002=EDGE_CURVE('4492',#3598,#3604,#2188,.T.);
#7004=EDGE_CURVE('4489',#3602,#3604,#2200,.T.);
#7018=EDGE_CURVE('4502',#3604,#3616,#2204,.T.);
#7041=EDGE_CURVE('4571',#3644,#3683,#2220,.T.);
#7043=EDGE_CURVE('4528',#3638,#3644,#2212,.T.);
#7045=EDGE_CURVE('4570',#3638,#3684,#2228,.T.);
#7056=EDGE_CURVE('4573',#3656,#3687,#2216,.T.);
#7058=EDGE_CURVE('4537',#3644,#3656,#2263,.T.);
#7070=EDGE_CURVE('4572',#3650,#3688,#2236,.T.);
#7072=EDGE_CURVE('4535',#3650,#3656,#2224,.T.);
#7085=EDGE_CURVE('4536',#3638,#3650,#2232,.T.);
#7096=EDGE_CURVE('4523',#3636,#3638,#2241,.T.);
#7098=EDGE_CURVE('4538',#3636,#3648,#2245,.T.);
#7100=EDGE_CURVE('4530',#3648,#3650,#2250,.T.);
#7113=EDGE_CURVE('4525',#3642,#3644,#2259,.T.);
#7115=EDGE_CURVE('4527',#3636,#3642,#2254,.T.);
#7127=EDGE_CURVE('4532',#3654,#3656,#2268,.T.);
#7129=EDGE_CURVE('4539',#3642,#3654,#2300,.T.);
#7140=EDGE_CURVE('4534',#3648,#3654,#2272,.T.);
#7152=EDGE_CURVE('4529',#3647,#3648,#2288,.T.);
#7154=EDGE_CURVE('4533',#3647,#3653,#2276,.T.);
#7156=EDGE_CURVE('4531',#3653,#3654,#2304,.T.);
#7167=EDGE_CURVE('4522',#3635,#3636,#2280,.T.);
#7169=EDGE_CURVE('4540',#3635,#3647,#2284,.T.);
#7183=EDGE_CURVE('4524',#3641,#3642,#2296,.T.);
#7185=EDGE_CURVE('4526',#3635,#3641,#2292,.T.);
#7198=EDGE_CURVE('4541',#3641,#3653,#2308,.T.);
#7221=EDGE_CURVE('4574',#3692,#3659,#2316,.T.);
#7223=EDGE_CURVE('4546',#3659,#3665,#2346,.T.);
#7225=EDGE_CURVE('4575',#3691,#3665,#2320,.T.);
#7236=EDGE_CURVE('4576',#3696,#3671,#2312,.T.);
#7238=EDGE_CURVE('4560',#3659,#3671,#2355,.T.);
#7250=EDGE_CURVE('4577',#3695,#3677,#2328,.T.);
#7252=EDGE_CURVE('4553',#3671,#3677,#2364,.T.);
#7265=EDGE_CURVE('4561',#3665,#3677,#2324,.T.);
#7276=EDGE_CURVE('4544',#3665,#3666,#2333,.T.);
#7278=EDGE_CURVE('4559',#3666,#3678,#2337,.T.);
#7280=EDGE_CURVE('4551',#3677,#3678,#2342,.T.);
#7291=EDGE_CURVE('4542',#3659,#3660,#2351,.T.);
#7293=EDGE_CURVE('4547',#3660,#3666,#2384,.T.);
#7307=EDGE_CURVE('4549',#3671,#3672,#2360,.T.);
#7309=EDGE_CURVE('4557',#3660,#3672,#2376,.T.);
#7322=EDGE_CURVE('4554',#3672,#3678,#2368,.T.);
#7332=EDGE_CURVE('4550',#3672,#3674,#2380,.T.);
#7335=EDGE_CURVE('4552',#3678,#3680,#2408,.T.);
#7337=EDGE_CURVE('4555',#3674,#3680,#2396,.T.);
#7347=EDGE_CURVE('4543',#3660,#3662,#2372,.T.);
#7351=EDGE_CURVE('4556',#3662,#3674,#2392,.T.);
#7362=EDGE_CURVE('4548',#3662,#3668,#2388,.T.);
#7364=EDGE_CURVE('4545',#3666,#3668,#2400,.T.);
#7378=EDGE_CURVE('4558',#3668,#3680,#2404,.T.);
#7401=EDGE_CURVE('3890',#2867,#2876,#2420,.T.);
#7403=EDGE_CURVE('3884',#2872,#2867,#2412,.T.);
#7405=EDGE_CURVE('3893',#2875,#2872,#2424,.T.);
#7416=EDGE_CURVE('3891',#2879,#2868,#2416,.T.);
#7418=EDGE_CURVE('3882',#2867,#2868,#2460,.T.);
#7430=EDGE_CURVE('3892',#2871,#2880,#2428,.T.);
#7432=EDGE_CURVE('3885',#2871,#2868,#2472,.T.);
#7445=EDGE_CURVE('3883',#2871,#2872,#2440,.T.);
#7456=EDGE_CURVE('4066',#3147,#3148,#2432,.T.);
#7458=EDGE_CURVE('4087',#2871,#3148,#2436,.T.);
#7461=EDGE_CURVE('4086',#3147,#2872,#2444,.T.);
#7472=EDGE_CURVE('4068',#3147,#3151,#2448,.T.);
#7474=EDGE_CURVE('4067',#3151,#3152,#2452,.T.);
#7476=EDGE_CURVE('4069',#3148,#3152,#2468,.T.);
#7489=EDGE_CURVE('4088',#3151,#2867,#2456,.T.);
#7502=EDGE_CURVE('4089',#2868,#3152,#2464,.T.);
#7525=EDGE_CURVE('3902',#2883,#2892,#2484,.T.);
#7527=EDGE_CURVE('3896',#2888,#2883,#2476,.T.);
#7529=EDGE_CURVE('3905',#2891,#2888,#2488,.T.);
#7540=EDGE_CURVE('3903',#2895,#2884,#2480,.T.);
#7542=EDGE_CURVE('3894',#2883,#2884,#2524,.T.);
#7554=EDGE_CURVE('3904',#2887,#2896,#2492,.T.);
#7556=EDGE_CURVE('3897',#2887,#2884,#2536,.T.);
#7569=EDGE_CURVE('3895',#2887,#2888,#2504,.T.);
#7580=EDGE_CURVE('4070',#3155,#3156,#2496,.T.);
#7582=EDGE_CURVE('4091',#2887,#3156,#2500,.T.);
#7585=EDGE_CURVE('4090',#3155,#2888,#2508,.T.);
#7596=EDGE_CURVE('4072',#3155,#3159,#2512,.T.);
#7598=EDGE_CURVE('4071',#3159,#3160,#2516,.T.);
#7600=EDGE_CURVE('4073',#3156,#3160,#2532,.T.);
#7613=EDGE_CURVE('4092',#3159,#2883,#2520,.T.);
#7626=EDGE_CURVE('4093',#2884,#3160,#2528,.T.);
#7649=EDGE_CURVE('3914',#2899,#2908,#2548,.T.);
#7651=EDGE_CURVE('3908',#2904,#2899,#2540,.T.);
#7653=EDGE_CURVE('3917',#2907,#2904,#2552,.T.);
#7664=EDGE_CURVE('3915',#2911,#2900,#2544,.T.);
#7666=EDGE_CURVE('3906',#2899,#2900,#2588,.T.);
#7678=EDGE_CURVE('3916',#2903,#2912,#2556,.T.);
#7680=EDGE_CURVE('3909',#2903,#2900,#2600,.T.);
#7693=EDGE_CURVE('3907',#2903,#2904,#2568,.T.);
#7704=EDGE_CURVE('4074',#3163,#3164,#2560,.T.);
#7706=EDGE_CURVE('4095',#2903,#3164,#2564,.T.);
#7709=EDGE_CURVE('4094',#3163,#2904,#2572,.T.);
#7720=EDGE_CURVE('4076',#3163,#3167,#2576,.T.);
#7722=EDGE_CURVE('4075',#3167,#3168,#2580,.T.);
#7724=EDGE_CURVE('4077',#3164,#3168,#2596,.T.);
#7737=EDGE_CURVE('4096',#3167,#2899,#2584,.T.);
#7750=EDGE_CURVE('4097',#2900,#3168,#2592,.T.);
#7773=EDGE_CURVE('3926',#2915,#2924,#2612,.T.);
#7775=EDGE_CURVE('3920',#2920,#2915,#2604,.T.);
#7777=EDGE_CURVE('3929',#2923,#2920,#2616,.T.);
#7788=EDGE_CURVE('3927',#2927,#2916,#2608,.T.);
#7790=EDGE_CURVE('3918',#2915,#2916,#2652,.T.);
#7802=EDGE_CURVE('3928',#2919,#2928,#2620,.T.);
#7804=EDGE_CURVE('3921',#2919,#2916,#2664,.T.);
#7817=EDGE_CURVE('3919',#2919,#2920,#2632,.T.);
#7828=EDGE_CURVE('4078',#3171,#3172,#2624,.T.);
#7830=EDGE_CURVE('4099',#2919,#3172,#2628,.T.);
#7833=EDGE_CURVE('4098',#3171,#2920,#2636,.T.);
#7844=EDGE_CURVE('4080',#3171,#3175,#2640,.T.);
#7846=EDGE_CURVE('4079',#3175,#3176,#2644,.T.);
#7848=EDGE_CURVE('4081',#3172,#3176,#2660,.T.);
#7861=EDGE_CURVE('4100',#3175,#2915,#2648,.T.);
#7874=EDGE_CURVE('4101',#2916,#3176,#2656,.T.);
#7897=EDGE_CURVE('3967',#3023,#3032,#2676,.T.);
#7899=EDGE_CURVE('3961',#3028,#3023,#2668,.T.);
#7901=EDGE_CURVE('3970',#3031,#3028,#2680,.T.);
#7912=EDGE_CURVE('3968',#3035,#3024,#2672,.T.);
#7914=EDGE_CURVE('3959',#3023,#3024,#2716,.T.);
#7926=EDGE_CURVE('3969',#3027,#3036,#2684,.T.);
#7928=EDGE_CURVE('3962',#3027,#3024,#2728,.T.);
#7941=EDGE_CURVE('3960',#3027,#3028,#2696,.T.);
#7952=EDGE_CURVE('4145',#3227,#3228,#2688,.T.);
#7954=EDGE_CURVE('4150',#3027,#3228,#2692,.T.);
#7957=EDGE_CURVE('4149',#3227,#3028,#2700,.T.);
#7968=EDGE_CURVE('4147',#3227,#3231,#2704,.T.);
#7970=EDGE_CURVE('4146',#3231,#3232,#2708,.T.);
#7972=EDGE_CURVE('4148',#3228,#3232,#2724,.T.);
#7985=EDGE_CURVE('4151',#3231,#3023,#2712,.T.);
#7998=EDGE_CURVE('4152',#3024,#3232,#2720,.T.);
#8021=EDGE_CURVE('3980',#3043,#3052,#2740,.T.);
#8023=EDGE_CURVE('3974',#3048,#3043,#2732,.T.);
#8025=EDGE_CURVE('3983',#3051,#3048,#2744,.T.);
#8036=EDGE_CURVE('3981',#3055,#3044,#2736,.T.);
#8038=EDGE_CURVE('3972',#3043,#3044,#2780,.T.);
#8050=EDGE_CURVE('3982',#3047,#3056,#2748,.T.);
#8052=EDGE_CURVE('3975',#3047,#3044,#2792,.T.);
#8065=EDGE_CURVE('3973',#3047,#3048,#2760,.T.);
#8076=EDGE_CURVE('4167',#3243,#3244,#2752,.T.);
#8078=EDGE_CURVE('4172',#3047,#3244,#2756,.T.);
#8081=EDGE_CURVE('4171',#3243,#3048,#2764,.T.);
#8092=EDGE_CURVE('4169',#3243,#3247,#2768,.T.);
#8094=EDGE_CURVE('4168',#3247,#3248,#2772,.T.);
#8096=EDGE_CURVE('4170',#3244,#3248,#2788,.T.);
#8109=EDGE_CURVE('4173',#3247,#3043,#2776,.T.);
#8122=EDGE_CURVE('4174',#3044,#3248,#2784,.T.);
#8144=EDGE_CURVE('3934',#2931,#2938,#2800,.T.);
#8147=EDGE_CURVE('3937',#2944,#2936,#2848,.T.);
#8149=EDGE_CURVE('3932',#2936,#2931,#2796,.T.);
#8160=EDGE_CURVE('3930',#2931,#2932,#2816,.T.);
#8162=EDGE_CURVE('3935',#2940,#2932,#2804,.T.);
#8173=EDGE_CURVE('4083',#3183,#3184,#2808,.T.);
#8175=EDGE_CURVE('4105',#2932,#3184,#2812,.T.);
#8178=EDGE_CURVE('4104',#3183,#2931,#2820,.T.);
#8188=EDGE_CURVE('4082',#3179,#3180,#2824,.T.);
#8190=EDGE_CURVE('4085',#3180,#3184,#2852,.T.);
#8193=EDGE_CURVE('4084',#3179,#3183,#2840,.T.);
#8204=EDGE_CURVE('4102',#3179,#2936,#2828,.T.);
#8206=EDGE_CURVE('3931',#2935,#2936,#2832,.T.);
#8208=EDGE_CURVE('4103',#2935,#3180,#2836,.T.);
#8230=EDGE_CURVE('3936',#2935,#2942,#2844,.T.);
#8244=EDGE_CURVE('3933',#2935,#2932,#2856,.T.);
#8273=ADVANCED_BREP_SHAPE_REPRESENTATION('',(#8264),#8272);
#8280=PRODUCT_DEFINITION('design','',#8279,#8276);
#8281=PRODUCT_DEFINITION_SHAPE('','SHAPE FOR 91601-Y07_SW0001.',#8280);
#8282=SHAPE_DEFINITION_REPRESENTATION(#8281,#8273);
ENDSEC;
END-ISO-10303-21;

