ISO-10303-21;
HEADER;
FILE_DESCRIPTION (( 'STEP AP214' ),
    '1' );
FILE_NAME ('NHL14.STEP',
    '2023-12-25T13:42:41',
    ( '' ),
    ( '' ),
    'SwSTEP 2.0',
    'SolidWorks 2021',
    '' );
FILE_SCHEMA (( 'AUTOMOTIVE_DESIGN' ));
ENDSEC;

DATA;
#1 = AXIS2_PLACEMENT_3D ( 'NONE', #4173, #4599, #1657 ) ;
#2 = LINE ( 'NONE', #359, #4000 ) ;
#3 = DIRECTION ( 'NONE',  ( 1.000000000000000000, 0.000000000000000000, 3.491481338843133355E-15 ) ) ;
#4 = FACE_OUTER_BOUND ( 'NONE', #320, .T. ) ;
#5 = ORIENTED_EDGE ( 'NONE', *, *, #334, .T. ) ;
#6 = ORIENTED_EDGE ( 'NONE', *, *, #694, .F. ) ;
#7 = EDGE_CURVE ( 'NONE', #450, #631, #624, .T. ) ;
#8 = VECTOR ( 'NONE', #3731, 1000.000000000000000 ) ;
#9 = ORIENTED_EDGE ( 'NONE', *, *, #3226, .T. ) ;
#10 = EDGE_CURVE ( 'NONE', #3147, #3766, #1726, .T. ) ;
#11 = DIRECTION ( 'NONE',  ( 3.491481338843133355E-15, 0.000000000000000000, -1.000000000000000000 ) ) ;
#12 = EDGE_LOOP ( 'NONE', ( #1680, #2519, #2556, #3485 ) ) ;
#13 = DIRECTION ( 'NONE',  ( 3.383061121594582912E-15, 0.000000000000000000, -1.000000000000000000 ) ) ;
#14 = FACE_OUTER_BOUND ( 'NONE', #2522, .T. ) ;
#15 = PLANE ( 'NONE',  #2724 ) ;
#16 = VECTOR ( 'NONE', #4511, 1000.000000000000000 ) ;
#17 = EDGE_CURVE ( 'NONE', #3657, #4590, #3242, .T. ) ;
#18 = AXIS2_PLACEMENT_3D ( 'NONE', #1561, #3812, #718 ) ;
#19 = CARTESIAN_POINT ( 'NONE',  ( -1.599999999999998312, 0.000000000000000000, -0.3750000000000037748 ) ) ;
#20 = VECTOR ( 'NONE', #3838, 1000.000000000000000 ) ;
#21 = DIRECTION ( 'NONE',  ( -0.000000000000000000, -1.000000000000000000, 0.000000000000000000 ) ) ;
#22 = PLANE ( 'NONE',  #3515 ) ;
#23 = CARTESIAN_POINT ( 'NONE',  ( -3.491481338843133355E-15, 0.1000000000000000056, 1.000000000000000000 ) ) ;
#24 = EDGE_CURVE ( 'NONE', #1271, #646, #2183, .T. ) ;
#25 = ADVANCED_FACE ( 'NONE', ( #2555 ), #576, .T. ) ;
#26 = PLANE ( 'NONE',  #717 ) ;
#27 = VECTOR ( 'NONE', #3319, 1000.000000000000000 ) ;
#28 = COLOUR_RGB ( '',1.000000000000000000, 1.000000000000000000, 1.000000000000000000 ) ;
#29 = FACE_OUTER_BOUND ( 'NONE', #3750, .T. ) ;
#30 = LINE ( 'NONE', #1879, #891 ) ;
#31 = CIRCLE ( 'NONE', #2351, 0.1518327525017735269 ) ;
#32 = DIRECTION ( 'NONE',  ( 3.491481338843133355E-15, 0.000000000000000000, -1.000000000000000000 ) ) ;
#33 = DIRECTION ( 'NONE',  ( -3.491481338843133355E-15, 0.000000000000000000, 1.000000000000000000 ) ) ;
#34 = EDGE_LOOP ( 'NONE', ( #4266, #3608, #3250, #1307 ) ) ;
#35 = EDGE_LOOP ( 'NONE', ( #235, #3635 ) ) ;
#36 = PRODUCT ( 'NHL14', 'NHL14', '', ( #2649 ) ) ;
#37 = ORIENTED_EDGE ( 'NONE', *, *, #129, .T. ) ;
#38 = AXIS2_PLACEMENT_3D ( 'NONE', #1161, #2305, #424 ) ;
#39 = CARTESIAN_POINT ( 'NONE',  ( -1.562969075405719499, 0.6999999999999999556, -1.700970243169392049 ) ) ;
#40 = ORIENTED_EDGE ( 'NONE', *, *, #739, .F. ) ;
#41 = ORIENTED_EDGE ( 'NONE', *, *, #1327, .F. ) ;
#42 = LINE ( 'NONE', #2713, #4436 ) ;
#43 = CARTESIAN_POINT ( 'NONE',  ( 1.999999999999993561, 0.000000000000000000, 1.625000000000007994 ) ) ;
#44 = DIRECTION ( 'NONE',  ( 3.491481338843133355E-15, 0.000000000000000000, -1.000000000000000000 ) ) ;
#45 = CARTESIAN_POINT ( 'NONE',  ( -1.600000000000000977, 0.000000000000000000, 0.3749999999999951705 ) ) ;
#46 = CARTESIAN_POINT ( 'NONE',  ( 1.999999999999996225, 0.09999999999999999167, 0.8750000000000073275 ) ) ;
#47 = CARTESIAN_POINT ( 'NONE',  ( -2.000000000000004885, 0.000000000000000000, 1.624999999999994449 ) ) ;
#48 = DIRECTION ( 'NONE',  ( 1.000000000000000000, 0.000000000000000000, 3.491481338843133355E-15 ) ) ;
#49 = CARTESIAN_POINT ( 'NONE',  ( 1.599999999999998757, 0.000000000000000000, 0.1250000000000069944 ) ) ;
#50 = CARTESIAN_POINT ( 'NONE',  ( 1.999999999999995337, 0.000000000000000000, 1.125000000000007994 ) ) ;
#51 = FACE_OUTER_BOUND ( 'NONE', #192, .T. ) ;
#52 = EDGE_LOOP ( 'NONE', ( #919, #715, #4338, #4059 ) ) ;
#53 = ORIENTED_EDGE ( 'NONE', *, *, #4055, .T. ) ;
#54 = ORIENTED_EDGE ( 'NONE', *, *, #667, .F. ) ;
#55 = ADVANCED_FACE ( 'NONE', ( #1042 ), #2207, .F. ) ;
#56 = ORIENTED_EDGE ( 'NONE', *, *, #3406, .T. ) ;
#57 = FACE_OUTER_BOUND ( 'NONE', #2541, .T. ) ;
#58 = VERTEX_POINT ( 'NONE', #3267 ) ;
#59 = ORIENTED_EDGE ( 'NONE', *, *, #2987, .T. ) ;
#60 = LINE ( 'NONE', #3907, #3655 ) ;
#61 = DIRECTION ( 'NONE',  ( 1.000000000000000000, 0.000000000000000000, 2.407279166357628921E-15 ) ) ;
#62 = ADVANCED_BREP_SHAPE_REPRESENTATION ( 'NHL14', ( #3060, #3077, #3082, #3068, #1528, #1411, #1535, #1432, #1324, #4798, #4699, #4690, #1439, #1406, #4586, #4677, #4710, #744 ), #2746 ) ;
#63 = LINE ( 'NONE', #4646, #2938 ) ;
#64 = FACE_OUTER_BOUND ( 'NONE', #2757, .T. ) ;
#65 = ADVANCED_FACE ( 'NONE', ( #3699 ), #229, .F. ) ;
#66 = LINE ( 'NONE', #2748, #1214 ) ;
#67 = LINE ( 'NONE', #491, #1129 ) ;
#68 =( NAMED_UNIT ( * ) SI_UNIT ( $, .STERADIAN. ) SOLID_ANGLE_UNIT ( ) );
#69 = DIRECTION ( 'NONE',  ( 4.575683511328639367E-15, 0.000000000000000000, -1.000000000000000000 ) ) ;
#70 = DIRECTION ( 'NONE',  ( 3.491481338843133355E-15, 0.000000000000000000, -1.000000000000000000 ) ) ;
#71 = VECTOR ( 'NONE', #872, 1000.000000000000000 ) ;
#72 = LINE ( 'NONE', #4256, #2281 ) ;
#73 = VECTOR ( 'NONE', #3976, 1000.000000000000000 ) ;
#74 = DIRECTION ( 'NONE',  ( -1.000000000000000000, 0.000000000000000000, -3.491481338843133750E-15 ) ) ;
#75 = EDGE_LOOP ( 'NONE', ( #2855, #1392, #3128, #3416 ) ) ;
#76 = ORIENTED_EDGE ( 'NONE', *, *, #1608, .F. ) ;
#77 = VECTOR ( 'NONE', #464, 1000.000000000000000 ) ;
#78 = VERTEX_POINT ( 'NONE', #4365 ) ;
#79 = DIRECTION ( 'NONE',  ( 1.000000000000000000, 0.000000000000000000, 2.407279166357628921E-15 ) ) ;
#80 = VECTOR ( 'NONE', #84, 1000.000000000000000 ) ;
#81 = VERTEX_POINT ( 'NONE', #2906 ) ;
#82 = ORIENTED_EDGE ( 'NONE', *, *, #3036, .F. ) ;
#83 = EDGE_CURVE ( 'NONE', #4546, #3470, #2943, .T. ) ;
#84 = DIRECTION ( 'NONE',  ( 0.000000000000000000, -1.000000000000000000, 0.000000000000000000 ) ) ;
#85 =( GEOMETRIC_REPRESENTATION_CONTEXT ( 3 ) GLOBAL_UNCERTAINTY_ASSIGNED_CONTEXT ( ( #4019 ) ) GLOBAL_UNIT_ASSIGNED_CONTEXT ( ( #4875, #3064, #4577 ) ) REPRESENTATION_CONTEXT ( 'NONE', 'WORKASPACE' ) );
#86 = EDGE_CURVE ( 'NONE', #3766, #793, #2536, .T. ) ;
#87 = CARTESIAN_POINT ( 'NONE',  ( -1.999999999999994449, 0.1000000000000000056, -1.375000000000005551 ) ) ;
#88 = VECTOR ( 'NONE', #906, 1000.000000000000000 ) ;
#89 = DIRECTION ( 'NONE',  ( 3.636041628507867543E-15, 0.000000000000000000, -1.000000000000000000 ) ) ;
#90 = VECTOR ( 'NONE', #554, 1000.000000000000000 ) ;
#91 = CARTESIAN_POINT ( 'NONE',  ( 1.599999999999998757, 0.000000000000000000, 0.1250000000000069944 ) ) ;
#92 = VECTOR ( 'NONE', #2219, 1000.000000000000000 ) ;
#93 = CARTESIAN_POINT ( 'NONE',  ( -1.600000000000004308, 0.000000000000000000, 1.374999999999995115 ) ) ;
#94 = CARTESIAN_POINT ( 'NONE',  ( -1.600000000000003642, 0.09999999999999999167, 1.124999999999996225 ) ) ;
#95 = EDGE_CURVE ( 'NONE', #3616, #3448, #4333, .T. ) ;
#96 = VECTOR ( 'NONE', #400, 1000.000000000000000 ) ;
#97 = EDGE_CURVE ( 'NONE', #4013, #3663, #2157, .T. ) ;
#98 = DIRECTION ( 'NONE',  ( 0.000000000000000000, 1.000000000000000000, 0.000000000000000000 ) ) ;
#99 = PLANE ( 'NONE',  #3739 ) ;
#100 = AXIS2_PLACEMENT_3D ( 'NONE', #23, #3860, #3062 ) ;
#101 = ORIENTED_EDGE ( 'NONE', *, *, #3133, .T. ) ;
#102 = CARTESIAN_POINT ( 'NONE',  ( -1.600000000000001865, 0.5716990566028307130, 0.6249999999999962252 ) ) ;
#103 = ORIENTED_EDGE ( 'NONE', *, *, #1579, .T. ) ;
#104 = ORIENTED_EDGE ( 'NONE', *, *, #83, .F. ) ;
#105 = VECTOR ( 'NONE', #1306, 1000.000000000000000 ) ;
#106 = EDGE_CURVE ( 'NONE', #4506, #78, #2924, .T. ) ;
#107 =( NAMED_UNIT ( * ) PLANE_ANGLE_UNIT ( ) SI_UNIT ( $, .RADIAN. ) );
#108 = ORIENTED_EDGE ( 'NONE', *, *, #170, .F. ) ;
#109 = CARTESIAN_POINT ( 'NONE',  ( 1.599999999999995204, 0.000000000000000000, 1.125000000000007105 ) ) ;
#110 = ORIENTED_EDGE ( 'NONE', *, *, #662, .T. ) ;
#111 = ORIENTED_EDGE ( 'NONE', *, *, #3026, .F. ) ;
#112 = DIRECTION ( 'NONE',  ( 1.000000000000000000, 0.000000000000000000, 3.491481338843133355E-15 ) ) ;
#113 = EDGE_CURVE ( 'NONE', #1827, #3560, #2485, .T. ) ;
#114 = VECTOR ( 'NONE', #1667, 1000.000000000000000 ) ;
#115 = EDGE_CURVE ( 'NONE', #1834, #1540, #1803, .T. ) ;
#116 = FACE_OUTER_BOUND ( 'NONE', #4119, .T. ) ;
#117 = CARTESIAN_POINT ( 'NONE',  ( -1.299999999999995159, 0.1000000000000002554, -1.200000000000003952 ) ) ;
#118 = ADVANCED_FACE ( 'NONE', ( #1013 ), #4840, .T. ) ;
#119 = LINE ( 'NONE', #3179, #3597 ) ;
#120 = CARTESIAN_POINT ( 'NONE',  ( 1.999999999999998668, 0.000000000000000000, 0.1250000000000079659 ) ) ;
#121 = CARTESIAN_POINT ( 'NONE',  ( -1.600000000000004308, 0.09999999999999999167, 1.374999999999995115 ) ) ;
#122 = CARTESIAN_POINT ( 'NONE',  ( 1.599999999999993650, 0.5716990566028307130, 1.625000000000007105 ) ) ;
#123 = LINE ( 'NONE', #4652, #3113 ) ;
#124 = FACE_OUTER_BOUND ( 'NONE', #4414, .T. ) ;
#125 = CARTESIAN_POINT ( 'NONE',  ( 1.599999999999994538, 0.1000000000000000056, 1.375000000000005995 ) ) ;
#126 = ORIENTED_EDGE ( 'NONE', *, *, #537, .T. ) ;
#127 = EDGE_LOOP ( 'NONE', ( #945, #1405, #3541, #1082 ) ) ;
#128 = VERTEX_POINT ( 'NONE', #4114 ) ;
#129 = EDGE_CURVE ( 'NONE', #3092, #236, #722, .T. ) ;
#130 = CARTESIAN_POINT ( 'NONE',  ( -2.000000000000001332, 0.09999999999999999167, 0.6249999999999944489 ) ) ;
#131 = ORIENTED_EDGE ( 'NONE', *, *, #3251, .T. ) ;
#132 = DIRECTION ( 'NONE',  ( -0.000000000000000000, 1.000000000000000000, -0.000000000000000000 ) ) ;
#133 = ORIENTED_EDGE ( 'NONE', *, *, #3131, .F. ) ;
#134 = ORIENTED_EDGE ( 'NONE', *, *, #2253, .F. ) ;
#135 = FILL_AREA_STYLE ('',( #2440 ) ) ;
#136 = CARTESIAN_POINT ( 'NONE',  ( 1.599999999999996980, 0.000000000000000000, 0.6250000000000071054 ) ) ;
#137 = DIRECTION ( 'NONE',  ( -3.491481338843133355E-15, 0.000000000000000000, 1.000000000000000000 ) ) ;
#138 = DIRECTION ( 'NONE',  ( -1.000000000000000000, 0.000000000000000000, -3.491481338843133750E-15 ) ) ;
#139 = DIRECTION ( 'NONE',  ( 3.491481338843133355E-15, 0.000000000000000000, -1.000000000000000000 ) ) ;
#140 = CARTESIAN_POINT ( 'NONE',  ( 1.599999999999996980, 0.09999999999999999167, 0.6250000000000071054 ) ) ;
#141 = CARTESIAN_POINT ( 'NONE',  ( 2.000000000000002220, 0.1000000000000000056, -0.8749999999999921174 ) ) ;
#142 = EDGE_LOOP ( 'NONE', ( #1884, #1811, #430, #759 ) ) ;
#143 = LINE ( 'NONE', #1665, #946 ) ;
#144 = EDGE_CURVE ( 'NONE', #1321, #3828, #4895, .T. ) ;
#145 = CARTESIAN_POINT ( 'NONE',  ( -1.562969075405719499, 0.6999999999999999556, -1.397304738165844995 ) ) ;
#146 = AXIS2_PLACEMENT_3D ( 'NONE', #4161, #1219, #4181 ) ;
#147 = LINE ( 'NONE', #1975, #4545 ) ;
#148 = CARTESIAN_POINT ( 'NONE',  ( 1.300000000000005818, 0.000000000000000000, -1.499999999999995337 ) ) ;
#149 = VERTEX_POINT ( 'NONE', #4093 ) ;
#150 = FACE_OUTER_BOUND ( 'NONE', #2075, .T. ) ;
#151 = AXIS2_PLACEMENT_3D ( 'NONE', #2605, #2581, #2349 ) ;
#152 = VERTEX_POINT ( 'NONE', #2999 ) ;
#153 = VERTEX_POINT ( 'NONE', #2259 ) ;
#154 = AXIS2_PLACEMENT_3D ( 'NONE', #2875, #4027, #2513 ) ;
#155 = CARTESIAN_POINT ( 'NONE',  ( -2.000000000000007994, 0.8000000000000003775, 1.999999999999992228 ) ) ;
#156 = ORIENTED_EDGE ( 'NONE', *, *, #3124, .T. ) ;
#157 = DIRECTION ( 'NONE',  ( 0.000000000000000000, -1.000000000000000000, 0.000000000000000000 ) ) ;
#158 = ADVANCED_FACE ( 'NONE', ( #2700 ), #1851, .F. ) ;
#159 = ORIENTED_EDGE ( 'NONE', *, *, #3994, .T. ) ;
#160 = VECTOR ( 'NONE', #2151, 1000.000000000000000 ) ;
#161 = DIRECTION ( 'NONE',  ( 1.000000000000000000, 0.000000000000000000, 3.636041628507867543E-15 ) ) ;
#162 = CARTESIAN_POINT ( 'NONE',  ( -5.237222008264700033E-15, 0.1000000000000000056, 1.500000000000000000 ) ) ;
#163 = VECTOR ( 'NONE', #4730, 1000.000000000000000 ) ;
#164 = DIRECTION ( 'NONE',  ( 2.407279166357628921E-15, 0.000000000000000000, -1.000000000000000000 ) ) ;
#165 = CARTESIAN_POINT ( 'NONE',  ( -1.999999999999994449, 0.09999999999999999167, -1.375000000000005551 ) ) ;
#166 = LINE ( 'NONE', #2498, #163 ) ;
#167 = VECTOR ( 'NONE', #2387, 1000.000000000000000 ) ;
#168 = DIRECTION ( 'NONE',  ( -3.491481338843133355E-15, 0.000000000000000000, 1.000000000000000000 ) ) ;
#169 = ADVANCED_FACE ( 'NONE', ( #4874 ), #26, .F. ) ;
#170 = EDGE_CURVE ( 'NONE', #4764, #4782, #2330, .T. ) ;
#171 = LINE ( 'NONE', #3915, #495 ) ;
#172 = ORIENTED_EDGE ( 'NONE', *, *, #679, .F. ) ;
#173 = ORIENTED_EDGE ( 'NONE', *, *, #1050, .T. ) ;
#174 = CARTESIAN_POINT ( 'NONE',  ( 1.999999999999998668, 0.1000000000000000056, 0.1250000000000079659 ) ) ;
#175 = CARTESIAN_POINT ( 'NONE',  ( 0.000000000000000000, 0.1000000000000000056, 0.000000000000000000 ) ) ;
#176 = VECTOR ( 'NONE', #3878, 1000.000000000000000 ) ;
#177 = LINE ( 'NONE', #2753, #114 ) ;
#178 = EDGE_CURVE ( 'NONE', #4746, #3895, #1115, .T. ) ;
#179 = PLANE ( 'NONE',  #3046 ) ;
#180 = ORIENTED_EDGE ( 'NONE', *, *, #2828, .F. ) ;
#181 = LINE ( 'NONE', #4739, #2468 ) ;
#182 = VECTOR ( 'NONE', #3853, 1000.000000000000000 ) ;
#183 = VERTEX_POINT ( 'NONE', #1899 ) ;
#184 = ORIENTED_EDGE ( 'NONE', *, *, #4722, .F. ) ;
#185 = VECTOR ( 'NONE', #299, 1000.000000000000000 ) ;
#186 = EDGE_CURVE ( 'NONE', #1054, #4236, #3063, .T. ) ;
#187 = LINE ( 'NONE', #2060, #4340 ) ;
#188 = VECTOR ( 'NONE', #360, 1000.000000000000000 ) ;
#189 = ORIENTED_EDGE ( 'NONE', *, *, #4726, .T. ) ;
#190 = LINE ( 'NONE', #3611, #90 ) ;
#191 = ORIENTED_EDGE ( 'NONE', *, *, #3594, .F. ) ;
#192 = EDGE_LOOP ( 'NONE', ( #2833, #159, #445, #542 ) ) ;
#193 = VECTOR ( 'NONE', #4275, 1000.000000000000000 ) ;
#194 = PRESENTATION_LAYER_ASSIGNMENT (  '', '', ( #4459 ) ) ;
#195 = DIRECTION ( 'NONE',  ( -3.491481338843133355E-15, 0.000000000000000000, 1.000000000000000000 ) ) ;
#196 = VECTOR ( 'NONE', #3257, 1000.000000000000000 ) ;
#197 = DIRECTION ( 'NONE',  ( 3.491481338843133355E-15, 0.000000000000000000, -1.000000000000000000 ) ) ;
#198 = PLANE ( 'NONE',  #4837 ) ;
#199 = CARTESIAN_POINT ( 'NONE',  ( -1.599999999999996536, 0.000000000000000000, -0.8750000000000037748 ) ) ;
#200 = CARTESIAN_POINT ( 'NONE',  ( 1.599999999999994538, 0.000000000000000000, 1.375000000000005995 ) ) ;
#201 = CARTESIAN_POINT ( 'NONE',  ( -1.999999999999994449, 0.8000000000000003775, -2.000000000000007994 ) ) ;
#202 = VERTEX_POINT ( 'NONE', #357 ) ;
#203 = VERTEX_POINT ( 'NONE', #1449 ) ;
#204 = DIRECTION ( 'NONE',  ( -3.383061121594582912E-15, 0.000000000000000000, 1.000000000000000000 ) ) ;
#205 = CARTESIAN_POINT ( 'NONE',  ( 1.600000000000003197, 0.000000000000000000, -1.124999999999994005 ) ) ;
#206 = DIRECTION ( 'NONE',  ( -1.000000000000000000, 0.000000000000000000, -2.407279166357628921E-15 ) ) ;
#207 = VERTEX_POINT ( 'NONE', #420 ) ;
#208 = CARTESIAN_POINT ( 'NONE',  ( 2.000000000000002220, 0.000000000000000000, -0.8749999999999921174 ) ) ;
#209 = DIRECTION ( 'NONE',  ( 3.491481338843133355E-15, 0.000000000000000000, -1.000000000000000000 ) ) ;
#210 = ORIENTED_EDGE ( 'NONE', *, *, #3081, .T. ) ;
#211 = LINE ( 'NONE', #3246, #3203 ) ;
#212 = ORIENTED_EDGE ( 'NONE', *, *, #3281, .F. ) ;
#213 = ORIENTED_EDGE ( 'NONE', *, *, #1685, .T. ) ;
#214 = EDGE_CURVE ( 'NONE', #4863, #2821, #3788, .T. ) ;
#215 = ORIENTED_EDGE ( 'NONE', *, *, #370, .F. ) ;
#216 = CARTESIAN_POINT ( 'NONE',  ( -1.999999999999997113, 0.1000000000000000056, -0.6250000000000062172 ) ) ;
#217 = DIRECTION ( 'NONE',  ( 1.000000000000000000, 0.000000000000000000, 4.575683511328639367E-15 ) ) ;
#218 = CARTESIAN_POINT ( 'NONE',  ( -8.728703347107833388E-15, 0.1000000000000000056, 2.500000000000000000 ) ) ;
#219 = LINE ( 'NONE', #1362, #340 ) ;
#220 = LINE ( 'NONE', #1330, #2118 ) ;
#221 = VERTEX_POINT ( 'NONE', #1877 ) ;
#222 = VERTEX_POINT ( 'NONE', #3389 ) ;
#223 = EDGE_CURVE ( 'NONE', #2190, #4902, #3341, .T. ) ;
#224 = PLANE ( 'NONE',  #4427 ) ;
#225 = DIRECTION ( 'NONE',  ( -3.491481338843133355E-15, 0.000000000000000000, 1.000000000000000000 ) ) ;
#226 = CARTESIAN_POINT ( 'NONE',  ( 1.600000000000004086, 0.1000000000000000056, -1.374999999999992895 ) ) ;
#227 = ORIENTED_EDGE ( 'NONE', *, *, #2466, .F. ) ;
#228 = FACE_OUTER_BOUND ( 'NONE', #4312, .T. ) ;
#229 = PLANE ( 'NONE',  #4044 ) ;
#230 = VERTEX_POINT ( 'NONE', #2654 ) ;
#231 = EDGE_CURVE ( 'NONE', #3539, #3405, #4465, .T. ) ;
#232 = PLANE ( 'NONE',  #4535 ) ;
#233 = ORIENTED_EDGE ( 'NONE', *, *, #4148, .T. ) ;
#234 = CARTESIAN_POINT ( 'NONE',  ( -1.047444401652940007E-14, 0.000000000000000000, 3.000000000000000000 ) ) ;
#235 = ORIENTED_EDGE ( 'NONE', *, *, #2401, .T. ) ;
#236 = VERTEX_POINT ( 'NONE', #4138 ) ;
#237 = VECTOR ( 'NONE', #3158, 1000.000000000000000 ) ;
#238 = VERTEX_POINT ( 'NONE', #2606 ) ;
#239 = EDGE_CURVE ( 'NONE', #4734, #4149, #396, .T. ) ;
#240 = DIRECTION ( 'NONE',  ( -0.000000000000000000, -1.000000000000000000, 0.000000000000000000 ) ) ;
#241 = VECTOR ( 'NONE', #3042, 1000.000000000000000 ) ;
#242 = ADVANCED_FACE ( 'NONE', ( #3409 ), #4916, .T. ) ;
#243 = DIRECTION ( 'NONE',  ( 0.000000000000000000, -1.000000000000000000, 0.000000000000000000 ) ) ;
#244 = UNCERTAINTY_MEASURE_WITH_UNIT (LENGTH_MEASURE( 1.000000000000000082E-05 ), #2557, 'distance_accuracy_value', 'NONE');
#245 = DIRECTION ( 'NONE',  ( 0.000000000000000000, -1.000000000000000000, 0.000000000000000000 ) ) ;
#246 = ORIENTED_EDGE ( 'NONE', *, *, #4174, .T. ) ;
#247 = EDGE_LOOP ( 'NONE', ( #4491, #4391, #2148, #4183 ) ) ;
#248 = STYLED_ITEM ( 'NONE', ( #2040 ), #1324 ) ;
#249 = CARTESIAN_POINT ( 'NONE',  ( -1.599999999999998312, 0.5716990566028307130, -0.3750000000000037748 ) ) ;
#250 = MECHANICAL_DESIGN_GEOMETRIC_PRESENTATION_REPRESENTATION (  '', ( #1684 ), #724 ) ;
#251 = DIRECTION ( 'NONE',  ( 3.491481338843133355E-15, 0.000000000000000000, -1.000000000000000000 ) ) ;
#252 = FILL_AREA_STYLE_COLOUR ( '', #4536 ) ;
#253 = EDGE_LOOP ( 'NONE', ( #3154, #2214, #933, #4396 ) ) ;
#254 = FACE_OUTER_BOUND ( 'NONE', #1079, .T. ) ;
#255 = DIRECTION ( 'NONE',  ( -0.000000000000000000, -1.000000000000000000, 0.000000000000000000 ) ) ;
#256 = ORIENTED_EDGE ( 'NONE', *, *, #115, .F. ) ;
#257 = CARTESIAN_POINT ( 'NONE',  ( 1.600000000000004086, 0.5716990566028307130, -1.374999999999992895 ) ) ;
#258 =( NAMED_UNIT ( * ) PLANE_ANGLE_UNIT ( ) SI_UNIT ( $, .RADIAN. ) );
#259 = DIRECTION ( 'NONE',  ( -1.000000000000000000, 0.000000000000000000, -3.491481338843133355E-15 ) ) ;
#260 = VECTOR ( 'NONE', #132, 1000.000000000000000 ) ;
#261 = ORIENTED_EDGE ( 'NONE', *, *, #2059, .T. ) ;
#262 = VECTOR ( 'NONE', #3962, 1000.000000000000000 ) ;
#263 = DIRECTION ( 'NONE',  ( 1.000000000000000000, 0.000000000000000000, 3.491481338843133355E-15 ) ) ;
#264 = EDGE_LOOP ( 'NONE', ( #861, #41, #2314, #2830 ) ) ;
#265 = ORIENTED_EDGE ( 'NONE', *, *, #333, .F. ) ;
#266 = VECTOR ( 'NONE', #916, 1000.000000000000000 ) ;
#267 = ORIENTED_EDGE ( 'NONE', *, *, #4784, .F. ) ;
#268 = MECHANICAL_DESIGN_GEOMETRIC_PRESENTATION_REPRESENTATION (  '', ( #3685 ), #3443 ) ;
#269 = VECTOR ( 'NONE', #719, 1000.000000000000000 ) ;
#270 = DIRECTION ( 'NONE',  ( -3.491481338843133355E-15, 0.000000000000000000, 1.000000000000000000 ) ) ;
#271 = ADVANCED_FACE ( 'NONE', ( #2286 ), #3718, .F. ) ;
#272 = EDGE_CURVE ( 'NONE', #4790, #1706, #3186, .T. ) ;
#273 = VECTOR ( 'NONE', #4303, 1000.000000000000000 ) ;
#274 = LINE ( 'NONE', #4780, #1607 ) ;
#275 = DIRECTION ( 'NONE',  ( -1.000000000000000000, 0.000000000000000000, -3.491481338843133355E-15 ) ) ;
#276 = DIRECTION ( 'NONE',  ( 0.000000000000000000, 1.000000000000000000, 0.000000000000000000 ) ) ;
#277 = EDGE_LOOP ( 'NONE', ( #104, #993, #2730, #4406 ) ) ;
#278 = LINE ( 'NONE', #4757, #1590 ) ;
#279 = PLANE ( 'NONE',  #4765 ) ;
#280 = AXIS2_PLACEMENT_3D ( 'NONE', #2799, #98, #4232 ) ;
#281 = DIRECTION ( 'NONE',  ( 3.491481338843133355E-15, 0.000000000000000000, -1.000000000000000000 ) ) ;
#282 = FACE_OUTER_BOUND ( 'NONE', #1909, .T. ) ;
#283 = DIRECTION ( 'NONE',  ( -0.000000000000000000, -1.000000000000000000, 0.000000000000000000 ) ) ;
#284 = ORIENTED_EDGE ( 'NONE', *, *, #4715, .F. ) ;
#285 = ORIENTED_EDGE ( 'NONE', *, *, #3191, .F. ) ;
#286 = CARTESIAN_POINT ( 'NONE',  ( -1.599999999999999201, 0.5716990566028307130, -0.1250000000000048295 ) ) ;
#287 = DIRECTION ( 'NONE',  ( 3.491481338843133355E-15, 0.000000000000000000, -1.000000000000000000 ) ) ;
#288 = ORIENTED_EDGE ( 'NONE', *, *, #4702, .T. ) ;
#289 = CARTESIAN_POINT ( 'NONE',  ( -1.599999999999995648, 0.000000000000000000, -1.125000000000004885 ) ) ;
#290 = ORIENTED_EDGE ( 'NONE', *, *, #3335, .T. ) ;
#291 = ORIENTED_EDGE ( 'NONE', *, *, #4140, .F. ) ;
#292 = EDGE_CURVE ( 'NONE', #2058, #1976, #4675, .T. ) ;
#293 = ORIENTED_EDGE ( 'NONE', *, *, #4005, .F. ) ;
#294 = DIRECTION ( 'NONE',  ( -1.000000000000000000, 0.000000000000000000, -3.491481338843133355E-15 ) ) ;
#295 = LINE ( 'NONE', #2932, #4756 ) ;
#296 = DIRECTION ( 'NONE',  ( -1.000000000000000000, 0.000000000000000000, -2.407279166357628921E-15 ) ) ;
#297 = ORIENTED_EDGE ( 'NONE', *, *, #2569, .F. ) ;
#298 = DIRECTION ( 'NONE',  ( -0.000000000000000000, -1.000000000000000000, 0.000000000000000000 ) ) ;
#299 = DIRECTION ( 'NONE',  ( -1.000000000000000000, 0.000000000000000000, -3.491481338843133750E-15 ) ) ;
#300 = LINE ( 'NONE', #3338, #2108 ) ;
#301 = EDGE_LOOP ( 'NONE', ( #1492, #994, #500, #3851 ) ) ;
#302 = EDGE_CURVE ( 'NONE', #2736, #3488, #4576, .T. ) ;
#303 = LINE ( 'NONE', #3716, #3959 ) ;
#304 = CARTESIAN_POINT ( 'NONE',  ( -1.599999999999995648, 0.5716990566028307130, -1.125000000000004885 ) ) ;
#305 = ORIENTED_EDGE ( 'NONE', *, *, #3574, .F. ) ;
#306 = SURFACE_STYLE_USAGE ( .BOTH. , #3295 ) ;
#307 = ADVANCED_FACE ( 'NONE', ( #1284 ), #3114, .F. ) ;
#308 = CARTESIAN_POINT ( 'NONE',  ( -1.599999999999999201, 0.1000000000000000056, -0.1250000000000048295 ) ) ;
#309 = DIRECTION ( 'NONE',  ( 1.000000000000000000, 0.000000000000000000, 2.407279166357628921E-15 ) ) ;
#310 = ORIENTED_EDGE ( 'NONE', *, *, #1953, .F. ) ;
#311 = ORIENTED_EDGE ( 'NONE', *, *, #853, .T. ) ;
#312 = EDGE_CURVE ( 'NONE', #2142, #402, #4229, .T. ) ;
#313 = ORIENTED_EDGE ( 'NONE', *, *, #1463, .F. ) ;
#314 = CARTESIAN_POINT ( 'NONE',  ( -1.999999999999997780, 0.09999999999999999167, -0.3750000000000056066 ) ) ;
#315 = VECTOR ( 'NONE', #137, 1000.000000000000000 ) ;
#316 = LINE ( 'NONE', #2246, #4189 ) ;
#317 = PLANE ( 'NONE',  #2261 ) ;
#318 = FACE_OUTER_BOUND ( 'NONE', #1442, .T. ) ;
#319 =( NAMED_UNIT ( * ) PLANE_ANGLE_UNIT ( ) SI_UNIT ( $, .RADIAN. ) );
#320 = EDGE_LOOP ( 'NONE', ( #2462, #291, #265, #4112 ) ) ;
#321 = DIRECTION ( 'NONE',  ( -1.000000000000000000, 0.000000000000000000, -3.491481338843133750E-15 ) ) ;
#322 = VECTOR ( 'NONE', #1310, 1000.000000000000000 ) ;
#323 = EDGE_CURVE ( 'NONE', #1999, #912, #2773, .T. ) ;
#324 = DIRECTION ( 'NONE',  ( 1.000000000000000000, 0.000000000000000000, 3.491481338843133355E-15 ) ) ;
#325 = DIRECTION ( 'NONE',  ( 1.000000000000000000, 0.000000000000000000, 2.407279166357628921E-15 ) ) ;
#326 = CARTESIAN_POINT ( 'NONE',  ( -1.999999999999999556, 0.5716990566028307130, 0.1249999999999944211 ) ) ;
#327 = VECTOR ( 'NONE', #1792, 1000.000000000000000 ) ;
#328 = VERTEX_POINT ( 'NONE', #4306 ) ;
#329 = CARTESIAN_POINT ( 'NONE',  ( -1.600000000000000089, 0.000000000000000000, 0.1249999999999962669 ) ) ;
#330 = DIRECTION ( 'NONE',  ( -3.491481338843133355E-15, 0.000000000000000000, 1.000000000000000000 ) ) ;
#331 = CARTESIAN_POINT ( 'NONE',  ( -1.600000000000000977, 0.09999999999999999167, 0.3749999999999951705 ) ) ;
#332 = VECTOR ( 'NONE', #2027, 1000.000000000000000 ) ;
#333 = EDGE_CURVE ( 'NONE', #2385, #3996, #2796, .T. ) ;
#334 = EDGE_CURVE ( 'NONE', #1935, #3850, #2025, .T. ) ;
#335 = ADVANCED_FACE ( 'NONE', ( #1994 ), #913, .F. ) ;
#336 = CARTESIAN_POINT ( 'NONE',  ( -1.999999999999996225, 0.1000000000000000056, -0.8750000000000055511 ) ) ;
#337 = CARTESIAN_POINT ( 'NONE',  ( 1.599999999999998757, 0.1000000000000000056, 0.1250000000000069944 ) ) ;
#338 = DIRECTION ( 'NONE',  ( -1.000000000000000000, 0.000000000000000000, -3.491481338843133750E-15 ) ) ;
#339 = EDGE_CURVE ( 'NONE', #1376, #3070, #1564, .T. ) ;
#340 = VECTOR ( 'NONE', #3231, 1000.000000000000000 ) ;
#341 = VERTEX_POINT ( 'NONE', #862 ) ;
#342 = VERTEX_POINT ( 'NONE', #2723 ) ;
#343 = VECTOR ( 'NONE', #3445, 1000.000000000000000 ) ;
#344 = VECTOR ( 'NONE', #2628, 1000.000000000000000 ) ;
#345 = ORIENTED_EDGE ( 'NONE', *, *, #3347, .F. ) ;
#346 = CARTESIAN_POINT ( 'NONE',  ( 1.600000000000002309, 0.09999999999999999167, -0.8749999999999930056 ) ) ;
#347 = VERTEX_POINT ( 'NONE', #3942 ) ;
#348 = DIRECTION ( 'NONE',  ( 1.000000000000000000, 0.000000000000000000, 3.491481338843133355E-15 ) ) ;
#349 = VECTOR ( 'NONE', #1660, 1000.000000000000000 ) ;
#350 = FACE_OUTER_BOUND ( 'NONE', #656, .T. ) ;
#351 = DIRECTION ( 'NONE',  ( -1.000000000000000000, 0.000000000000000000, -2.407279166357628921E-15 ) ) ;
#352 =( LENGTH_UNIT ( ) NAMED_UNIT ( * ) SI_UNIT ( .MILLI., .METRE. ) );
#353 = FACE_OUTER_BOUND ( 'NONE', #2762, .T. ) ;
#354 = LINE ( 'NONE', #1874, #2178 ) ;
#355 = CARTESIAN_POINT ( 'NONE',  ( 1.599999999999993650, 0.000000000000000000, 1.625000000000007105 ) ) ;
#356 = ORIENTED_EDGE ( 'NONE', *, *, #3667, .F. ) ;
#357 = CARTESIAN_POINT ( 'NONE',  ( -1.599999999999999201, 0.000000000000000000, -0.1250000000000048295 ) ) ;
#358 = DIRECTION ( 'NONE',  ( 3.491481338843133355E-15, 0.000000000000000000, -1.000000000000000000 ) ) ;
#359 = CARTESIAN_POINT ( 'NONE',  ( 1.599999999999995204, 0.09999999999999999167, 1.125000000000007105 ) ) ;
#360 = DIRECTION ( 'NONE',  ( 0.000000000000000000, -1.000000000000000000, 0.000000000000000000 ) ) ;
#361 = LINE ( 'NONE', #3023, #4684 ) ;
#362 = VERTEX_POINT ( 'NONE', #888 ) ;
#363 = VERTEX_POINT ( 'NONE', #1641 ) ;
#364 = VERTEX_POINT ( 'NONE', #2376 ) ;
#365 = DIRECTION ( 'NONE',  ( 3.491481338843133355E-15, 0.000000000000000000, -1.000000000000000000 ) ) ;
#366 = VERTEX_POINT ( 'NONE', #2399 ) ;
#367 = CARTESIAN_POINT ( 'NONE',  ( 1.300000000000005818, 0.000000000000000000, -1.499999999999995337 ) ) ;
#368 = CARTESIAN_POINT ( 'NONE',  ( -1.999999999999996225, 0.000000000000000000, -0.8750000000000055511 ) ) ;
#369 = CARTESIAN_POINT ( 'NONE',  ( -1.600000000000002753, 0.5716990566028307130, 0.8749999999999951150 ) ) ;
#370 = EDGE_CURVE ( 'NONE', #2526, #2142, #1185, .T. ) ;
#371 = DIRECTION ( 'NONE',  ( -3.491481338843133355E-15, 0.000000000000000000, 1.000000000000000000 ) ) ;
#372 = SURFACE_STYLE_FILL_AREA ( #3765 ) ;
#373 = ORIENTED_EDGE ( 'NONE', *, *, #339, .F. ) ;
#374 = DIRECTION ( 'NONE',  ( 0.000000000000000000, -1.000000000000000000, 0.000000000000000000 ) ) ;
#375 = PRESENTATION_STYLE_ASSIGNMENT (( #1518 ) ) ;
#376 = PLANE ( 'NONE',  #4294 ) ;
#377 = FACE_OUTER_BOUND ( 'NONE', #4470, .T. ) ;
#378 = CARTESIAN_POINT ( 'NONE',  ( 1.599999999999996980, 0.000000000000000000, 0.6250000000000071054 ) ) ;
#379 = EDGE_LOOP ( 'NONE', ( #2780, #285, #2302, #2084 ) ) ;
#380 = ORIENTED_EDGE ( 'NONE', *, *, #4499, .F. ) ;
#381 = EDGE_CURVE ( 'NONE', #2803, #3590, #3861, .T. ) ;
#382 = ORIENTED_EDGE ( 'NONE', *, *, #4319, .F. ) ;
#383 = CARTESIAN_POINT ( 'NONE',  ( 1.600000000000002309, 0.1000000000000000056, -0.8749999999999930056 ) ) ;
#384 = ORIENTED_EDGE ( 'NONE', *, *, #2618, .F. ) ;
#385 = CARTESIAN_POINT ( 'NONE',  ( 0.000000000000000000, 0.1000000000000000056, 0.000000000000000000 ) ) ;
#386 = EDGE_CURVE ( 'NONE', #3854, #1193, #143, .T. ) ;
#387 = DIRECTION ( 'NONE',  ( 2.407279166357628921E-15, 0.000000000000000000, -1.000000000000000000 ) ) ;
#388 = DIRECTION ( 'NONE',  ( -1.000000000000000000, 0.000000000000000000, -3.491481338843133355E-15 ) ) ;
#389 = VECTOR ( 'NONE', #1192, 1000.000000000000000 ) ;
#390 = LINE ( 'NONE', #3059, #3650 ) ;
#391 = VECTOR ( 'NONE', #1945, 1000.000000000000000 ) ;
#392 = PLANE ( 'NONE',  #814 ) ;
#393 = DIRECTION ( 'NONE',  ( 1.000000000000000000, 0.000000000000000000, 4.575683511328639367E-15 ) ) ;
#394 = CARTESIAN_POINT ( 'NONE',  ( 1.600000000000000533, 0.000000000000000000, -0.3749999999999930056 ) ) ;
#395 = CLOSED_SHELL ( 'NONE', ( #1489, #2610, #1196, #1423, #1943, #1098 ) ) ;
#396 = LINE ( 'NONE', #1474, #637 ) ;
#397 = CARTESIAN_POINT ( 'NONE',  ( 1.600000000000000533, 0.5716990566028307130, -0.3749999999999930056 ) ) ;
#398 = AXIS2_PLACEMENT_3D ( 'NONE', #369, #3691, #2280 ) ;
#399 = FACE_OUTER_BOUND ( 'NONE', #1168, .T. ) ;
#400 = DIRECTION ( 'NONE',  ( -0.000000000000000000, -1.000000000000000000, 0.000000000000000000 ) ) ;
#401 = LINE ( 'NONE', #3440, #2705 ) ;
#402 = VERTEX_POINT ( 'NONE', #3163 ) ;
#403 = ORIENTED_EDGE ( 'NONE', *, *, #2620, .F. ) ;
#404 = AXIS2_PLACEMENT_3D ( 'NONE', #4701, #561, #3255 ) ;
#405 = PRESENTATION_LAYER_ASSIGNMENT (  '', '', ( #1684 ) ) ;
#406 = ORIENTED_EDGE ( 'NONE', *, *, #4809, .F. ) ;
#407 = LINE ( 'NONE', #109, #1771 ) ;
#408 = ORIENTED_EDGE ( 'NONE', *, *, #985, .F. ) ;
#409 = PLANE ( 'NONE',  #2165 ) ;
#410 = VECTOR ( 'NONE', #195, 1000.000000000000000 ) ;
#411 = DIRECTION ( 'NONE',  ( -1.000000000000000000, 0.000000000000000000, -4.575683511328639367E-15 ) ) ;
#412 = CIRCLE ( 'NONE', #2177, 0.1518327525017735269 ) ;
#413 = CARTESIAN_POINT ( 'NONE',  ( -1.999999999999994449, 0.1000000000000000056, -1.375000000000005551 ) ) ;
#414 = AXIS2_PLACEMENT_3D ( 'NONE', #3256, #1390, #4379 ) ;
#415 = DIRECTION ( 'NONE',  ( 4.575683511328639367E-15, 0.000000000000000000, -1.000000000000000000 ) ) ;
#416 = ADVANCED_FACE ( 'NONE', ( #1256 ), #1954, .F. ) ;
#417 = AXIS2_PLACEMENT_3D ( 'NONE', #3527, #540, #3859 ) ;
#418 = DIRECTION ( 'NONE',  ( 0.000000000000000000, -1.000000000000000000, 0.000000000000000000 ) ) ;
#419 = DIRECTION ( 'NONE',  ( -1.000000000000000000, 0.000000000000000000, -3.491481338843133750E-15 ) ) ;
#420 = CARTESIAN_POINT ( 'NONE',  ( 1.300000000000005818, 0.000000000000000000, -1.499999999999995337 ) ) ;
#421 = VECTOR ( 'NONE', #3937, 1000.000000000000000 ) ;
#422 = ADVANCED_FACE ( 'NONE', ( #3086 ), #2051, .F. ) ;
#423 = VECTOR ( 'NONE', #1546, 1000.000000000000000 ) ;
#424 = DIRECTION ( 'NONE',  ( 3.636041628507867543E-15, 0.000000000000000000, -1.000000000000000000 ) ) ;
#425 = VECTOR ( 'NONE', #639, 1000.000000000000000 ) ;
#426 = LINE ( 'NONE', #3463, #3987 ) ;
#427 = ORIENTED_EDGE ( 'NONE', *, *, #1470, .F. ) ;
#428 = CARTESIAN_POINT ( 'NONE',  ( 2.000000000000005773, 7.256854249492380227, -1.999999999999994005 ) ) ;
#429 = ORIENTED_EDGE ( 'NONE', *, *, #853, .F. ) ;
#430 = ORIENTED_EDGE ( 'NONE', *, *, #17, .T. ) ;
#431 = EDGE_LOOP ( 'NONE', ( #3441, #3773, #3016, #2458 ) ) ;
#432 = LINE ( 'NONE', #1602, #3043 ) ;
#433 = ADVANCED_FACE ( 'NONE', ( #2355 ), #443, .F. ) ;
#434 = ORIENTED_EDGE ( 'NONE', *, *, #2015, .T. ) ;
#435 = ORIENTED_EDGE ( 'NONE', *, *, #4645, .F. ) ;
#436 = DIRECTION ( 'NONE',  ( -1.000000000000000000, 0.000000000000000000, -3.491481338843133750E-15 ) ) ;
#437 = CARTESIAN_POINT ( 'NONE',  ( -1.600000000000003642, 0.1000000000000000056, 1.124999999999996225 ) ) ;
#438 = LINE ( 'NONE', #87, #4109 ) ;
#439 = PLANE ( 'NONE',  #1 ) ;
#440 = CARTESIAN_POINT ( 'NONE',  ( 1.300000000000005818, 0.1000000000000002554, -1.499999999999994893 ) ) ;
#441 = LINE ( 'NONE', #859, #889 ) ;
#442 = FILL_AREA_STYLE ('',( #4136 ) ) ;
#443 = PLANE ( 'NONE',  #2565 ) ;
#444 = LINE ( 'NONE', #1008, #4775 ) ;
#445 = ORIENTED_EDGE ( 'NONE', *, *, #2046, .T. ) ;
#446 = DIRECTION ( 'NONE',  ( -1.000000000000000000, 0.000000000000000000, -3.491481338843133355E-15 ) ) ;
#447 = ORIENTED_EDGE ( 'NONE', *, *, #1358, .F. ) ;
#448 = ORIENTED_EDGE ( 'NONE', *, *, #4867, .F. ) ;
#449 = EDGE_CURVE ( 'NONE', #3927, #450, #4022, .T. ) ;
#450 = VERTEX_POINT ( 'NONE', #1393 ) ;
#451 = LINE ( 'NONE', #1550, #4600 ) ;
#452 = VERTEX_POINT ( 'NONE', #3576 ) ;
#453 = ORIENTED_EDGE ( 'NONE', *, *, #1555, .F. ) ;
#454 = CARTESIAN_POINT ( 'NONE',  ( 1.299999999999994937, 0.1000000000000002554, 1.500000000000004885 ) ) ;
#455 = ADVANCED_FACE ( 'NONE', ( #544 ), #2917, .T. ) ;
#456 = ADVANCED_FACE ( 'NONE', ( #4359 ), #641, .F. ) ;
#457 = DIRECTION ( 'NONE',  ( 3.491481338843133355E-15, 0.000000000000000000, -1.000000000000000000 ) ) ;
#458 = DIRECTION ( 'NONE',  ( -1.000000000000000000, 0.000000000000000000, -3.491481338843133355E-15 ) ) ;
#459 = DIRECTION ( 'NONE',  ( 1.000000000000000000, 0.000000000000000000, 3.491481338843133355E-15 ) ) ;
#460 = VECTOR ( 'NONE', #3090, 1000.000000000000000 ) ;
#461 = DIRECTION ( 'NONE',  ( -3.491481338843133355E-15, 0.000000000000000000, 1.000000000000000000 ) ) ;
#462 = DIRECTION ( 'NONE',  ( 3.491481338843133355E-15, 0.000000000000000000, -1.000000000000000000 ) ) ;
#463 =( NAMED_UNIT ( * ) SI_UNIT ( $, .STERADIAN. ) SOLID_ANGLE_UNIT ( ) );
#464 = DIRECTION ( 'NONE',  ( 1.000000000000000000, 0.000000000000000000, 2.407279166357628921E-15 ) ) ;
#465 = CARTESIAN_POINT ( 'NONE',  ( -3.491481338843133355E-15, 0.000000000000000000, 1.000000000000000000 ) ) ;
#466 = MECHANICAL_DESIGN_GEOMETRIC_PRESENTATION_REPRESENTATION (  '', ( #4419 ), #3286 ) ;
#467 = EDGE_CURVE ( 'NONE', #1860, #3590, #2868, .T. ) ;
#468 = DIRECTION ( 'NONE',  ( -1.000000000000000000, 0.000000000000000000, -2.407279166357628921E-15 ) ) ;
#469 = ORIENTED_EDGE ( 'NONE', *, *, #4329, .F. ) ;
#470 = DIRECTION ( 'NONE',  ( 0.000000000000000000, -1.000000000000000000, 0.000000000000000000 ) ) ;
#471 = ORIENTED_EDGE ( 'NONE', *, *, #2401, .F. ) ;
#472 = EDGE_LOOP ( 'NONE', ( #4832, #2988, #2941, #1467 ) ) ;
#473 = EDGE_CURVE ( 'NONE', #1733, #869, #3285, .T. ) ;
#474 = VECTOR ( 'NONE', #4527, 1000.000000000000000 ) ;
#475 = EDGE_CURVE ( 'NONE', #207, #3510, #959, .T. ) ;
#476 = CARTESIAN_POINT ( 'NONE',  ( -1.599999999999999201, 0.09999999999999999167, -0.1250000000000048295 ) ) ;
#477 = DIRECTION ( 'NONE',  ( -1.000000000000000000, 0.000000000000000000, -3.491481338843133750E-15 ) ) ;
#478 = AXIS2_PLACEMENT_3D ( 'NONE', #2350, #3836, #4225 ) ;
#479 = VERTEX_POINT ( 'NONE', #4807 ) ;
#480 = ORIENTED_EDGE ( 'NONE', *, *, #4501, .T. ) ;
#481 = LINE ( 'NONE', #2737, #167 ) ;
#482 = EDGE_CURVE ( 'NONE', #2950, #2909, #278, .T. ) ;
#483 = PLANE ( 'NONE',  #2806 ) ;
#484 = CARTESIAN_POINT ( 'NONE',  ( -1.999999999999994449, 0.000000000000000000, -1.375000000000005551 ) ) ;
#485 = VECTOR ( 'NONE', #4621, 1000.000000000000000 ) ;
#486 = DIRECTION ( 'NONE',  ( 0.000000000000000000, -1.000000000000000000, 0.000000000000000000 ) ) ;
#487 = VECTOR ( 'NONE', #607, 1000.000000000000000 ) ;
#488 = FACE_OUTER_BOUND ( 'NONE', #1144, .T. ) ;
#489 = VECTOR ( 'NONE', #4361, 1000.000000000000000 ) ;
#490 = PRODUCT_DEFINITION_CONTEXT ( 'detailed design', #2262, 'design' ) ;
#491 = CARTESIAN_POINT ( 'NONE',  ( -1.600000000000005196, 0.1000000000000000056, 1.624999999999996225 ) ) ;
#492 = CARTESIAN_POINT ( 'NONE',  ( -1.599999999999994982, 0.1000000000000000056, -1.375000000000003775 ) ) ;
#493 = DIRECTION ( 'NONE',  ( 1.000000000000000000, 0.000000000000000000, 3.491481338843133355E-15 ) ) ;
#494 = CARTESIAN_POINT ( 'NONE',  ( 1.599999999999996980, 0.5716990566028307130, 0.6250000000000071054 ) ) ;
#495 = VECTOR ( 'NONE', #1233, 1000.000000000000000 ) ;
#496 = DIRECTION ( 'NONE',  ( -3.491481338843133355E-15, 0.000000000000000000, 1.000000000000000000 ) ) ;
#497 = CARTESIAN_POINT ( 'NONE',  ( 1.299999999999994937, 0.000000000000000000, 1.500000000000004885 ) ) ;
#498 = STYLED_ITEM ( 'NONE', ( #4719 ), #3077 ) ;
#499 = PRESENTATION_LAYER_ASSIGNMENT (  '', '', ( #1861 ) ) ;
#500 = ORIENTED_EDGE ( 'NONE', *, *, #3694, .F. ) ;
#501 = ORIENTED_EDGE ( 'NONE', *, *, #1195, .F. ) ;
#502 = CARTESIAN_POINT ( 'NONE',  ( 1.299999999999994937, 0.1000000000000002554, 1.500000000000004885 ) ) ;
#503 = ORIENTED_EDGE ( 'NONE', *, *, #4174, .F. ) ;
#504 = DIRECTION ( 'NONE',  ( 1.000000000000000000, 0.000000000000000000, 4.575683511328639367E-15 ) ) ;
#505 = VERTEX_POINT ( 'NONE', #3213 ) ;
#506 = VERTEX_POINT ( 'NONE', #3236 ) ;
#507 = FACE_OUTER_BOUND ( 'NONE', #2116, .T. ) ;
#508 = VECTOR ( 'NONE', #4367, 1000.000000000000000 ) ;
#509 = EDGE_CURVE ( 'NONE', #1121, #3580, #1797, .T. ) ;
#510 = DIRECTION ( 'NONE',  ( 0.000000000000000000, -1.000000000000000000, 0.000000000000000000 ) ) ;
#511 = LINE ( 'NONE', #3881, #3575 ) ;
#512 = CARTESIAN_POINT ( 'NONE',  ( -1.249999999999992895, 0.000000000000000000, -1.250000000000005773 ) ) ;
#513 = CARTESIAN_POINT ( 'NONE',  ( -1.600000000000005196, 0.000000000000000000, 1.624999999999996225 ) ) ;
#514 = FACE_OUTER_BOUND ( 'NONE', #1626, .T. ) ;
#515 = DIRECTION ( 'NONE',  ( -3.491481338843133355E-15, 0.000000000000000000, 1.000000000000000000 ) ) ;
#516 = DIRECTION ( 'NONE',  ( 3.491481338843133355E-15, 0.000000000000000000, -1.000000000000000000 ) ) ;
#517 = EDGE_CURVE ( 'NONE', #4082, #4782, #4783, .T. ) ;
#518 = DIRECTION ( 'NONE',  ( 1.000000000000000000, 0.000000000000000000, 3.491481338843133355E-15 ) ) ;
#519 = LINE ( 'NONE', #1668, #4134 ) ;
#520 = EDGE_LOOP ( 'NONE', ( #4614, #2415, #4583, #156 ) ) ;
#521 = PLANE ( 'NONE',  #3491 ) ;
#522 = VERTEX_POINT ( 'NONE', #1719 ) ;
#523 = ORIENTED_EDGE ( 'NONE', *, *, #4495, .T. ) ;
#524 = CARTESIAN_POINT ( 'NONE',  ( -0.9999999999999897859, 4.069886648255841344, -1.500000000000003331 ) ) ;
#525 = ORIENTED_EDGE ( 'NONE', *, *, #4342, .F. ) ;
#526 = PLANE ( 'NONE',  #2575 ) ;
#527 = ORIENTED_EDGE ( 'NONE', *, *, #536, .F. ) ;
#528 = ORIENTED_EDGE ( 'NONE', *, *, #808, .T. ) ;
#529 = CARTESIAN_POINT ( 'NONE',  ( -1.599999999999997424, 0.1000000000000000056, -0.6250000000000048850 ) ) ;
#530 = DIRECTION ( 'NONE',  ( 1.000000000000000000, 0.000000000000000000, 3.491481338843133355E-15 ) ) ;
#531 = EDGE_CURVE ( 'NONE', #3996, #3332, #4708, .T. ) ;
#532 = ADVANCED_FACE ( 'NONE', ( #4426 ), #224, .F. ) ;
#533 = CARTESIAN_POINT ( 'NONE',  ( -0.9999999999999897859, 0.1000000000000002554, -1.500000000000003331 ) ) ;
#534 = CARTESIAN_POINT ( 'NONE',  ( 1.599999999999998757, 0.09999999999999999167, 0.1250000000000069944 ) ) ;
#535 = DIRECTION ( 'NONE',  ( -3.491481338843133355E-15, 0.000000000000000000, 1.000000000000000000 ) ) ;
#536 = EDGE_CURVE ( 'NONE', #991, #2492, #1747, .T. ) ;
#537 = EDGE_CURVE ( 'NONE', #3796, #2669, #2133, .T. ) ;
#538 = PLANE ( 'NONE',  #4697 ) ;
#539 = UNCERTAINTY_MEASURE_WITH_UNIT (LENGTH_MEASURE( 1.000000000000000082E-05 ), #1111, 'distance_accuracy_value', 'NONE');
#540 = DIRECTION ( 'NONE',  ( -0.000000000000000000, -1.000000000000000000, -0.000000000000000000 ) ) ;
#541 = CARTESIAN_POINT ( 'NONE',  ( 1.600000000000003197, 0.09999999999999999167, -1.124999999999994005 ) ) ;
#542 = ORIENTED_EDGE ( 'NONE', *, *, #2103, .T. ) ;
#543 = ORIENTED_EDGE ( 'NONE', *, *, #3751, .T. ) ;
#544 = FACE_OUTER_BOUND ( 'NONE', #1264, .T. ) ;
#545 = DIRECTION ( 'NONE',  ( 1.000000000000000000, 0.000000000000000000, 3.491481338843133355E-15 ) ) ;
#546 = CARTESIAN_POINT ( 'NONE',  ( -1.562969075405719499, 0.6999999999999999556, -1.397304738165844995 ) ) ;
#547 = DIRECTION ( 'NONE',  ( -3.491481338843133355E-15, 0.000000000000000000, 1.000000000000000000 ) ) ;
#548 = LINE ( 'NONE', #208, #3091 ) ;
#549 = AXIS2_PLACEMENT_3D ( 'NONE', #830, #458, #1987 ) ;
#550 = ORIENTED_EDGE ( 'NONE', *, *, #86, .T. ) ;
#551 = EDGE_LOOP ( 'NONE', ( #3559, #180, #2936, #4567 ) ) ;
#552 = VECTOR ( 'NONE', #255, 1000.000000000000000 ) ;
#553 = ORIENTED_EDGE ( 'NONE', *, *, #3898, .T. ) ;
#554 = DIRECTION ( 'NONE',  ( 3.491481338843133355E-15, 0.000000000000000000, -1.000000000000000000 ) ) ;
#555 = VERTEX_POINT ( 'NONE', #1367 ) ;
#556 = EDGE_LOOP ( 'NONE', ( #448, #403, #3418, #4793 ) ) ;
#557 = VECTOR ( 'NONE', #747, 1000.000000000000000 ) ;
#558 = CARTESIAN_POINT ( 'NONE',  ( 1.599999999999995204, 0.1000000000000000056, 1.125000000000007105 ) ) ;
#559 = CARTESIAN_POINT ( 'NONE',  ( 2.000000000000003109, 0.000000000000000000, -1.124999999999992673 ) ) ;
#560 = AXIS2_PLACEMENT_3D ( 'NONE', #257, #649, #4696 ) ;
#561 = DIRECTION ( 'NONE',  ( 0.000000000000000000, 1.000000000000000000, 0.000000000000000000 ) ) ;
#562 = AXIS2_PLACEMENT_3D ( 'NONE', #465, #3506, #2774 ) ;
#563 = LINE ( 'NONE', #4018, #585 ) ;
#564 = DIRECTION ( 'NONE',  ( -0.000000000000000000, -1.000000000000000000, 0.000000000000000000 ) ) ;
#565 = CARTESIAN_POINT ( 'NONE',  ( 2.000000000000003997, 0.09999999999999999167, -1.374999999999992006 ) ) ;
#566 = AXIS2_PLACEMENT_3D ( 'NONE', #2249, #1508, #4129 ) ;
#567 = ORIENTED_EDGE ( 'NONE', *, *, #3609, .F. ) ;
#568 = CARTESIAN_POINT ( 'NONE',  ( 1.999999999999992228, 0.000000000000000000, 2.000000000000006217 ) ) ;
#569 = CARTESIAN_POINT ( 'NONE',  ( -1.999999999999999556, 0.5716990566028307130, 0.1249999999999944211 ) ) ;
#570 = VECTOR ( 'NONE', #504, 1000.000000000000000 ) ;
#571 = VECTOR ( 'NONE', #281, 1000.000000000000000 ) ;
#572 = DIRECTION ( 'NONE',  ( 1.000000000000000000, 0.000000000000000000, 4.575683511328639367E-15 ) ) ;
#573 = ORIENTED_EDGE ( 'NONE', *, *, #2977, .F. ) ;
#574 = EDGE_CURVE ( 'NONE', #3573, #2736, #3260, .T. ) ;
#575 = DIRECTION ( 'NONE',  ( -3.491481338843133355E-15, 0.000000000000000000, 1.000000000000000000 ) ) ;
#576 = PLANE ( 'NONE',  #154 ) ;
#577 = VERTEX_POINT ( 'NONE', #4383 ) ;
#578 = VECTOR ( 'NONE', #1972, 1000.000000000000000 ) ;
#579 = CARTESIAN_POINT ( 'NONE',  ( -1.600000000000001865, 0.09999999999999999167, 0.6249999999999962252 ) ) ;
#580 = VECTOR ( 'NONE', #3479, 1000.000000000000000 ) ;
#581 = ORIENTED_EDGE ( 'NONE', *, *, #1140, .F. ) ;
#582 = CARTESIAN_POINT ( 'NONE',  ( -2.000000000000004885, 0.5716990566028307130, 1.624999999999994449 ) ) ;
#583 = ORIENTED_EDGE ( 'NONE', *, *, #3979, .T. ) ;
#584 = VERTEX_POINT ( 'NONE', #934 ) ;
#585 = VECTOR ( 'NONE', #2914, 1000.000000000000000 ) ;
#586 = LINE ( 'NONE', #2494, #2173 ) ;
#587 = EDGE_CURVE ( 'NONE', #827, #222, #598, .T. ) ;
#588 = ORIENTED_EDGE ( 'NONE', *, *, #3172, .F. ) ;
#589 = COLOUR_RGB ( '',0.7921568627450980005, 0.8196078431372548767, 0.9333333333333333481 ) ;
#590 = DIRECTION ( 'NONE',  ( -1.000000000000000000, 0.000000000000000000, -3.491481338843133355E-15 ) ) ;
#591 = CARTESIAN_POINT ( 'NONE',  ( 2.000000000000003109, 0.000000000000000000, -1.124999999999992673 ) ) ;
#592 = DIRECTION ( 'NONE',  ( -3.491481338843133355E-15, 0.000000000000000000, 1.000000000000000000 ) ) ;
#593 = UNCERTAINTY_MEASURE_WITH_UNIT (LENGTH_MEASURE( 1.000000000000000082E-05 ), #1446, 'distance_accuracy_value', 'NONE');
#594 = DIRECTION ( 'NONE',  ( -1.000000000000000000, 0.000000000000000000, -4.575683511328639367E-15 ) ) ;
#595 = CARTESIAN_POINT ( 'NONE',  ( 1.999999999999995337, 0.000000000000000000, 1.125000000000007994 ) ) ;
#596 = ORIENTED_EDGE ( 'NONE', *, *, #2117, .F. ) ;
#597 = ORIENTED_EDGE ( 'NONE', *, *, #339, .T. ) ;
#598 = LINE ( 'NONE', #984, #2243 ) ;
#599 = LINE ( 'NONE', #569, #1036 ) ;
#600 = DIRECTION ( 'NONE',  ( -0.000000000000000000, -1.000000000000000000, 0.000000000000000000 ) ) ;
#601 = DIRECTION ( 'NONE',  ( -3.636041628507867543E-15, 0.000000000000000000, 1.000000000000000000 ) ) ;
#602 = EDGE_LOOP ( 'NONE', ( #2476, #3922, #2063, #4375 ) ) ;
#603 = DIRECTION ( 'NONE',  ( 0.000000000000000000, -1.000000000000000000, 0.000000000000000000 ) ) ;
#604 = ORIENTED_EDGE ( 'NONE', *, *, #4487, .T. ) ;
#605 = EDGE_CURVE ( 'NONE', #78, #3098, #1769, .T. ) ;
#606 = ORIENTED_EDGE ( 'NONE', *, *, #3970, .T. ) ;
#607 = DIRECTION ( 'NONE',  ( 3.491481338843133355E-15, 0.000000000000000000, -1.000000000000000000 ) ) ;
#608 = ORIENTED_EDGE ( 'NONE', *, *, #3840, .T. ) ;
#609 = ORIENTED_EDGE ( 'NONE', *, *, #1763, .T. ) ;
#610 = EDGE_CURVE ( 'NONE', #4800, #902, #4864, .T. ) ;
#611 = EDGE_LOOP ( 'NONE', ( #2689, #2829, #4216, #110 ) ) ;
#612 = CARTESIAN_POINT ( 'NONE',  ( 1.599999999999997868, 0.1000000000000000056, 0.3750000000000059397 ) ) ;
#613 = CARTESIAN_POINT ( 'NONE',  ( -1.600000000000005196, 0.1000000000000000056, 1.624999999999996225 ) ) ;
#614 = LINE ( 'NONE', #3643, #897 ) ;
#615 = EDGE_LOOP ( 'NONE', ( #4568, #1647, #3520, #3291 ) ) ;
#616 = ORIENTED_EDGE ( 'NONE', *, *, #3906, .T. ) ;
#617 = DIRECTION ( 'NONE',  ( 0.000000000000000000, -1.000000000000000000, 0.000000000000000000 ) ) ;
#618 = PRESENTATION_STYLE_ASSIGNMENT (( #3237 ) ) ;
#619 = CARTESIAN_POINT ( 'NONE',  ( 1.300000000000005818, 4.069886648255841344, -1.499999999999995337 ) ) ;
#620 = DIRECTION ( 'NONE',  ( -1.000000000000000000, 0.000000000000000000, -2.407279166357628921E-15 ) ) ;
#621 = ORIENTED_EDGE ( 'NONE', *, *, #1951, .T. ) ;
#622 = DIRECTION ( 'NONE',  ( 1.000000000000000000, 0.000000000000000000, 3.491481338843133355E-15 ) ) ;
#623 = ADVANCED_FACE ( 'NONE', ( #4108 ), #3426, .F. ) ;
#624 = LINE ( 'NONE', #3315, #552 ) ;
#625 = ORIENTED_EDGE ( 'NONE', *, *, #4563, .T. ) ;
#626 = CARTESIAN_POINT ( 'NONE',  ( -2.000000000000004885, 0.000000000000000000, 1.624999999999994449 ) ) ;
#627 = ORIENTED_EDGE ( 'NONE', *, *, #2568, .F. ) ;
#628 = CARTESIAN_POINT ( 'NONE',  ( 1.999999999999995337, 0.1000000000000000056, 1.125000000000007994 ) ) ;
#629 = ADVANCED_FACE ( 'NONE', ( #1468 ), #3012, .F. ) ;
#630 = ORIENTED_EDGE ( 'NONE', *, *, #2102, .T. ) ;
#631 = VERTEX_POINT ( 'NONE', #4154 ) ;
#632 = ADVANCED_FACE ( 'NONE', ( #3404 ), #1510, .F. ) ;
#633 = VECTOR ( 'NONE', #1686, 1000.000000000000000 ) ;
#634 = ORIENTED_EDGE ( 'NONE', *, *, #981, .F. ) ;
#635 = EDGE_CURVE ( 'NONE', #2664, #4512, #3761, .T. ) ;
#636 = PLANE ( 'NONE',  #404 ) ;
#637 = VECTOR ( 'NONE', #699, 1000.000000000000000 ) ;
#638 = PLANE ( 'NONE',  #414 ) ;
#639 = DIRECTION ( 'NONE',  ( -3.491481338843133355E-15, 0.000000000000000000, 1.000000000000000000 ) ) ;
#640 = AXIS2_PLACEMENT_3D ( 'NONE', #1506, #4126, #1464 ) ;
#641 = PLANE ( 'NONE',  #4585 ) ;
#642 = CARTESIAN_POINT ( 'NONE',  ( -2.000000000000003997, 0.000000000000000000, 1.374999999999993783 ) ) ;
#643 = CARTESIAN_POINT ( 'NONE',  ( 2.000000000000003109, 0.5716990566028307130, -1.124999999999992673 ) ) ;
#644 = ORIENTED_EDGE ( 'NONE', *, *, #4877, .F. ) ;
#645 = DIRECTION ( 'NONE',  ( 0.000000000000000000, -1.000000000000000000, 0.000000000000000000 ) ) ;
#646 = VERTEX_POINT ( 'NONE', #2625 ) ;
#647 = VERTEX_POINT ( 'NONE', #1156 ) ;
#648 = VECTOR ( 'NONE', #2885, 1000.000000000000000 ) ;
#649 = DIRECTION ( 'NONE',  ( 1.000000000000000000, 0.000000000000000000, 3.491481338843133355E-15 ) ) ;
#650 = FACE_OUTER_BOUND ( 'NONE', #3192, .T. ) ;
#651 = CARTESIAN_POINT ( 'NONE',  ( -1.600000000000005196, 0.000000000000000000, 1.624999999999996225 ) ) ;
#652 = AXIS2_PLACEMENT_3D ( 'NONE', #2591, #3047, #2290 ) ;
#653 = ORIENTED_EDGE ( 'NONE', *, *, #3318, .F. ) ;
#654 = VECTOR ( 'NONE', #1715, 1000.000000000000000 ) ;
#655 = CARTESIAN_POINT ( 'NONE',  ( -1.600000000000004308, 0.000000000000000000, 1.374999999999995115 ) ) ;
#656 = EDGE_LOOP ( 'NONE', ( #1381, #4219, #2727, #4394 ) ) ;
#657 = ORIENTED_EDGE ( 'NONE', *, *, #4444, .F. ) ;
#658 = EDGE_CURVE ( 'NONE', #3448, #3539, #2222, .T. ) ;
#659 = ORIENTED_EDGE ( 'NONE', *, *, #4502, .F. ) ;
#660 = COLOUR_RGB ( '',0.7921568627450980005, 0.8196078431372548767, 0.9333333333333333481 ) ;
#661 = PLANE ( 'NONE',  #640 ) ;
#662 = EDGE_CURVE ( 'NONE', #4738, #555, #2676, .T. ) ;
#663 = DIRECTION ( 'NONE',  ( 3.491481338843133355E-15, 0.000000000000000000, -1.000000000000000000 ) ) ;
#664 = DIRECTION ( 'NONE',  ( -3.491481338843133355E-15, 0.000000000000000000, 1.000000000000000000 ) ) ;
#665 = SURFACE_SIDE_STYLE ('',( #1005 ) ) ;
#666 = LINE ( 'NONE', #4833, #4430 ) ;
#667 = EDGE_CURVE ( 'NONE', #912, #4124, #4457, .T. ) ;
#668 = VECTOR ( 'NONE', #3944, 1000.000000000000000 ) ;
#669 = LINE ( 'NONE', #3696, #4769 ) ;
#670 = CARTESIAN_POINT ( 'NONE',  ( -1.599999999999995648, 0.000000000000000000, -1.125000000000004885 ) ) ;
#671 = DIRECTION ( 'NONE',  ( 1.000000000000000000, 0.000000000000000000, 4.575683511328639367E-15 ) ) ;
#672 = EDGE_LOOP ( 'NONE', ( #3040, #2383, #3089, #4081 ) ) ;
#673 = ORIENTED_EDGE ( 'NONE', *, *, #4395, .T. ) ;
#674 = ADVANCED_FACE ( 'NONE', ( #353 ), #3384, .F. ) ;
#675 = LINE ( 'NONE', #286, #27 ) ;
#676 = PLANE ( 'NONE',  #1938 ) ;
#677 = EDGE_LOOP ( 'NONE', ( #736, #4098, #1349, #1595 ) ) ;
#678 = CARTESIAN_POINT ( 'NONE',  ( -0.9999999999999928946, 0.000000000000000000, -1.500000000000003331 ) ) ;
#679 = EDGE_CURVE ( 'NONE', #4372, #3321, #1488, .T. ) ;
#680 = VERTEX_POINT ( 'NONE', #2252 ) ;
#681 = VERTEX_POINT ( 'NONE', #2200 ) ;
#682 = ORIENTED_EDGE ( 'NONE', *, *, #509, .T. ) ;
#683 = DIRECTION ( 'NONE',  ( -1.000000000000000000, 0.000000000000000000, -2.407279166357628921E-15 ) ) ;
#684 = ADVANCED_FACE ( 'NONE', ( #4070 ), #1819, .F. ) ;
#685 = PLANE ( 'NONE',  #3804 ) ;
#686 = CARTESIAN_POINT ( 'NONE',  ( 1.999999999999997113, 0.1000000000000000056, 0.6250000000000078826 ) ) ;
#687 = FACE_OUTER_BOUND ( 'NONE', #1628, .T. ) ;
#688 = CARTESIAN_POINT ( 'NONE',  ( 1.600000000000003197, 0.000000000000000000, -1.124999999999994005 ) ) ;
#689 = EDGE_LOOP ( 'NONE', ( #659, #708, #429, #1447 ) ) ;
#690 = EDGE_CURVE ( 'NONE', #3925, #555, #390, .T. ) ;
#691 = DIRECTION ( 'NONE',  ( 1.000000000000000000, 0.000000000000000000, 3.491481338843133355E-15 ) ) ;
#692 = EDGE_CURVE ( 'NONE', #3405, #3240, #666, .T. ) ;
#693 = EDGE_CURVE ( 'NONE', #1653, #4014, #1068, .T. ) ;
#694 = EDGE_CURVE ( 'NONE', #2190, #2981, #1845, .T. ) ;
#695 = LINE ( 'NONE', #2551, #4370 ) ;
#696 = CARTESIAN_POINT ( 'NONE',  ( 1.600000000000002309, 0.5716990566028307130, -0.8749999999999930056 ) ) ;
#697 = VERTEX_POINT ( 'NONE', #4500 ) ;
#698 = CARTESIAN_POINT ( 'NONE',  ( 1.599999999999996092, 0.1000000000000000056, 0.8750000000000059952 ) ) ;
#699 = DIRECTION ( 'NONE',  ( 0.000000000000000000, -1.000000000000000000, 0.000000000000000000 ) ) ;
#700 = ADVANCED_FACE ( 'NONE', ( #1108 ), #439, .F. ) ;
#701 = CARTESIAN_POINT ( 'NONE',  ( 1.600000000000003197, 0.1000000000000000056, -1.124999999999994005 ) ) ;
#702 = LINE ( 'NONE', #337, #4067 ) ;
#703 = CARTESIAN_POINT ( 'NONE',  ( -1.599999999999996536, 0.000000000000000000, -0.8750000000000037748 ) ) ;
#704 = VERTEX_POINT ( 'NONE', #3525 ) ;
#705 = EDGE_LOOP ( 'NONE', ( #1750, #525, #3875, #3829 ) ) ;
#706 = EDGE_LOOP ( 'NONE', ( #4901, #284, #4261, #1639 ) ) ;
#707 = PLANE ( 'NONE',  #2013 ) ;
#708 = ORIENTED_EDGE ( 'NONE', *, *, #2978, .F. ) ;
#709 = VECTOR ( 'NONE', #1802, 1000.000000000000000 ) ;
#710 = CARTESIAN_POINT ( 'NONE',  ( 1.600000000000001421, 0.1000000000000000056, -0.6249999999999940048 ) ) ;
#711 = AXIS2_PLACEMENT_3D ( 'NONE', #2631, #374, #1541 ) ;
#712 = CARTESIAN_POINT ( 'NONE',  ( 1.599999999999996980, 0.09999999999999999167, 0.6250000000000071054 ) ) ;
#713 = CARTESIAN_POINT ( 'NONE',  ( -1.599999999999998312, 0.09999999999999999167, -0.3750000000000037748 ) ) ;
#714 = LINE ( 'NONE', #1441, #4220 ) ;
#715 = ORIENTED_EDGE ( 'NONE', *, *, #4564, .T. ) ;
#716 = DIRECTION ( 'NONE',  ( -1.000000000000000000, 0.000000000000000000, -3.491481338843133355E-15 ) ) ;
#717 = AXIS2_PLACEMENT_3D ( 'NONE', #4176, #787, #1920 ) ;
#718 = DIRECTION ( 'NONE',  ( 3.491481338843133355E-15, 0.000000000000000000, -1.000000000000000000 ) ) ;
#719 = DIRECTION ( 'NONE',  ( -0.000000000000000000, -1.000000000000000000, 0.000000000000000000 ) ) ;
#720 = VECTOR ( 'NONE', #2763, 1000.000000000000000 ) ;
#721 = ORIENTED_EDGE ( 'NONE', *, *, #2042, .T. ) ;
#722 = LINE ( 'NONE', #1160, #1344 ) ;
#723 = PLANE ( 'NONE',  #2491 ) ;
#724 =( GEOMETRIC_REPRESENTATION_CONTEXT ( 3 ) GLOBAL_UNCERTAINTY_ASSIGNED_CONTEXT ( ( #2501 ) ) GLOBAL_UNIT_ASSIGNED_CONTEXT ( ( #3115, #4606, #4709 ) ) REPRESENTATION_CONTEXT ( 'NONE', 'WORKASPACE' ) );
#725 = DIRECTION ( 'NONE',  ( -3.491481338843133355E-15, 0.000000000000000000, 1.000000000000000000 ) ) ;
#726 = EDGE_CURVE ( 'NONE', #3075, #4513, #1208, .T. ) ;
#727 = CARTESIAN_POINT ( 'NONE',  ( 1.999999999999994449, 0.000000000000000000, 1.375000000000007327 ) ) ;
#728 = PLANE ( 'NONE',  #2729 ) ;
#729 = COLOUR_RGB ( '',0.7921568627450980005, 0.8196078431372548767, 0.9333333333333333481 ) ;
#730 = ORIENTED_EDGE ( 'NONE', *, *, #1735, .F. ) ;
#731 = ORIENTED_EDGE ( 'NONE', *, *, #3013, .F. ) ;
#732 = VECTOR ( 'NONE', #2141, 1000.000000000000000 ) ;
#733 = VECTOR ( 'NONE', #393, 1000.000000000000000 ) ;
#734 = ORIENTED_EDGE ( 'NONE', *, *, #726, .F. ) ;
#735 = CARTESIAN_POINT ( 'NONE',  ( -6.982962677686266711E-15, 0.1000000000000000056, 2.000000000000000000 ) ) ;
#736 = ORIENTED_EDGE ( 'NONE', *, *, #4062, .F. ) ;
#737 = DIRECTION ( 'NONE',  ( 0.000000000000000000, -1.000000000000000000, 0.000000000000000000 ) ) ;
#738 = AXIS2_PLACEMENT_3D ( 'NONE', #819, #2380, #32 ) ;
#739 = EDGE_CURVE ( 'NONE', #4792, #4717, #3178, .T. ) ;
#740 = FACE_OUTER_BOUND ( 'NONE', #3518, .T. ) ;
#741 = STYLED_ITEM ( 'NONE', ( #3085 ), #4699 ) ;
#742 = APPLICATION_PROTOCOL_DEFINITION ( 'draft international standard', 'automotive_design', 1998, #2262 ) ;
#743 = CARTESIAN_POINT ( 'NONE',  ( -1.600000000000004308, 0.5716990566028307130, 1.374999999999995115 ) ) ;
#744 = AXIS2_PLACEMENT_3D ( 'NONE', #1107, #1942, #1154 ) ;
#745 = DIRECTION ( 'NONE',  ( -3.491481338843133355E-15, 0.000000000000000000, 1.000000000000000000 ) ) ;
#746 = ORIENTED_EDGE ( 'NONE', *, *, #2747, .F. ) ;
#747 = DIRECTION ( 'NONE',  ( 0.000000000000000000, -1.000000000000000000, 0.000000000000000000 ) ) ;
#748 = FILL_AREA_STYLE_COLOUR ( '', #3577 ) ;
#749 = EDGE_CURVE ( 'NONE', #341, #2510, #807, .T. ) ;
#750 = AXIS2_PLACEMENT_3D ( 'NONE', #3391, #3721, #3745 ) ;
#751 = CARTESIAN_POINT ( 'NONE',  ( 1.599999999999996092, 0.5716990566028307130, 0.8750000000000059952 ) ) ;
#752 = PLANE ( 'NONE',  #1286 ) ;
#753 = DIRECTION ( 'NONE',  ( -1.000000000000000000, 0.000000000000000000, -3.491481338843133750E-15 ) ) ;
#754 = ORIENTED_EDGE ( 'NONE', *, *, #3497, .T. ) ;
#755 = ORIENTED_EDGE ( 'NONE', *, *, #1635, .F. ) ;
#756 = ADVANCED_FACE ( 'NONE', ( #3547 ), #3137, .F. ) ;
#757 = ORIENTED_EDGE ( 'NONE', *, *, #977, .F. ) ;
#758 = ADVANCED_FACE ( 'NONE', ( #2045, #2018 ), #1251, .T. ) ;
#759 = ORIENTED_EDGE ( 'NONE', *, *, #1207, .T. ) ;
#760 = CARTESIAN_POINT ( 'NONE',  ( -1.599999999999995648, 0.09999999999999999167, -1.125000000000004885 ) ) ;
#761 = CARTESIAN_POINT ( 'NONE',  ( -1.600000000000000089, 0.000000000000000000, 0.1249999999999962669 ) ) ;
#762 = DIRECTION ( 'NONE',  ( -0.000000000000000000, -1.000000000000000000, 0.000000000000000000 ) ) ;
#763 = DIRECTION ( 'NONE',  ( -1.000000000000000000, 0.000000000000000000, -2.407279166357628921E-15 ) ) ;
#764 = SURFACE_STYLE_FILL_AREA ( #2680 ) ;
#765 = VERTEX_POINT ( 'NONE', #45 ) ;
#766 = CARTESIAN_POINT ( 'NONE',  ( -2.000000000000007994, 0.000000000000000000, 1.999999999999992228 ) ) ;
#767 = FACE_OUTER_BOUND ( 'NONE', #4431, .T. ) ;
#768 = DIRECTION ( 'NONE',  ( -3.491481338843133355E-15, 0.000000000000000000, 1.000000000000000000 ) ) ;
#769 = LINE ( 'NONE', #2306, #96 ) ;
#770 = DIRECTION ( 'NONE',  ( 0.000000000000000000, -1.000000000000000000, 0.000000000000000000 ) ) ;
#771 = EDGE_LOOP ( 'NONE', ( #1343, #3471, #4137, #3225 ) ) ;
#772 = ORIENTED_EDGE ( 'NONE', *, *, #4296, .T. ) ;
#773 = ORIENTED_EDGE ( 'NONE', *, *, #4062, .T. ) ;
#774 = ADVANCED_FACE ( 'NONE', ( #4670 ), #3857, .T. ) ;
#775 = ORIENTED_EDGE ( 'NONE', *, *, #3302, .T. ) ;
#776 = CARTESIAN_POINT ( 'NONE',  ( 1.600000000000000533, 0.5716990566028307130, -0.3749999999999930056 ) ) ;
#777 = DIRECTION ( 'NONE',  ( 2.407279166357628921E-15, 0.000000000000000000, -1.000000000000000000 ) ) ;
#778 = EDGE_CURVE ( 'NONE', #342, #704, #3159, .T. ) ;
#779 = DIRECTION ( 'NONE',  ( 2.407279166357628921E-15, 0.000000000000000000, -1.000000000000000000 ) ) ;
#780 = DIRECTION ( 'NONE',  ( -0.000000000000000000, -1.000000000000000000, 0.000000000000000000 ) ) ;
#781 = PLANE ( 'NONE',  #1593 ) ;
#782 = CLOSED_SHELL ( 'NONE', ( #3350, #674, #4017, #684, #422, #4100 ) ) ;
#783 = DIRECTION ( 'NONE',  ( 0.000000000000000000, -1.000000000000000000, 0.000000000000000000 ) ) ;
#784 = UNCERTAINTY_MEASURE_WITH_UNIT (LENGTH_MEASURE( 1.000000000000000082E-05 ), #3551, 'distance_accuracy_value', 'NONE');
#785 = CARTESIAN_POINT ( 'NONE',  ( 1.999999999999998668, 0.1000000000000000056, 0.1250000000000079659 ) ) ;
#786 = VECTOR ( 'NONE', #762, 1000.000000000000000 ) ;
#787 = DIRECTION ( 'NONE',  ( -3.491481338843133355E-15, 0.000000000000000000, 1.000000000000000000 ) ) ;
#788 = FACE_OUTER_BOUND ( 'NONE', #2688, .T. ) ;
#789 = ADVANCED_FACE ( 'NONE', ( #64 ), #781, .T. ) ;
#790 = VECTOR ( 'NONE', #4466, 1000.000000000000000 ) ;
#791 = CARTESIAN_POINT ( 'NONE',  ( -1.562969075405719499, 0.6999999999999999556, -1.549137490667618522 ) ) ;
#792 = ORIENTED_EDGE ( 'NONE', *, *, #4629, .T. ) ;
#793 = VERTEX_POINT ( 'NONE', #1612 ) ;
#794 = AXIS2_PLACEMENT_3D ( 'NONE', #3390, #1955, #3018 ) ;
#795 = ORIENTED_EDGE ( 'NONE', *, *, #836, .F. ) ;
#796 = PLANE ( 'NONE',  #1455 ) ;
#797 = ORIENTED_EDGE ( 'NONE', *, *, #2612, .F. ) ;
#798 = VERTEX_POINT ( 'NONE', #1585 ) ;
#799 = CARTESIAN_POINT ( 'NONE',  ( 1.999999999999992228, 0.000000000000000000, 2.000000000000006217 ) ) ;
#800 = STYLED_ITEM ( 'NONE', ( #4497 ), #1535 ) ;
#801 = VECTOR ( 'NONE', #1465, 1000.000000000000000 ) ;
#802 = DIRECTION ( 'NONE',  ( 3.491481338843133355E-15, 0.000000000000000000, -1.000000000000000000 ) ) ;
#803 = DIRECTION ( 'NONE',  ( 3.491481338843133355E-15, 0.000000000000000000, -1.000000000000000000 ) ) ;
#804 = AXIS2_PLACEMENT_3D ( 'NONE', #1707, #1730, #2490 ) ;
#805 = LINE ( 'NONE', #1041, #391 ) ;
#806 = VECTOR ( 'NONE', #3337, 1000.000000000000000 ) ;
#807 = LINE ( 'NONE', #1946, #2715 ) ;
#808 = EDGE_CURVE ( 'NONE', #1418, #827, #3499, .T. ) ;
#809 = VECTOR ( 'NONE', #1924, 1000.000000000000000 ) ;
#810 = DIRECTION ( 'NONE',  ( -1.000000000000000000, 0.000000000000000000, -3.708321773340234242E-15 ) ) ;
#811 = PLANE ( 'NONE',  #3587 ) ;
#812 = EDGE_CURVE ( 'NONE', #944, #4103, #511, .T. ) ;
#813 = DIRECTION ( 'NONE',  ( 1.000000000000000000, 0.000000000000000000, 3.491481338843133355E-15 ) ) ;
#814 = AXIS2_PLACEMENT_3D ( 'NONE', #2223, #783, #324 ) ;
#815 = VECTOR ( 'NONE', #4812, 1000.000000000000000 ) ;
#816 = FILL_AREA_STYLE ('',( #4278 ) ) ;
#817 = DIRECTION ( 'NONE',  ( -1.000000000000000000, 0.000000000000000000, -3.491481338843133750E-15 ) ) ;
#818 = VECTOR ( 'NONE', #1030, 1000.000000000000000 ) ;
#819 = CARTESIAN_POINT ( 'NONE',  ( -2.000000000000003109, 0.5716990566028307130, 1.124999999999994449 ) ) ;
#820 = ORIENTED_EDGE ( 'NONE', *, *, #1617, .F. ) ;
#821 = DIRECTION ( 'NONE',  ( -1.000000000000000000, 0.000000000000000000, -3.491481338843133355E-15 ) ) ;
#822 = ORIENTED_EDGE ( 'NONE', *, *, #2919, .T. ) ;
#823 = EDGE_LOOP ( 'NONE', ( #3700, #4242, #4693, #4025 ) ) ;
#824 = ADVANCED_FACE ( 'NONE', ( #1559 ), #880, .F. ) ;
#825 = DIRECTION ( 'NONE',  ( -3.491481338843133355E-15, 0.000000000000000000, 1.000000000000000000 ) ) ;
#826 = ORIENTED_EDGE ( 'NONE', *, *, #1608, .T. ) ;
#827 = VERTEX_POINT ( 'NONE', #1230 ) ;
#828 = PLANE ( 'NONE',  #2878 ) ;
#829 = ADVANCED_FACE ( 'NONE', ( #4573 ), #2718, .F. ) ;
#830 = CARTESIAN_POINT ( 'NONE',  ( -1.600000000000005196, 0.1000000000000000056, 1.624999999999996225 ) ) ;
#831 = LINE ( 'NONE', #4246, #2487 ) ;
#832 = CARTESIAN_POINT ( 'NONE',  ( -0.9999999999999897859, 0.000000000000000000, -1.500000000000003331 ) ) ;
#833 = DIRECTION ( 'NONE',  ( 1.000000000000000000, 0.000000000000000000, 3.491481338843133355E-15 ) ) ;
#834 = DIRECTION ( 'NONE',  ( -1.000000000000000000, 0.000000000000000000, -3.491481338843133355E-15 ) ) ;
#835 = EDGE_CURVE ( 'NONE', #3074, #3941, #831, .T. ) ;
#836 = EDGE_CURVE ( 'NONE', #452, #128, #856, .T. ) ;
#837 = EDGE_CURVE ( 'NONE', #3895, #1746, #2816, .T. ) ;
#838 = EDGE_CURVE ( 'NONE', #697, #866, #1388, .T. ) ;
#839 = CARTESIAN_POINT ( 'NONE',  ( 1.599999999999998757, 0.1000000000000000056, 0.1250000000000069944 ) ) ;
#840 = EDGE_CURVE ( 'NONE', #3966, #2664, #1761, .T. ) ;
#841 = DIRECTION ( 'NONE',  ( 0.000000000000000000, -1.000000000000000000, 0.000000000000000000 ) ) ;
#842 = FACE_OUTER_BOUND ( 'NONE', #520, .T. ) ;
#843 = ADVANCED_FACE ( 'NONE', ( #929 ), #636, .F. ) ;
#844 = CARTESIAN_POINT ( 'NONE',  ( -1.299999999999995159, 0.000000000000000000, -1.200000000000003952 ) ) ;
#845 = ORIENTED_EDGE ( 'NONE', *, *, #987, .F. ) ;
#846 = VERTEX_POINT ( 'NONE', #2168 ) ;
#847 =( LENGTH_UNIT ( ) NAMED_UNIT ( * ) SI_UNIT ( .MILLI., .METRE. ) );
#848 = ORIENTED_EDGE ( 'NONE', *, *, #838, .T. ) ;
#849 = CARTESIAN_POINT ( 'NONE',  ( -2.000000000000003997, 0.000000000000000000, 0.8749999999999937828 ) ) ;
#850 = VERTEX_POINT ( 'NONE', #1742 ) ;
#851 = ORIENTED_EDGE ( 'NONE', *, *, #2282, .F. ) ;
#852 = DIRECTION ( 'NONE',  ( 1.000000000000000000, 0.000000000000000000, 3.491481338843133355E-15 ) ) ;
#853 = EDGE_CURVE ( 'NONE', #4741, #153, #2098, .T. ) ;
#854 = LINE ( 'NONE', #2067, #1846 ) ;
#855 = LINE ( 'NONE', #1969, #2636 ) ;
#856 = LINE ( 'NONE', #2392, #4274 ) ;
#857 = VECTOR ( 'NONE', #770, 1000.000000000000000 ) ;
#858 = DIRECTION ( 'NONE',  ( -3.491481338843133355E-15, 0.000000000000000000, 1.000000000000000000 ) ) ;
#859 = CARTESIAN_POINT ( 'NONE',  ( -1.300000000000005151, 4.069886648255841344, 1.499999999999995781 ) ) ;
#860 = DIRECTION ( 'NONE',  ( 3.491481338843133355E-15, 0.000000000000000000, -1.000000000000000000 ) ) ;
#861 = ORIENTED_EDGE ( 'NONE', *, *, #4695, .F. ) ;
#862 = CARTESIAN_POINT ( 'NONE',  ( 1.999999999999999556, 0.09999999999999999167, -0.1249999999999927419 ) ) ;
#863 = VECTOR ( 'NONE', #3912, 1000.000000000000000 ) ;
#864 = DIRECTION ( 'NONE',  ( -1.000000000000000000, 0.000000000000000000, -3.491481338843133355E-15 ) ) ;
#865 = PLANE ( 'NONE',  #1611 ) ;
#866 = VERTEX_POINT ( 'NONE', #2913 ) ;
#867 = LINE ( 'NONE', #1569, #423 ) ;
#868 = ORIENTED_EDGE ( 'NONE', *, *, #3345, .T. ) ;
#869 = VERTEX_POINT ( 'NONE', #4397 ) ;
#870 = AXIS2_PLACEMENT_3D ( 'NONE', #1443, #3333, #3738 ) ;
#871 = EDGE_CURVE ( 'NONE', #4542, #1570, #1001, .T. ) ;
#872 = DIRECTION ( 'NONE',  ( 1.000000000000000000, 0.000000000000000000, 3.491481338843133355E-15 ) ) ;
#873 = EDGE_LOOP ( 'NONE', ( #469, #3184, #3661, #3243 ) ) ;
#874 = FACE_OUTER_BOUND ( 'NONE', #4218, .T. ) ;
#875 = VECTOR ( 'NONE', #4778, 1000.000000000000000 ) ;
#876 = ORIENTED_EDGE ( 'NONE', *, *, #1505, .F. ) ;
#877 = CARTESIAN_POINT ( 'NONE',  ( 2.000000000000005773, 0.000000000000000000, -1.999999999999994005 ) ) ;
#878 = CARTESIAN_POINT ( 'NONE',  ( 1.599999999999996980, 0.000000000000000000, 0.6250000000000071054 ) ) ;
#879 = MECHANICAL_DESIGN_GEOMETRIC_PRESENTATION_REPRESENTATION (  '', ( #3038 ), #1926 ) ;
#880 = PLANE ( 'NONE',  #1437 ) ;
#881 = ADVANCED_FACE ( 'NONE', ( #3596 ), #198, .T. ) ;
#882 = VECTOR ( 'NONE', #4056, 1000.000000000000000 ) ;
#883 = LINE ( 'NONE', #1279, #4214 ) ;
#884 = AXIS2_PLACEMENT_3D ( 'NONE', #3689, #4106, #1153 ) ;
#885 = UNCERTAINTY_MEASURE_WITH_UNIT (LENGTH_MEASURE( 1.000000000000000082E-05 ), #1828, 'distance_accuracy_value', 'NONE');
#886 = CARTESIAN_POINT ( 'NONE',  ( 1.599999999999996980, 0.000000000000000000, 0.6250000000000071054 ) ) ;
#887 = PRESENTATION_STYLE_ASSIGNMENT (( #3141 ) ) ;
#888 = CARTESIAN_POINT ( 'NONE',  ( 1.600000000000003197, 0.000000000000000000, -1.124999999999994005 ) ) ;
#889 = VECTOR ( 'NONE', #1589, 1000.000000000000000 ) ;
#890 = DIRECTION ( 'NONE',  ( 3.383061121594582912E-15, 0.000000000000000000, -1.000000000000000000 ) ) ;
#891 = VECTOR ( 'NONE', #1543, 1000.000000000000000 ) ;
#892 = ORIENTED_EDGE ( 'NONE', *, *, #2933, .T. ) ;
#893 = CARTESIAN_POINT ( 'NONE',  ( -2.000000000000007994, 7.256854249492380227, 1.999999999999992228 ) ) ;
#894 = EDGE_CURVE ( 'NONE', #3513, #1704, #3304, .T. ) ;
#895 = VERTEX_POINT ( 'NONE', #591 ) ;
#896 = EDGE_LOOP ( 'NONE', ( #2826, #527, #2930, #2807 ) ) ;
#897 = VECTOR ( 'NONE', #1766, 1000.000000000000000 ) ;
#898 = FILL_AREA_STYLE_COLOUR ( '', #1176 ) ;
#899 = ORIENTED_EDGE ( 'NONE', *, *, #4855, .T. ) ;
#900 = CARTESIAN_POINT ( 'NONE',  ( 1.599999999999993650, 0.000000000000000000, 1.625000000000007105 ) ) ;
#901 = ORIENTED_EDGE ( 'NONE', *, *, #610, .T. ) ;
#902 = VERTEX_POINT ( 'NONE', #1277 ) ;
#903 = EDGE_CURVE ( 'NONE', #153, #2008, #1713, .T. ) ;
#904 = DIRECTION ( 'NONE',  ( -1.000000000000000000, 0.000000000000000000, -3.491481338843133750E-15 ) ) ;
#905 =( GEOMETRIC_REPRESENTATION_CONTEXT ( 3 ) GLOBAL_UNCERTAINTY_ASSIGNED_CONTEXT ( ( #885 ) ) GLOBAL_UNIT_ASSIGNED_CONTEXT ( ( #1828, #1378, #1046 ) ) REPRESENTATION_CONTEXT ( 'NONE', 'WORKASPACE' ) );
#906 = DIRECTION ( 'NONE',  ( 0.000000000000000000, -1.000000000000000000, 0.000000000000000000 ) ) ;
#907 = DIRECTION ( 'NONE',  ( -3.383061121594582912E-15, 0.000000000000000000, 1.000000000000000000 ) ) ;
#908 = DIRECTION ( 'NONE',  ( -0.000000000000000000, -1.000000000000000000, 0.000000000000000000 ) ) ;
#909 = LINE ( 'NONE', #4226, #1461 ) ;
#910 = PLANE ( 'NONE',  #1772 ) ;
#911 = DIRECTION ( 'NONE',  ( 3.491481338843133355E-15, 0.000000000000000000, -1.000000000000000000 ) ) ;
#912 = VERTEX_POINT ( 'NONE', #4750 ) ;
#913 = PLANE ( 'NONE',  #2326 ) ;
#914 = LINE ( 'NONE', #2797, #3808 ) ;
#915 = LINE ( 'NONE', #2455, #668 ) ;
#916 = DIRECTION ( 'NONE',  ( -1.000000000000000000, 0.000000000000000000, -4.575683511328639367E-15 ) ) ;
#917 = ORIENTED_EDGE ( 'NONE', *, *, #2877, .T. ) ;
#918 = LINE ( 'NONE', #3923, #3867 ) ;
#919 = ORIENTED_EDGE ( 'NONE', *, *, #3288, .F. ) ;
#920 = ORIENTED_EDGE ( 'NONE', *, *, #3988, .T. ) ;
#921 = PRESENTATION_STYLE_ASSIGNMENT (( #1222 ) ) ;
#922 = EDGE_LOOP ( 'NONE', ( #2761, #3678 ) ) ;
#923 = FACE_OUTER_BOUND ( 'NONE', #1332, .T. ) ;
#924 = ORIENTED_EDGE ( 'NONE', *, *, #2471, .T. ) ;
#925 = ORIENTED_EDGE ( 'NONE', *, *, #2015, .F. ) ;
#926 = FACE_OUTER_BOUND ( 'NONE', #1574, .T. ) ;
#927 = LINE ( 'NONE', #4297, #410 ) ;
#928 = DIRECTION ( 'NONE',  ( -0.000000000000000000, -1.000000000000000000, 0.000000000000000000 ) ) ;
#929 = FACE_OUTER_BOUND ( 'NONE', #706, .T. ) ;
#930 = FACE_OUTER_BOUND ( 'NONE', #4281, .T. ) ;
#931 = UNCERTAINTY_MEASURE_WITH_UNIT (LENGTH_MEASURE( 1.000000000000000082E-05 ), #2918, 'distance_accuracy_value', 'NONE');
#932 = ORIENTED_EDGE ( 'NONE', *, *, #2150, .T. ) ;
#933 = ORIENTED_EDGE ( 'NONE', *, *, #144, .T. ) ;
#934 = CARTESIAN_POINT ( 'NONE',  ( -1.599999999999994982, 0.000000000000000000, -1.375000000000003775 ) ) ;
#935 = EDGE_LOOP ( 'NONE', ( #567, #2580, #2887, #1283 ) ) ;
#936 = DIRECTION ( 'NONE',  ( 3.491481338843133355E-15, 0.000000000000000000, -1.000000000000000000 ) ) ;
#937 = COLOUR_RGB ( '',0.7921568627450980005, 0.8196078431372548767, 0.9333333333333333481 ) ;
#938 = CARTESIAN_POINT ( 'NONE',  ( 1.999999999999995337, 0.09999999999999999167, 1.125000000000007994 ) ) ;
#939 = ORIENTED_EDGE ( 'NONE', *, *, #990, .F. ) ;
#940 = ADVANCED_FACE ( 'NONE', ( #4016 ), #3640, .T. ) ;
#941 = VECTOR ( 'NONE', #968, 1000.000000000000000 ) ;
#942 = ORIENTED_EDGE ( 'NONE', *, *, #7, .T. ) ;
#943 = CARTESIAN_POINT ( 'NONE',  ( 2.000000000000003109, 0.1000000000000000056, -1.124999999999992673 ) ) ;
#944 = VERTEX_POINT ( 'NONE', #2069 ) ;
#945 = ORIENTED_EDGE ( 'NONE', *, *, #10, .F. ) ;
#946 = VECTOR ( 'NONE', #493, 1000.000000000000000 ) ;
#947 = LINE ( 'NONE', #1351, #648 ) ;
#948 = VECTOR ( 'NONE', #1356, 1000.000000000000000 ) ;
#949 = EDGE_LOOP ( 'NONE', ( #1339, #3351, #3956, #2463 ) ) ;
#950 = CARTESIAN_POINT ( 'NONE',  ( -8.728703347107833388E-15, 0.1000000000000000056, 2.500000000000000000 ) ) ;
#951 = CARTESIAN_POINT ( 'NONE',  ( -1.600000000000005196, 0.000000000000000000, 1.624999999999996225 ) ) ;
#952 = PRESENTATION_LAYER_ASSIGNMENT (  '', '', ( #1116 ) ) ;
#953 = DIRECTION ( 'NONE',  ( 1.000000000000000000, 0.000000000000000000, 3.491481338843133355E-15 ) ) ;
#954 = LINE ( 'NONE', #2502, #2094 ) ;
#955 = CARTESIAN_POINT ( 'NONE',  ( -0.9999999999999928946, 0.1000000000000002554, -1.500000000000003331 ) ) ;
#956 = VECTOR ( 'NONE', #564, 1000.000000000000000 ) ;
#957 = VERTEX_POINT ( 'NONE', #3229 ) ;
#958 = VERTEX_POINT ( 'NONE', #2469 ) ;
#959 = LINE ( 'NONE', #3646, #2795 ) ;
#960 = EDGE_CURVE ( 'NONE', #1978, #958, #3567, .T. ) ;
#961 = PLANE ( 'NONE',  #4598 ) ;
#962 = AXIS2_PLACEMENT_3D ( 'NONE', #3223, #2461, #2517 ) ;
#963 = AXIS2_PLACEMENT_3D ( 'NONE', #4110, #745, #3039 ) ;
#964 = CARTESIAN_POINT ( 'NONE',  ( 1.599999999999998757, 0.1000000000000000056, 0.1250000000000069944 ) ) ;
#965 = FACE_OUTER_BOUND ( 'NONE', #1462, .T. ) ;
#966 = ORIENTED_EDGE ( 'NONE', *, *, #4247, .F. ) ;
#967 = CARTESIAN_POINT ( 'NONE',  ( 2.000000000000000444, 0.5716990566028307130, -0.3749999999999920619 ) ) ;
#968 = DIRECTION ( 'NONE',  ( 3.491481338843133355E-15, 0.000000000000000000, -1.000000000000000000 ) ) ;
#969 = VERTEX_POINT ( 'NONE', #4377 ) ;
#970 = VECTOR ( 'NONE', #287, 1000.000000000000000 ) ;
#971 = CARTESIAN_POINT ( 'NONE',  ( -2.000000000000003109, 0.000000000000000000, 1.124999999999994449 ) ) ;
#972 = VECTOR ( 'NONE', #1091, 1000.000000000000000 ) ;
#973 = ORIENTED_EDGE ( 'NONE', *, *, #2264, .F. ) ;
#974 = PLANE ( 'NONE',  #1852 ) ;
#975 = ORIENTED_EDGE ( 'NONE', *, *, #1147, .T. ) ;
#976 = ORIENTED_EDGE ( 'NONE', *, *, #467, .T. ) ;
#977 = EDGE_CURVE ( 'NONE', #2518, #4468, #166, .T. ) ;
#978 = ORIENTED_EDGE ( 'NONE', *, *, #2059, .F. ) ;
#979 = LINE ( 'NONE', #2523, #4514 ) ;
#980 = PLANE ( 'NONE',  #1280 ) ;
#981 = EDGE_CURVE ( 'NONE', #1760, #1576, #2860, .T. ) ;
#982 = EDGE_LOOP ( 'NONE', ( #2339, #215, #3660, #2853 ) ) ;
#983 = ORIENTED_EDGE ( 'NONE', *, *, #449, .T. ) ;
#984 = CARTESIAN_POINT ( 'NONE',  ( -1.600000000000001865, 0.1000000000000000056, 0.6249999999999962252 ) ) ;
#985 = EDGE_CURVE ( 'NONE', #2434, #4792, #4346, .T. ) ;
#986 = EDGE_CURVE ( 'NONE', #4082, #631, #4321, .T. ) ;
#987 = EDGE_CURVE ( 'NONE', #1576, #1122, #979, .T. ) ;
#988 = DIRECTION ( 'NONE',  ( 0.000000000000000000, -1.000000000000000000, 0.000000000000000000 ) ) ;
#989 = PLANE ( 'NONE',  #2899 ) ;
#990 = EDGE_CURVE ( 'NONE', #4746, #4543, #295, .T. ) ;
#991 = VERTEX_POINT ( 'NONE', #4420 ) ;
#992 = CARTESIAN_POINT ( 'NONE',  ( -1.999999999999996225, 0.09999999999999999167, -0.8750000000000055511 ) ) ;
#993 = ORIENTED_EDGE ( 'NONE', *, *, #3848, .F. ) ;
#994 = ORIENTED_EDGE ( 'NONE', *, *, #2877, .F. ) ;
#995 = EDGE_CURVE ( 'NONE', #522, #1246, #2645, .T. ) ;
#996 = ORIENTED_EDGE ( 'NONE', *, *, #2442, .F. ) ;
#997 = CARTESIAN_POINT ( 'NONE',  ( -1.599999999999997424, 0.1000000000000000056, -0.6250000000000048850 ) ) ;
#998 = VERTEX_POINT ( 'NONE', #4802 ) ;
#999 = ORIENTED_EDGE ( 'NONE', *, *, #113, .T. ) ;
#1000 = ORIENTED_EDGE ( 'NONE', *, *, #2597, .T. ) ;
#1001 = LINE ( 'NONE', #4036, #3968 ) ;
#1002 = EDGE_CURVE ( 'NONE', #2272, #203, #2671, .T. ) ;
#1003 = PLANE ( 'NONE',  #1699 ) ;
#1004 = DIRECTION ( 'NONE',  ( 3.491481338843133355E-15, 0.000000000000000000, -1.000000000000000000 ) ) ;
#1005 = SURFACE_STYLE_FILL_AREA ( #2622 ) ;
#1006 = ORIENTED_EDGE ( 'NONE', *, *, #2620, .T. ) ;
#1007 = CARTESIAN_POINT ( 'NONE',  ( -2.000000000000003109, 0.5716990566028307130, 1.124999999999994449 ) ) ;
#1008 = CARTESIAN_POINT ( 'NONE',  ( 1.999999999999992228, 0.000000000000000000, 2.000000000000006217 ) ) ;
#1009 = DIRECTION ( 'NONE',  ( -3.491481338843133355E-15, 0.000000000000000000, 1.000000000000000000 ) ) ;
#1010 = PRESENTATION_STYLE_ASSIGNMENT (( #1395 ) ) ;
#1011 = ORIENTED_EDGE ( 'NONE', *, *, #2920, .T. ) ;
#1012 = CARTESIAN_POINT ( 'NONE',  ( -1.599999999999994982, 0.000000000000000000, -1.375000000000003775 ) ) ;
#1013 = FACE_OUTER_BOUND ( 'NONE', #3940, .T. ) ;
#1014 = ORIENTED_EDGE ( 'NONE', *, *, #2321, .T. ) ;
#1015 = DIRECTION ( 'NONE',  ( 1.000000000000000000, 0.000000000000000000, 4.575683511328639367E-15 ) ) ;
#1016 = DIRECTION ( 'NONE',  ( -1.000000000000000000, 0.000000000000000000, -3.491481338843133355E-15 ) ) ;
#1017 = DIRECTION ( 'NONE',  ( -1.000000000000000000, 0.000000000000000000, -3.491481338843133355E-15 ) ) ;
#1018 = VERTEX_POINT ( 'NONE', #4520 ) ;
#1019 = VECTOR ( 'NONE', #510, 1000.000000000000000 ) ;
#1020 = CARTESIAN_POINT ( 'NONE',  ( -1.599999999999999201, 0.1000000000000000056, -0.1250000000000048295 ) ) ;
#1021 = VERTEX_POINT ( 'NONE', #1911 ) ;
#1022 = ORIENTED_EDGE ( 'NONE', *, *, #3637, .F. ) ;
#1023 = EDGE_CURVE ( 'NONE', #3560, #207, #3328, .T. ) ;
#1024 = PRESENTATION_LAYER_ASSIGNMENT (  '', '', ( #1986 ) ) ;
#1025 = EDGE_LOOP ( 'NONE', ( #1480, #2362, #3899, #1620, #4047, #3415, #9, #1768, #3602, #1014, #3562, #1804, #3558, #3339, #901, #2756, #4581, #1322, #2269, #4369, #3521, #2274, #920, #2711, #4030, #313, #2601, #2951, #4015, #1100, #608, #1812, #773, #1500, #4848, #2270, #2534, #310, #1833, #1365, #3326, #1159, #1886, #3072, #3234, #3623, #1346, #1598, #2516, #3248, #2050, #1843, #4317, #1674, #604, #3622, #4162, #2836, #1524, #1127 ) ) ;
#1026 = DIRECTION ( 'NONE',  ( 1.000000000000000000, 0.000000000000000000, 3.491481338843133355E-15 ) ) ;
#1027 = VECTOR ( 'NONE', #3432, 1000.000000000000000 ) ;
#1028 = CARTESIAN_POINT ( 'NONE',  ( 2.000000000000000444, 0.09999999999999999167, -0.3749999999999920619 ) ) ;
#1029 = LINE ( 'NONE', #3330, #2495 ) ;
#1030 = DIRECTION ( 'NONE',  ( -3.491481338843133355E-15, 0.000000000000000000, 1.000000000000000000 ) ) ;
#1031 = ORIENTED_EDGE ( 'NONE', *, *, #1565, .T. ) ;
#1032 = ADVANCED_FACE ( 'NONE', ( #4104 ), #685, .T. ) ;
#1033 = AXIS2_PLACEMENT_3D ( 'NONE', #3055, #3496, #3830 ) ;
#1034 = CARTESIAN_POINT ( 'NONE',  ( 1.599999999999999645, 0.1000000000000000056, -0.1249999999999940881 ) ) ;
#1035 = SURFACE_SIDE_STYLE ('',( #4808 ) ) ;
#1036 = VECTOR ( 'NONE', #1720, 1000.000000000000000 ) ;
#1037 = EDGE_CURVE ( 'NONE', #869, #846, #3400, .T. ) ;
#1038 = CARTESIAN_POINT ( 'NONE',  ( -2.000000000000004885, 0.09999999999999999167, 1.624999999999994449 ) ) ;
#1039 = DIRECTION ( 'NONE',  ( -1.000000000000000000, 0.000000000000000000, -3.708321773340234242E-15 ) ) ;
#1040 = ORIENTED_EDGE ( 'NONE', *, *, #808, .F. ) ;
#1041 = CARTESIAN_POINT ( 'NONE',  ( 1.600000000000004752, 0.09999999999999999167, -1.624999999999994005 ) ) ;
#1042 = FACE_OUTER_BOUND ( 'NONE', #705, .T. ) ;
#1043 = ORIENTED_EDGE ( 'NONE', *, *, #2978, .T. ) ;
#1044 = VECTOR ( 'NONE', #4020, 1000.000000000000000 ) ;
#1045 = LINE ( 'NONE', #558, #790 ) ;
#1046 =( NAMED_UNIT ( * ) SI_UNIT ( $, .STERADIAN. ) SOLID_ANGLE_UNIT ( ) );
#1047 = DIRECTION ( 'NONE',  ( 0.000000000000000000, 1.000000000000000000, 0.000000000000000000 ) ) ;
#1048 = AXIS2_PLACEMENT_3D ( 'NONE', #1268, #1245, #3153 ) ;
#1049 = ORIENTED_EDGE ( 'NONE', *, *, #4438, .F. ) ;
#1050 = EDGE_CURVE ( 'NONE', #4717, #3321, #316, .T. ) ;
#1051 = EDGE_CURVE ( 'NONE', #2594, #4587, #4152, .T. ) ;
#1052 = AXIS2_PLACEMENT_3D ( 'NONE', #3780, #387, #296 ) ;
#1053 = CARTESIAN_POINT ( 'NONE',  ( 1.599999999999995204, 0.000000000000000000, 1.125000000000007105 ) ) ;
#1054 = VERTEX_POINT ( 'NONE', #1839 ) ;
#1055 = ORIENTED_EDGE ( 'NONE', *, *, #4676, .T. ) ;
#1056 = ADVANCED_FACE ( 'NONE', ( #1409 ), #2276, .T. ) ;
#1057 = ORIENTED_EDGE ( 'NONE', *, *, #3462, .T. ) ;
#1058 = EDGE_CURVE ( 'NONE', #3212, #1706, #3779, .T. ) ;
#1059 = CARTESIAN_POINT ( 'NONE',  ( -1.600000000000003642, 0.000000000000000000, 1.124999999999996225 ) ) ;
#1060 = VECTOR ( 'NONE', #592, 1000.000000000000000 ) ;
#1061 = VECTOR ( 'NONE', #3697, 1000.000000000000000 ) ;
#1062 = FACE_OUTER_BOUND ( 'NONE', #2563, .T. ) ;
#1063 = EDGE_CURVE ( 'NONE', #4611, #3924, #1083, .T. ) ;
#1064 =( GEOMETRIC_REPRESENTATION_CONTEXT ( 3 ) GLOBAL_UNCERTAINTY_ASSIGNED_CONTEXT ( ( #2394 ) ) GLOBAL_UNIT_ASSIGNED_CONTEXT ( ( #2548, #319, #4380 ) ) REPRESENTATION_CONTEXT ( 'NONE', 'WORKASPACE' ) );
#1065 = LINE ( 'NONE', #4498, #3666 ) ;
#1066 = CARTESIAN_POINT ( 'NONE',  ( -1.600000000000000977, 0.1000000000000000056, 0.3749999999999951705 ) ) ;
#1067 = ORIENTED_EDGE ( 'NONE', *, *, #4230, .T. ) ;
#1068 = LINE ( 'NONE', #3712, #4667 ) ;
#1069 = CARTESIAN_POINT ( 'NONE',  ( 1.599999999999996092, 0.000000000000000000, 0.8750000000000059952 ) ) ;
#1070 = LINE ( 'NONE', #1800, #3279 ) ;
#1071 = DIRECTION ( 'NONE',  ( -3.491481338843133355E-15, 0.000000000000000000, 1.000000000000000000 ) ) ;
#1072 = ORIENTED_EDGE ( 'NONE', *, *, #3385, .F. ) ;
#1073 = DIRECTION ( 'NONE',  ( 3.491481338843133355E-15, 0.000000000000000000, -1.000000000000000000 ) ) ;
#1074 = CARTESIAN_POINT ( 'NONE',  ( 1.599999999999995204, 0.5716990566028307130, 1.125000000000007105 ) ) ;
#1075 = PLANE ( 'NONE',  #1273 ) ;
#1076 = DIRECTION ( 'NONE',  ( 4.575683511328639367E-15, 0.000000000000000000, -1.000000000000000000 ) ) ;
#1077 = LINE ( 'NONE', #4818, #3366 ) ;
#1078 = DIRECTION ( 'NONE',  ( -1.000000000000000000, 0.000000000000000000, -3.491481338843133750E-15 ) ) ;
#1079 = EDGE_LOOP ( 'NONE', ( #4058, #4078, #3584, #1478, #1525 ) ) ;
#1080 = ORIENTED_EDGE ( 'NONE', *, *, #3667, .T. ) ;
#1081 = ORIENTED_EDGE ( 'NONE', *, *, #231, .T. ) ;
#1082 = ORIENTED_EDGE ( 'NONE', *, *, #86, .F. ) ;
#1083 = LINE ( 'NONE', #4064, #2247 ) ;
#1084 = LINE ( 'NONE', #4830, #2014 ) ;
#1085 = CARTESIAN_POINT ( 'NONE',  ( -2.000000000000001332, 0.1000000000000000056, 0.6249999999999944489 ) ) ;
#1086 = ORIENTED_EDGE ( 'NONE', *, *, #2920, .F. ) ;
#1087 = CARTESIAN_POINT ( 'NONE',  ( 1.600000000000004086, 0.1000000000000000056, -1.374999999999992895 ) ) ;
#1088 = ADVANCED_FACE ( 'NONE', ( #1891 ), #661, .F. ) ;
#1089 = CARTESIAN_POINT ( 'NONE',  ( 1.599999999999996980, 0.1000000000000000056, 0.6250000000000071054 ) ) ;
#1090 = LINE ( 'NONE', #3407, #344 ) ;
#1091 = DIRECTION ( 'NONE',  ( 0.000000000000000000, -1.000000000000000000, 0.000000000000000000 ) ) ;
#1092 = CARTESIAN_POINT ( 'NONE',  ( -1.599999999999998312, 0.1000000000000000056, -0.3750000000000037748 ) ) ;
#1093 = LINE ( 'NONE', #4117, #3753 ) ;
#1094 = FACE_OUTER_BOUND ( 'NONE', #3097, .T. ) ;
#1095 = DIRECTION ( 'NONE',  ( 0.000000000000000000, -1.000000000000000000, 0.000000000000000000 ) ) ;
#1096 = ORIENTED_EDGE ( 'NONE', *, *, #2077, .T. ) ;
#1097 = ORIENTED_EDGE ( 'NONE', *, *, #4860, .F. ) ;
#1098 = ADVANCED_FACE ( 'NONE', ( #4473 ), #4887, .F. ) ;
#1099 = VECTOR ( 'NONE', #1671, 1000.000000000000000 ) ;
#1100 = ORIENTED_EDGE ( 'NONE', *, *, #467, .F. ) ;
#1101 = ORIENTED_EDGE ( 'NONE', *, *, #3104, .F. ) ;
#1102 = VECTOR ( 'NONE', #4172, 1000.000000000000000 ) ;
#1103 = DIRECTION ( 'NONE',  ( 0.000000000000000000, -1.000000000000000000, 0.000000000000000000 ) ) ;
#1104 = CLOSED_SHELL ( 'NONE', ( #2577, #2296, #3138, #3134, #2564, #456 ) ) ;
#1105 = DIRECTION ( 'NONE',  ( -3.491481338843133355E-15, 0.000000000000000000, 1.000000000000000000 ) ) ;
#1106 = PLANE ( 'NONE',  #3978 ) ;
#1107 = CARTESIAN_POINT ( 'NONE',  ( 0.000000000000000000, 0.000000000000000000, 0.000000000000000000 ) ) ;
#1108 = FACE_OUTER_BOUND ( 'NONE', #2181, .T. ) ;
#1109 = ORIENTED_EDGE ( 'NONE', *, *, #692, .T. ) ;
#1110 = CARTESIAN_POINT ( 'NONE',  ( 0.000000000000000000, 0.1000000000000000056, 0.000000000000000000 ) ) ;
#1111 =( LENGTH_UNIT ( ) NAMED_UNIT ( * ) SI_UNIT ( .MILLI., .METRE. ) );
#1112 = AXIS2_PLACEMENT_3D ( 'NONE', #3472, #1578, #3102 ) ;
#1113 = VERTEX_POINT ( 'NONE', #3688 ) ;
#1114 = EDGE_CURVE ( 'NONE', #2699, #3147, #1814, .T. ) ;
#1115 = LINE ( 'NONE', #3743, #1027 ) ;
#1116 = STYLED_ITEM ( 'NONE', ( #1494 ), #1411 ) ;
#1117 = DIRECTION ( 'NONE',  ( -3.491481338843133355E-15, 0.000000000000000000, 1.000000000000000000 ) ) ;
#1118 = DIRECTION ( 'NONE',  ( 0.000000000000000000, -1.000000000000000000, 0.000000000000000000 ) ) ;
#1119 = LINE ( 'NONE', #4440, #2418 ) ;
#1120 = VECTOR ( 'NONE', #3105, 1000.000000000000000 ) ;
#1121 = VERTEX_POINT ( 'NONE', #2619 ) ;
#1122 = VERTEX_POINT ( 'NONE', #710 ) ;
#1123 = VECTOR ( 'NONE', #1456, 1000.000000000000000 ) ;
#1124 = AXIS2_PLACEMENT_3D ( 'NONE', #1764, #2197, #1105 ) ;
#1125 = ORIENTED_EDGE ( 'NONE', *, *, #2626, .T. ) ;
#1126 = PLANE ( 'NONE',  #1526 ) ;
#1127 = ORIENTED_EDGE ( 'NONE', *, *, #4167, .F. ) ;
#1128 = CARTESIAN_POINT ( 'NONE',  ( -5.237222008264700033E-15, 0.000000000000000000, 1.500000000000000000 ) ) ;
#1129 = VECTOR ( 'NONE', #2374, 1000.000000000000000 ) ;
#1130 = PLANE ( 'NONE',  #1370 ) ;
#1131 = VECTOR ( 'NONE', #4530, 1000.000000000000000 ) ;
#1132 = LINE ( 'NONE', #43, #2982 ) ;
#1133 = DIRECTION ( 'NONE',  ( -1.000000000000000000, 0.000000000000000000, -2.407279166357628921E-15 ) ) ;
#1134 = STYLED_ITEM ( 'NONE', ( #4085 ), #4798 ) ;
#1135 = DIRECTION ( 'NONE',  ( 3.491481338843133355E-15, 0.000000000000000000, -1.000000000000000000 ) ) ;
#1136 = FILL_AREA_STYLE_COLOUR ( '', #28 ) ;
#1137 = DIRECTION ( 'NONE',  ( 4.575683511328639367E-15, 0.000000000000000000, -1.000000000000000000 ) ) ;
#1138 = FACE_OUTER_BOUND ( 'NONE', #2929, .T. ) ;
#1139 = VECTOR ( 'NONE', #1594, 1000.000000000000000 ) ;
#1140 = EDGE_CURVE ( 'NONE', #1271, #2857, #3381, .T. ) ;
#1141 = CARTESIAN_POINT ( 'NONE',  ( -1.600000000000000089, 0.5716990566028307130, 0.1249999999999962669 ) ) ;
#1142 = CARTESIAN_POINT ( 'NONE',  ( -1.999999999999993561, 0.000000000000000000, -1.625000000000006217 ) ) ;
#1143 = CARTESIAN_POINT ( 'NONE',  ( -1.599999999999994982, 0.5716990566028307130, -1.375000000000003775 ) ) ;
#1144 = EDGE_LOOP ( 'NONE', ( #4418, #3905, #609, #3984 ) ) ;
#1145 = ORIENTED_EDGE ( 'NONE', *, *, #3172, .T. ) ;
#1146 = ADVANCED_FACE ( 'NONE', ( #1062 ), #2596, .F. ) ;
#1147 = EDGE_CURVE ( 'NONE', #3054, #4439, #1604, .T. ) ;
#1148 = VERTEX_POINT ( 'NONE', #4243 ) ;
#1149 = CARTESIAN_POINT ( 'NONE',  ( 1.299999999999994937, 0.1000000000000002554, 1.500000000000004885 ) ) ;
#1150 = ORIENTED_EDGE ( 'NONE', *, *, #658, .T. ) ;
#1151 = CARTESIAN_POINT ( 'NONE',  ( -1.599999999999994982, 0.1000000000000000056, -1.375000000000003775 ) ) ;
#1152 =( NAMED_UNIT ( * ) PLANE_ANGLE_UNIT ( ) SI_UNIT ( $, .RADIAN. ) );
#1153 = DIRECTION ( 'NONE',  ( 1.000000000000000000, 0.000000000000000000, 3.491481338843133355E-15 ) ) ;
#1154 = DIRECTION ( 'NONE',  ( 1.000000000000000000, 0.000000000000000000, 0.000000000000000000 ) ) ;
#1155 = CARTESIAN_POINT ( 'NONE',  ( -1.999999999999994449, 0.09999999999999999167, -1.375000000000005551 ) ) ;
#1156 = CARTESIAN_POINT ( 'NONE',  ( 2.000000000000003997, 0.09999999999999999167, -1.374999999999992006 ) ) ;
#1157 = EDGE_CURVE ( 'NONE', #793, #1677, #3129, .T. ) ;
#1158 = DIRECTION ( 'NONE',  ( 1.000000000000000000, 0.000000000000000000, 3.491481338843133355E-15 ) ) ;
#1159 = ORIENTED_EDGE ( 'NONE', *, *, #2042, .F. ) ;
#1160 = CARTESIAN_POINT ( 'NONE',  ( 1.599999999999994538, 0.5716990566028307130, 1.375000000000005995 ) ) ;
#1161 = CARTESIAN_POINT ( 'NONE',  ( 1.299999999999994937, 4.069886648255841344, 1.500000000000004885 ) ) ;
#1162 = CARTESIAN_POINT ( 'NONE',  ( -2.000000000000001332, 0.000000000000000000, 0.6249999999999944489 ) ) ;
#1163 = DIRECTION ( 'NONE',  ( 0.000000000000000000, -1.000000000000000000, 0.000000000000000000 ) ) ;
#1164 = EDGE_LOOP ( 'NONE', ( #3556, #4640, #267, #4799 ) ) ;
#1165 = ORIENTED_EDGE ( 'NONE', *, *, #1360, .F. ) ;
#1166 = ORIENTED_EDGE ( 'NONE', *, *, #2470, .F. ) ;
#1167 = DIRECTION ( 'NONE',  ( 1.000000000000000000, 0.000000000000000000, 3.491481338843133355E-15 ) ) ;
#1168 = EDGE_LOOP ( 'NONE', ( #4658, #3900, #1568, #3638 ) ) ;
#1169 = ORIENTED_EDGE ( 'NONE', *, *, #2409, .F. ) ;
#1170 = ADVANCED_FACE ( 'NONE', ( #3803 ), #409, .F. ) ;
#1171 = CARTESIAN_POINT ( 'NONE',  ( -3.491481338843133355E-15, 0.1000000000000000056, 1.000000000000000000 ) ) ;
#1172 = AXIS2_PLACEMENT_3D ( 'NONE', #4026, #2433, #2827 ) ;
#1173 = EDGE_CURVE ( 'NONE', #452, #2477, #2011, .T. ) ;
#1174 = DIRECTION ( 'NONE',  ( -1.000000000000000000, 0.000000000000000000, -3.491481338843133355E-15 ) ) ;
#1175 = PRESENTATION_STYLE_ASSIGNMENT (( #3403 ) ) ;
#1176 = COLOUR_RGB ( '',0.7921568627450980005, 0.8196078431372548767, 0.9333333333333333481 ) ;
#1177 = LINE ( 'NONE', #2923, #1102 ) ;
#1178 = DIRECTION ( 'NONE',  ( 0.000000000000000000, 1.000000000000000000, 0.000000000000000000 ) ) ;
#1179 = CLOSED_SHELL ( 'NONE', ( #2963, #2675, #1088, #4002, #1672, #829, #758, #1204, #4777, #1397, #2010, #3933, #3041, #4548, #2771, #2530, #3619, #1916, #1335, #3401, #789, #3581, #1933, #4351, #4562, #1888, #4305, #3680, #4540, #3235, #4666, #1368, #3755, #2985, #3999, #3695, #2659, #1664, #4262, #2389, #242, #1056, #1944, #4679, #4133, #4347, #774, #1182, #3614, #4355, #2167, #4460, #2202, #1573, #881, #2992, #3490, #3380, #4479, #1929, #940, #3483, #3833, #824, #2543, #25, #2428, #1662, #3252, #3882, #3033 ) ) ;
#1180 = DIRECTION ( 'NONE',  ( 0.7071067811865511255, -0.000000000000000000, -0.7071067811865440200 ) ) ;
#1181 = UNCERTAINTY_MEASURE_WITH_UNIT (LENGTH_MEASURE( 1.000000000000000082E-05 ), #2922, 'distance_accuracy_value', 'NONE');
#1182 = ADVANCED_FACE ( 'NONE', ( #4620 ), #4569, .F. ) ;
#1183 = CARTESIAN_POINT ( 'NONE',  ( 1.599999999999999645, 0.09999999999999999167, -0.1249999999999941436 ) ) ;
#1184 = AXIS2_PLACEMENT_3D ( 'NONE', #1092, #1137, #2229 ) ;
#1185 = LINE ( 'NONE', #3889, #1993 ) ;
#1186 = SURFACE_SIDE_STYLE ('',( #3000 ) ) ;
#1187 = EDGE_CURVE ( 'NONE', #1148, #2190, #42, .T. ) ;
#1188 = VECTOR ( 'NONE', #4625, 1000.000000000000000 ) ;
#1189 = CYLINDRICAL_SURFACE ( 'NONE', #2195, 0.1518327525017735269 ) ;
#1190 = DIRECTION ( 'NONE',  ( 1.000000000000000000, 0.000000000000000000, 3.491481338843133355E-15 ) ) ;
#1191 = VERTEX_POINT ( 'NONE', #1200 ) ;
#1192 = DIRECTION ( 'NONE',  ( 0.000000000000000000, -1.000000000000000000, 0.000000000000000000 ) ) ;
#1193 = VERTEX_POINT ( 'NONE', #4191 ) ;
#1194 = EDGE_LOOP ( 'NONE', ( #2342, #406, #528, #2691 ) ) ;
#1195 = EDGE_CURVE ( 'NONE', #3152, #3075, #2317, .T. ) ;
#1196 = ADVANCED_FACE ( 'NONE', ( #507 ), #4547, .F. ) ;
#1197 = VECTOR ( 'NONE', #3011, 1000.000000000000000 ) ;
#1198 = CARTESIAN_POINT ( 'NONE',  ( -2.000000000000004885, 0.1000000000000000056, 1.624999999999994449 ) ) ;
#1199 = ORIENTED_EDGE ( 'NONE', *, *, #2109, .T. ) ;
#1200 = CARTESIAN_POINT ( 'NONE',  ( -1.562969075405719499, 0.6999999999999999556, -1.700970243169392049 ) ) ;
#1201 = VECTOR ( 'NONE', #3771, 1000.000000000000000 ) ;
#1202 = AXIS2_PLACEMENT_3D ( 'NONE', #1110, #3785, #1897 ) ;
#1203 = EDGE_CURVE ( 'NONE', #3448, #3240, #481, .T. ) ;
#1204 = ADVANCED_FACE ( 'NONE', ( #1630 ), #828, .T. ) ;
#1205 = DIRECTION ( 'NONE',  ( -1.000000000000000000, 0.000000000000000000, -2.407279166357628921E-15 ) ) ;
#1206 = AXIS2_PLACEMENT_3D ( 'NONE', #2187, #2975, #1402 ) ;
#1207 = EDGE_CURVE ( 'NONE', #4590, #1824, #4642, .T. ) ;
#1208 = LINE ( 'NONE', #4200, #3185 ) ;
#1209 = PRESENTATION_LAYER_ASSIGNMENT (  '', '', ( #741 ) ) ;
#1210 = EDGE_CURVE ( 'NONE', #3850, #1223, #60, .T. ) ;
#1211 = LINE ( 'NONE', #2792, #193 ) ;
#1212 = PLANE ( 'NONE',  #4208 ) ;
#1213 = CARTESIAN_POINT ( 'NONE',  ( -1.600000000000003642, 0.1000000000000000056, 1.124999999999996225 ) ) ;
#1214 = VECTOR ( 'NONE', #3526, 1000.000000000000000 ) ;
#1215 = AXIS2_PLACEMENT_3D ( 'NONE', #2845, #3528, #3162 ) ;
#1216 = PLANE ( 'NONE',  #280 ) ;
#1217 = LINE ( 'NONE', #1619, #809 ) ;
#1218 = ORIENTED_EDGE ( 'NONE', *, *, #3844, .T. ) ;
#1219 = DIRECTION ( 'NONE',  ( 4.575683511328639367E-15, 0.000000000000000000, -1.000000000000000000 ) ) ;
#1220 = EDGE_LOOP ( 'NONE', ( #4285, #2405, #1499, #261 ) ) ;
#1221 = VERTEX_POINT ( 'NONE', #1248 ) ;
#1222 = SURFACE_STYLE_USAGE ( .BOTH. , #3951 ) ;
#1223 = VERTEX_POINT ( 'NONE', #877 ) ;
#1224 = LINE ( 'NONE', #2734, #570 ) ;
#1225 = ORIENTED_EDGE ( 'NONE', *, *, #170, .T. ) ;
#1226 = DIRECTION ( 'NONE',  ( 0.000000000000000000, 1.000000000000000000, 0.000000000000000000 ) ) ;
#1227 = CARTESIAN_POINT ( 'NONE',  ( -1.600000000000003642, 0.09999999999999999167, 1.124999999999996225 ) ) ;
#1228 = DIRECTION ( 'NONE',  ( 1.000000000000000000, 0.000000000000000000, 3.491481338843133355E-15 ) ) ;
#1229 = CARTESIAN_POINT ( 'NONE',  ( -2.000000000000007994, 0.000000000000000000, 1.999999999999992228 ) ) ;
#1230 = CARTESIAN_POINT ( 'NONE',  ( -1.600000000000001865, 0.1000000000000000056, 0.6249999999999962252 ) ) ;
#1231 = DIRECTION ( 'NONE',  ( 4.575683511328639367E-15, 0.000000000000000000, -1.000000000000000000 ) ) ;
#1232 = UNCERTAINTY_MEASURE_WITH_UNIT (LENGTH_MEASURE( 1.000000000000000082E-05 ), #3056, 'distance_accuracy_value', 'NONE');
#1233 = DIRECTION ( 'NONE',  ( 0.000000000000000000, -1.000000000000000000, 0.000000000000000000 ) ) ;
#1234 = LINE ( 'NONE', #4325, #273 ) ;
#1235 = CARTESIAN_POINT ( 'NONE',  ( 2.000000000000004885, 0.1000000000000000056, -1.624999999999992673 ) ) ;
#1236 = EDGE_CURVE ( 'NONE', #2590, #3332, #2694, .T. ) ;
#1237 = SURFACE_SIDE_STYLE ('',( #1974 ) ) ;
#1238 = CARTESIAN_POINT ( 'NONE',  ( 1.299999999999994937, 4.069886648255841344, 1.500000000000004885 ) ) ;
#1239 = LINE ( 'NONE', #3509, #1857 ) ;
#1240 = CARTESIAN_POINT ( 'NONE',  ( 1.300000000000005818, 4.069886648255841344, -1.499999999999995337 ) ) ;
#1241 = EDGE_LOOP ( 'NONE', ( #3095, #2113, #3683, #2614 ) ) ;
#1242 = EDGE_LOOP ( 'NONE', ( #4747, #233, #792, #2708 ) ) ;
#1243 =( NAMED_UNIT ( * ) SI_UNIT ( $, .STERADIAN. ) SOLID_ANGLE_UNIT ( ) );
#1244 = ORIENTED_EDGE ( 'NONE', *, *, #4518, .F. ) ;
#1245 = DIRECTION ( 'NONE',  ( 0.000000000000000000, -1.000000000000000000, 0.000000000000000000 ) ) ;
#1246 = VERTEX_POINT ( 'NONE', #3076 ) ;
#1247 = ORIENTED_EDGE ( 'NONE', *, *, #2356, .F. ) ;
#1248 = CARTESIAN_POINT ( 'NONE',  ( 2.000000000000003997, 0.1000000000000000056, -1.374999999999992006 ) ) ;
#1249 = LINE ( 'NONE', #4271, #88 ) ;
#1250 = CARTESIAN_POINT ( 'NONE',  ( 1.599999999999993650, 0.1000000000000000056, 1.625000000000007105 ) ) ;
#1251 = PLANE ( 'NONE',  #3423 ) ;
#1252 = CARTESIAN_POINT ( 'NONE',  ( 2.000000000000000444, 0.000000000000000000, -0.3749999999999920619 ) ) ;
#1253 = ADVANCED_FACE ( 'NONE', ( #1966 ), #2369, .F. ) ;
#1254 = LINE ( 'NONE', #886, #4773 ) ;
#1255 = LINE ( 'NONE', #1085, #2670 ) ;
#1256 = FACE_OUTER_BOUND ( 'NONE', #4021, .T. ) ;
#1257 = AXIS2_PLACEMENT_3D ( 'NONE', #2766, #2371, #2467 ) ;
#1258 = CARTESIAN_POINT ( 'NONE',  ( 1.599999999999995204, 0.5716990566028307130, 1.125000000000007105 ) ) ;
#1259 = LINE ( 'NONE', #4309, #266 ) ;
#1260 = CLOSED_SHELL ( 'NONE', ( #158, #4897, #1538, #1309, #1741, #1821 ) ) ;
#1261 = VERTEX_POINT ( 'NONE', #3855 ) ;
#1262 = DIRECTION ( 'NONE',  ( -0.7071067811865546782, -0.000000000000000000, 0.7071067811865403563 ) ) ;
#1263 = ORIENTED_EDGE ( 'NONE', *, *, #3101, .F. ) ;
#1264 = EDGE_LOOP ( 'NONE', ( #380, #3495, #3949, #3458 ) ) ;
#1265 = VECTOR ( 'NONE', #204, 1000.000000000000000 ) ;
#1266 = FILL_AREA_STYLE ('',( #3197 ) ) ;
#1267 = ORIENTED_EDGE ( 'NONE', *, *, #903, .F. ) ;
#1268 = CARTESIAN_POINT ( 'NONE',  ( 0.000000000000000000, 0.1000000000000000056, 0.000000000000000000 ) ) ;
#1269 = VECTOR ( 'NONE', #1026, 1000.000000000000000 ) ;
#1270 = VERTEX_POINT ( 'NONE', #454 ) ;
#1271 = VERTEX_POINT ( 'NONE', #1985 ) ;
#1272 =( NAMED_UNIT ( * ) PLANE_ANGLE_UNIT ( ) SI_UNIT ( $, .RADIAN. ) );
#1273 = AXIS2_PLACEMENT_3D ( 'NONE', #4842, #2811, #2972 ) ;
#1274 = FACE_OUTER_BOUND ( 'NONE', #3342, .T. ) ;
#1275 = FACE_OUTER_BOUND ( 'NONE', #35, .T. ) ;
#1276 = PRESENTATION_LAYER_ASSIGNMENT (  '', '', ( #3038 ) ) ;
#1277 = CARTESIAN_POINT ( 'NONE',  ( -1.999999999999995781, 0.000000000000000000, -1.625000000000006217 ) ) ;
#1278 = AXIS2_PLACEMENT_3D ( 'NONE', #383, #2692, #683 ) ;
#1279 = CARTESIAN_POINT ( 'NONE',  ( -1.599999999999995648, 0.5716990566028307130, -1.125000000000004885 ) ) ;
#1280 = AXIS2_PLACEMENT_3D ( 'NONE', #613, #3209, #4703 ) ;
#1281 = CYLINDRICAL_SURFACE ( 'NONE', #417, 0.1518327525017735269 ) ;
#1282 = DIRECTION ( 'NONE',  ( 3.491481338843133355E-15, 0.000000000000000000, -1.000000000000000000 ) ) ;
#1283 = ORIENTED_EDGE ( 'NONE', *, *, #4141, .T. ) ;
#1284 = FACE_OUTER_BOUND ( 'NONE', #1629, .T. ) ;
#1285 =( NAMED_UNIT ( * ) PLANE_ANGLE_UNIT ( ) SI_UNIT ( $, .RADIAN. ) );
#1286 = AXIS2_PLACEMENT_3D ( 'NONE', #2234, #3021, #1856 ) ;
#1287 = CARTESIAN_POINT ( 'NONE',  ( -1.600000000000001865, 0.1000000000000000056, 0.6249999999999962252 ) ) ;
#1288 = CARTESIAN_POINT ( 'NONE',  ( 2.000000000000003109, 0.09999999999999999167, -1.124999999999992673 ) ) ;
#1289 = AXIS2_PLACEMENT_3D ( 'NONE', #3411, #2332, #1495 ) ;
#1290 = VERTEX_POINT ( 'NONE', #3931 ) ;
#1291 = CARTESIAN_POINT ( 'NONE',  ( 1.600000000000002309, 0.000000000000000000, -0.8749999999999930056 ) ) ;
#1292 = ORIENTED_EDGE ( 'NONE', *, *, #1496, .T. ) ;
#1293 = ORIENTED_EDGE ( 'NONE', *, *, #3762, .F. ) ;
#1294 = EDGE_CURVE ( 'NONE', #1148, #2617, #1045, .T. ) ;
#1295 = FILL_AREA_STYLE_COLOUR ( '', #937 ) ;
#1296 = CARTESIAN_POINT ( 'NONE',  ( 1.599999999999998757, 0.000000000000000000, 0.1250000000000069944 ) ) ;
#1297 = ORIENTED_EDGE ( 'NONE', *, *, #2264, .T. ) ;
#1298 = EDGE_LOOP ( 'NONE', ( #820, #1787, #3955, #2363 ) ) ;
#1299 = CARTESIAN_POINT ( 'NONE',  ( -1.600000000000004308, 0.1000000000000000056, 1.374999999999995115 ) ) ;
#1300 = EDGE_CURVE ( 'NONE', #3752, #2258, #4435, .T. ) ;
#1301 = PLANE ( 'NONE',  #3198 ) ;
#1302 = CARTESIAN_POINT ( 'NONE',  ( 1.599999999999999645, 0.5716990566028307130, -0.1249999999999940881 ) ) ;
#1303 = CARTESIAN_POINT ( 'NONE',  ( -1.999999999999997780, 0.5716990566028307130, -0.3750000000000056066 ) ) ;
#1304 = CARTESIAN_POINT ( 'NONE',  ( -1.600000000000004308, 0.1000000000000000056, 1.374999999999995115 ) ) ;
#1305 = DIRECTION ( 'NONE',  ( -0.000000000000000000, -1.000000000000000000, 0.000000000000000000 ) ) ;
#1306 = DIRECTION ( 'NONE',  ( 1.000000000000000000, 0.000000000000000000, 2.407279166357628921E-15 ) ) ;
#1307 = ORIENTED_EDGE ( 'NONE', *, *, #1063, .F. ) ;
#1308 = EDGE_LOOP ( 'NONE', ( #4544, #2193, #1516, #1709 ) ) ;
#1309 = ADVANCED_FACE ( 'NONE', ( #4051 ), #3679, .F. ) ;
#1310 = DIRECTION ( 'NONE',  ( -0.000000000000000000, -1.000000000000000000, 0.000000000000000000 ) ) ;
#1311 = CARTESIAN_POINT ( 'NONE',  ( 1.999999999999997780, 0.1000000000000000056, 0.3750000000000073275 ) ) ;
#1312 = LINE ( 'NONE', #4209, #2019 ) ;
#1313 = LINE ( 'NONE', #1372, #4295 ) ;
#1314 = VERTEX_POINT ( 'NONE', #2065 ) ;
#1315 = CARTESIAN_POINT ( 'NONE',  ( -1.999999999999999112, 0.000000000000000000, -0.6250000000000062172 ) ) ;
#1316 = VERTEX_POINT ( 'NONE', #1299 ) ;
#1317 = ORIENTED_EDGE ( 'NONE', *, *, #2976, .F. ) ;
#1318 = LINE ( 'NONE', #155, #71 ) ;
#1319 = EDGE_LOOP ( 'NONE', ( #2211, #996, #4663, #4694 ) ) ;
#1320 = DIRECTION ( 'NONE',  ( -1.000000000000000000, 0.000000000000000000, -3.491481338843133355E-15 ) ) ;
#1321 = VERTEX_POINT ( 'NONE', #4794 ) ;
#1322 = ORIENTED_EDGE ( 'NONE', *, *, #1210, .F. ) ;
#1323 = DIRECTION ( 'NONE',  ( 0.000000000000000000, -1.000000000000000000, 0.000000000000000000 ) ) ;
#1324 = MANIFOLD_SOLID_BREP ( 'Body-Move/Copy1[9]', #4580 ) ;
#1325 = ADVANCED_FACE ( 'NONE', ( #926 ), #1075, .F. ) ;
#1326 = CARTESIAN_POINT ( 'NONE',  ( 1.599999999999995204, 0.1000000000000000056, 1.125000000000007105 ) ) ;
#1327 = EDGE_CURVE ( 'NONE', #1122, #4182, #4293, .T. ) ;
#1328 = CARTESIAN_POINT ( 'NONE',  ( 1.599999999999993650, 0.09999999999999999167, 1.625000000000007105 ) ) ;
#1329 = LINE ( 'NONE', #4804, #956 ) ;
#1330 = CARTESIAN_POINT ( 'NONE',  ( -1.599999999999998312, 0.000000000000000000, -0.3750000000000037748 ) ) ;
#1331 = ORIENTED_EDGE ( 'NONE', *, *, #3548, .T. ) ;
#1332 = EDGE_LOOP ( 'NONE', ( #3312, #2615, #4492, #2706 ) ) ;
#1333 = DIRECTION ( 'NONE',  ( 1.000000000000000000, 0.000000000000000000, 4.575683511328639367E-15 ) ) ;
#1334 = SURFACE_SIDE_STYLE ('',( #2201 ) ) ;
#1335 = ADVANCED_FACE ( 'NONE', ( #3564 ), #1451, .F. ) ;
#1336 = AXIS2_PLACEMENT_3D ( 'NONE', #102, #821, #33 ) ;
#1337 = FACE_OUTER_BOUND ( 'NONE', #1025, .T. ) ;
#1338 = FILL_AREA_STYLE ('',( #3893 ) ) ;
#1339 = ORIENTED_EDGE ( 'NONE', *, *, #381, .F. ) ;
#1340 = DIRECTION ( 'NONE',  ( 1.000000000000000000, 0.000000000000000000, 4.575683511328639367E-15 ) ) ;
#1341 = AXIS2_PLACEMENT_3D ( 'NONE', #3606, #603, #2905 ) ;
#1342 = DIRECTION ( 'NONE',  ( -1.000000000000000000, 0.000000000000000000, -3.491481338843133355E-15 ) ) ;
#1343 = ORIENTED_EDGE ( 'NONE', *, *, #4341, .F. ) ;
#1344 = VECTOR ( 'NONE', #2682, 1000.000000000000000 ) ;
#1345 = CARTESIAN_POINT ( 'NONE',  ( -2.000000000000003997, 0.1000000000000000056, 1.374999999999993783 ) ) ;
#1346 = ORIENTED_EDGE ( 'NONE', *, *, #2597, .F. ) ;
#1347 = DIRECTION ( 'NONE',  ( 0.000000000000000000, 1.000000000000000000, 0.000000000000000000 ) ) ;
#1348 = ORIENTED_EDGE ( 'NONE', *, *, #1635, .T. ) ;
#1349 = ORIENTED_EDGE ( 'NONE', *, *, #333, .T. ) ;
#1350 = AXIS2_PLACEMENT_3D ( 'NONE', #3767, #1517, #4534 ) ;
#1351 = CARTESIAN_POINT ( 'NONE',  ( -1.299999999999995159, 0.1000000000000002554, -1.200000000000003952 ) ) ;
#1352 = EDGE_CURVE ( 'NONE', #2335, #4253, #2607, .T. ) ;
#1353 = AXIS2_PLACEMENT_3D ( 'NONE', #385, #1103, #2194 ) ;
#1354 = ORIENTED_EDGE ( 'NONE', *, *, #4148, .F. ) ;
#1355 = DIRECTION ( 'NONE',  ( -1.000000000000000000, 0.000000000000000000, -3.491481338843133750E-15 ) ) ;
#1356 = DIRECTION ( 'NONE',  ( 0.000000000000000000, -1.000000000000000000, 0.000000000000000000 ) ) ;
#1357 = EDGE_CURVE ( 'NONE', #798, #3966, #1682, .T. ) ;
#1358 = EDGE_CURVE ( 'NONE', #2590, #4238, #2092, .T. ) ;
#1359 = EDGE_CURVE ( 'NONE', #1935, #1999, #2839, .T. ) ;
#1360 = EDGE_CURVE ( 'NONE', #2736, #1834, #2464, .T. ) ;
#1361 = CARTESIAN_POINT ( 'NONE',  ( 1.299999999999994937, 0.000000000000000000, 1.500000000000004885 ) ) ;
#1362 = CARTESIAN_POINT ( 'NONE',  ( 1.999999999999998668, 0.000000000000000000, 0.1250000000000079659 ) ) ;
#1363 = DIRECTION ( 'NONE',  ( 0.000000000000000000, -1.000000000000000000, 0.000000000000000000 ) ) ;
#1364 = COLOUR_RGB ( '',0.7921568627450980005, 0.8196078431372548767, 0.9333333333333333481 ) ;
#1365 = ORIENTED_EDGE ( 'NONE', *, *, #1710, .T. ) ;
#1366 = ORIENTED_EDGE ( 'NONE', *, *, #995, .T. ) ;
#1367 = CARTESIAN_POINT ( 'NONE',  ( 2.000000000000001776, 0.000000000000000000, -0.8749999999999921174 ) ) ;
#1368 = ADVANCED_FACE ( 'NONE', ( #3317 ), #3343, .F. ) ;
#1369 = CIRCLE ( 'NONE', #4283, 0.1518327525017735269 ) ;
#1370 = AXIS2_PLACEMENT_3D ( 'NONE', #1892, #2695, #4522 ) ;
#1371 = PLANE ( 'NONE',  #2965 ) ;
#1372 = CARTESIAN_POINT ( 'NONE',  ( 1.599999999999996092, 0.09999999999999999167, 0.8750000000000059952 ) ) ;
#1373 = EDGE_LOOP ( 'NONE', ( #1547, #2213, #2712, #59 ) ) ;
#1374 = CARTESIAN_POINT ( 'NONE',  ( 1.599999999999997868, 0.5716990566028307130, 0.3750000000000059397 ) ) ;
#1375 = DIRECTION ( 'NONE',  ( 0.000000000000000000, -1.000000000000000000, 0.000000000000000000 ) ) ;
#1376 = VERTEX_POINT ( 'NONE', #2683 ) ;
#1377 = VECTOR ( 'NONE', #3217, 1000.000000000000000 ) ;
#1378 =( NAMED_UNIT ( * ) PLANE_ANGLE_UNIT ( ) SI_UNIT ( $, .RADIAN. ) );
#1379 = VECTOR ( 'NONE', #841, 1000.000000000000000 ) ;
#1380 =( GEOMETRIC_REPRESENTATION_CONTEXT ( 3 ) GLOBAL_UNCERTAINTY_ASSIGNED_CONTEXT ( ( #593 ) ) GLOBAL_UNIT_ASSIGNED_CONTEXT ( ( #1446, #2653, #463 ) ) REPRESENTATION_CONTEXT ( 'NONE', 'WORKASPACE' ) );
#1381 = ORIENTED_EDGE ( 'NONE', *, *, #3180, .F. ) ;
#1382 = CARTESIAN_POINT ( 'NONE',  ( 1.600000000000004086, 0.000000000000000000, -1.374999999999992895 ) ) ;
#1383 = EDGE_LOOP ( 'NONE', ( #2144, #6, #2188, #1983 ) ) ;
#1384 = ORIENTED_EDGE ( 'NONE', *, *, #272, .F. ) ;
#1385 = ADVANCED_FACE ( 'NONE', ( #788 ), #2331, .F. ) ;
#1386 = COLOUR_RGB ( '',0.7921568627450980005, 0.8196078431372548767, 0.9333333333333333481 ) ;
#1387 = ORIENTED_EDGE ( 'NONE', *, *, #1051, .F. ) ;
#1388 = LINE ( 'NONE', #2545, #4589 ) ;
#1389 = VECTOR ( 'NONE', #2926, 1000.000000000000000 ) ;
#1390 = DIRECTION ( 'NONE',  ( 1.000000000000000000, 0.000000000000000000, 3.491481338843133355E-15 ) ) ;
#1391 = CARTESIAN_POINT ( 'NONE',  ( -2.000000000000002220, 0.000000000000000000, 0.3749999999999937828 ) ) ;
#1392 = ORIENTED_EDGE ( 'NONE', *, *, #2480, .T. ) ;
#1393 = CARTESIAN_POINT ( 'NONE',  ( -1.600000000000005196, 0.1000000000000000056, 1.624999999999996225 ) ) ;
#1394 = DIRECTION ( 'NONE',  ( 1.000000000000000000, 0.000000000000000000, 3.491481338843133355E-15 ) ) ;
#1395 = SURFACE_STYLE_USAGE ( .BOTH. , #4788 ) ;
#1396 = VERTEX_POINT ( 'NONE', #4115 ) ;
#1397 = ADVANCED_FACE ( 'NONE', ( #767 ), #723, .T. ) ;
#1398 = LINE ( 'NONE', #2324, #3174 ) ;
#1399 = DIRECTION ( 'NONE',  ( -3.491481338843133355E-15, 0.000000000000000000, 1.000000000000000000 ) ) ;
#1400 = VERTEX_POINT ( 'NONE', #331 ) ;
#1401 = CARTESIAN_POINT ( 'NONE',  ( 1.600000000000001421, 0.1000000000000000056, -0.6249999999999940048 ) ) ;
#1402 = DIRECTION ( 'NONE',  ( 3.491481338843133355E-15, 0.000000000000000000, -1.000000000000000000 ) ) ;
#1403 = CARTESIAN_POINT ( 'NONE',  ( -1.562969075405719499, 0.8000000000000000444, -1.397304738165844995 ) ) ;
#1404 = EDGE_LOOP ( 'NONE', ( #3025, #2055, #2074, #3155 ) ) ;
#1405 = ORIENTED_EDGE ( 'NONE', *, *, #1579, .F. ) ;
#1406 = MANIFOLD_SOLID_BREP ( 'Chamfer1', #3417 ) ;
#1407 = EDGE_CURVE ( 'NONE', #2492, #957, #1900, .T. ) ;
#1408 = ORIENTED_EDGE ( 'NONE', *, *, #3979, .F. ) ;
#1409 = FACE_OUTER_BOUND ( 'NONE', #4334, .T. ) ;
#1410 = CARTESIAN_POINT ( 'NONE',  ( -1.999999999999995337, 0.1000000000000000056, -1.125000000000006217 ) ) ;
#1411 = MANIFOLD_SOLID_BREP ( 'Body-Move/Copy1[6]', #3027 ) ;
#1412 = PLANE ( 'NONE',  #1687 ) ;
#1413 = ORIENTED_EDGE ( 'NONE', *, *, #4867, .T. ) ;
#1414 = DIRECTION ( 'NONE',  ( 0.000000000000000000, -1.000000000000000000, 0.000000000000000000 ) ) ;
#1415 = EDGE_CURVE ( 'NONE', #4587, #681, #3789, .T. ) ;
#1416 = DIRECTION ( 'NONE',  ( 0.000000000000000000, 0.000000000000000000, 1.000000000000000000 ) ) ;
#1417 = CARTESIAN_POINT ( 'NONE',  ( 1.300000000000005818, 4.069886648255841344, -1.499999999999995337 ) ) ;
#1418 = VERTEX_POINT ( 'NONE', #4537 ) ;
#1419 = PLANE ( 'NONE',  #151 ) ;
#1420 = DIRECTION ( 'NONE',  ( 0.000000000000000000, 1.000000000000000000, 0.000000000000000000 ) ) ;
#1421 = EDGE_LOOP ( 'NONE', ( #3775, #1150, #1081, #1109 ) ) ;
#1422 = SURFACE_STYLE_FILL_AREA ( #135 ) ;
#1423 = ADVANCED_FACE ( 'NONE', ( #1138 ), #2304, .F. ) ;
#1424 = ADVANCED_FACE ( 'NONE', ( #29 ), #2453, .T. ) ;
#1425 = FILL_AREA_STYLE ('',( #3269 ) ) ;
#1426 = CARTESIAN_POINT ( 'NONE',  ( -1.745740669421566678E-15, 0.1000000000000000056, 0.5000000000000000000 ) ) ;
#1427 = EDGE_LOOP ( 'NONE', ( #4691, #2846, #1801, #4560, #4616, #976, #4662, #2312, #523, #2002, #3948, #1648, #3024, #4822, #1577, #3876, #5, #2137, #1531, #1072, #1549, #2884, #503, #3613, #2285, #721, #4054, #2527, #4894, #1551, #4241, #1708 ) ) ;
#1428 = VECTOR ( 'NONE', #671, 1000.000000000000000 ) ;
#1429 = DIRECTION ( 'NONE',  ( 1.000000000000000000, 0.000000000000000000, 3.491481338843133355E-15 ) ) ;
#1430 = EDGE_LOOP ( 'NONE', ( #4326, #2544, #4163, #1906 ) ) ;
#1431 = VERTEX_POINT ( 'NONE', #1311 ) ;
#1432 = MANIFOLD_SOLID_BREP ( 'Body-Move/Copy1[8]', #4664 ) ;
#1433 = ORIENTED_EDGE ( 'NONE', *, *, #1037, .F. ) ;
#1434 = LINE ( 'NONE', #3007, #4857 ) ;
#1435 = VECTOR ( 'NONE', #48, 1000.000000000000000 ) ;
#1436 = DIRECTION ( 'NONE',  ( -1.000000000000000000, 0.000000000000000000, -3.491481338843133750E-15 ) ) ;
#1437 = AXIS2_PLACEMENT_3D ( 'NONE', #2422, #3080, #3108 ) ;
#1438 = DIRECTION ( 'NONE',  ( 1.000000000000000000, 0.000000000000000000, 3.491481338843133355E-15 ) ) ;
#1439 = MANIFOLD_SOLID_BREP ( 'Body-Move/Copy1[14]', #3794 ) ;
#1440 = CARTESIAN_POINT ( 'NONE',  ( -2.000000000000003109, 0.09999999999999999167, 1.124999999999994449 ) ) ;
#1441 = CARTESIAN_POINT ( 'NONE',  ( -1.599999999999996536, 0.000000000000000000, -0.8750000000000037748 ) ) ;
#1442 = EDGE_LOOP ( 'NONE', ( #3221, #1101, #184, #3997 ) ) ;
#1443 = CARTESIAN_POINT ( 'NONE',  ( 1.599999999999998757, 0.5716990566028307130, 0.1250000000000069944 ) ) ;
#1444 = VECTOR ( 'NONE', #1580, 1000.000000000000000 ) ;
#1445 = CARTESIAN_POINT ( 'NONE',  ( 1.999999999999998668, 0.1000000000000000056, 0.1250000000000079659 ) ) ;
#1446 =( LENGTH_UNIT ( ) NAMED_UNIT ( * ) SI_UNIT ( .MILLI., .METRE. ) );
#1447 = ORIENTED_EDGE ( 'NONE', *, *, #4909, .F. ) ;
#1448 = DIRECTION ( 'NONE',  ( -1.000000000000000000, 0.000000000000000000, -3.491481338843133355E-15 ) ) ;
#1449 = CARTESIAN_POINT ( 'NONE',  ( -1.599999999999994982, 0.1000000000000000056, -1.375000000000003775 ) ) ;
#1450 = AXIS2_PLACEMENT_3D ( 'NONE', #1683, #4698, #1004 ) ;
#1451 = PLANE ( 'NONE',  #3887 ) ;
#1452 = VECTOR ( 'NONE', #600, 1000.000000000000000 ) ;
#1453 = PRESENTATION_STYLE_ASSIGNMENT (( #1806 ) ) ;
#1454 = CARTESIAN_POINT ( 'NONE',  ( 1.999999999999997113, 0.000000000000000000, 0.6250000000000078826 ) ) ;
#1455 = AXIS2_PLACEMENT_3D ( 'NONE', #3827, #1963, #3469 ) ;
#1456 = DIRECTION ( 'NONE',  ( -3.491481338843133355E-15, 0.000000000000000000, 1.000000000000000000 ) ) ;
#1457 = ORIENTED_EDGE ( 'NONE', *, *, #1187, .T. ) ;
#1458 = VERTEX_POINT ( 'NONE', #145 ) ;
#1459 = AXIS2_PLACEMENT_3D ( 'NONE', #1880, #2289, #3392 ) ;
#1460 = EDGE_LOOP ( 'NONE', ( #4838, #3537, #1354, #1905 ) ) ;
#1461 = VECTOR ( 'NONE', #2425, 1000.000000000000000 ) ;
#1462 = EDGE_LOOP ( 'NONE', ( #227, #54, #3952, #2163 ) ) ;
#1463 = EDGE_CURVE ( 'NONE', #3369, #555, #914, .T. ) ;
#1464 = DIRECTION ( 'NONE',  ( -3.383061121594582912E-15, 0.000000000000000000, 1.000000000000000000 ) ) ;
#1465 = DIRECTION ( 'NONE',  ( 3.491481338843133355E-15, 0.000000000000000000, -1.000000000000000000 ) ) ;
#1466 = LINE ( 'NONE', #2600, #425 ) ;
#1467 = ORIENTED_EDGE ( 'NONE', *, *, #2446, .T. ) ;
#1468 = FACE_OUTER_BOUND ( 'NONE', #3852, .T. ) ;
#1469 = PLANE ( 'NONE',  #2346 ) ;
#1470 = EDGE_CURVE ( 'NONE', #2699, #522, #3481, .T. ) ;
#1471 = CARTESIAN_POINT ( 'NONE',  ( 1.600000000000004086, 0.000000000000000000, -1.374999999999992895 ) ) ;
#1472 = ORIENTED_EDGE ( 'NONE', *, *, #3532, .T. ) ;
#1473 = CARTESIAN_POINT ( 'NONE',  ( 2.000000000000002220, 0.000000000000000000, -0.8749999999999921174 ) ) ;
#1474 = CARTESIAN_POINT ( 'NONE',  ( -1.600000000000004308, 0.5716990566028307130, 1.374999999999995115 ) ) ;
#1475 = CARTESIAN_POINT ( 'NONE',  ( 1.600000000000000533, 0.5716990566028307130, -0.3749999999999930056 ) ) ;
#1476 = CARTESIAN_POINT ( 'NONE',  ( -2.000000000000007994, 0.000000000000000000, 1.999999999999992228 ) ) ;
#1477 = CARTESIAN_POINT ( 'NONE',  ( -1.599999999999996536, 0.1000000000000000056, -0.8750000000000037748 ) ) ;
#1478 = ORIENTED_EDGE ( 'NONE', *, *, #1195, .T. ) ;
#1479 = EDGE_LOOP ( 'NONE', ( #82, #1225, #1000, #1964 ) ) ;
#1480 = ORIENTED_EDGE ( 'NONE', *, *, #4884, .T. ) ;
#1481 = FACE_OUTER_BOUND ( 'NONE', #4685, .T. ) ;
#1482 = ORIENTED_EDGE ( 'NONE', *, *, #1885, .F. ) ;
#1483 = CARTESIAN_POINT ( 'NONE',  ( -1.599999999999996536, 0.1000000000000000056, -0.8750000000000037748 ) ) ;
#1484 = ADVANCED_FACE ( 'NONE', ( #2400 ), #2078, .F. ) ;
#1485 = DIRECTION ( 'NONE',  ( -1.000000000000000000, 0.000000000000000000, -3.491481338843133750E-15 ) ) ;
#1486 = LINE ( 'NONE', #3805, #1197 ) ;
#1487 =( NAMED_UNIT ( * ) PLANE_ANGLE_UNIT ( ) SI_UNIT ( $, .RADIAN. ) );
#1488 = LINE ( 'NONE', #3782, #1758 ) ;
#1489 = ADVANCED_FACE ( 'NONE', ( #2377 ), #3862, .F. ) ;
#1490 = PLANE ( 'NONE',  #1202 ) ;
#1491 = CARTESIAN_POINT ( 'NONE',  ( -1.300000000000005151, 4.069886648255841344, 1.499999999999995781 ) ) ;
#1492 = ORIENTED_EDGE ( 'NONE', *, *, #3265, .F. ) ;
#1493 = DIRECTION ( 'NONE',  ( -0.000000000000000000, -1.000000000000000000, 0.000000000000000000 ) ) ;
#1494 = PRESENTATION_STYLE_ASSIGNMENT (( #1878 ) ) ;
#1495 = DIRECTION ( 'NONE',  ( 3.491481338843133355E-15, 0.000000000000000000, -1.000000000000000000 ) ) ;
#1496 = EDGE_CURVE ( 'NONE', #3823, #2970, #3919, .T. ) ;
#1497 = DIRECTION ( 'NONE',  ( -3.383061121594582912E-15, 0.000000000000000000, 1.000000000000000000 ) ) ;
#1498 = DIRECTION ( 'NONE',  ( -1.000000000000000000, 0.000000000000000000, -3.491481338843133355E-15 ) ) ;
#1499 = ORIENTED_EDGE ( 'NONE', *, *, #2245, .T. ) ;
#1500 = ORIENTED_EDGE ( 'NONE', *, *, #1236, .F. ) ;
#1501 = EDGE_LOOP ( 'NONE', ( #4187, #1796, #682, #3888 ) ) ;
#1502 = DIRECTION ( 'NONE',  ( 1.000000000000000000, 0.000000000000000000, 3.491481338843133355E-15 ) ) ;
#1503 = ORIENTED_EDGE ( 'NONE', *, *, #3834, .F. ) ;
#1504 = AXIS2_PLACEMENT_3D ( 'NONE', #3107, #4597, #3856 ) ;
#1505 = EDGE_CURVE ( 'NONE', #1290, #4816, #123, .T. ) ;
#1506 = CARTESIAN_POINT ( 'NONE',  ( 1.999999999999992228, 7.256854249492380227, 2.000000000000006217 ) ) ;
#1507 = DIRECTION ( 'NONE',  ( -1.000000000000000000, 0.000000000000000000, -3.491481338843133750E-15 ) ) ;
#1508 = DIRECTION ( 'NONE',  ( -3.491481338843133355E-15, 0.000000000000000000, 1.000000000000000000 ) ) ;
#1509 = EDGE_CURVE ( 'NONE', #4382, #1261, #599, .T. ) ;
#1510 = PLANE ( 'NONE',  #398 ) ;
#1511 = EDGE_CURVE ( 'NONE', #1122, #2036, #2134, .T. ) ;
#1512 = EDGE_CURVE ( 'NONE', #998, #4382, #1820, .T. ) ;
#1513 = AXIS2_PLACEMENT_3D ( 'NONE', #3603, #2550, #4042 ) ;
#1514 = FACE_OUTER_BOUND ( 'NONE', #247, .T. ) ;
#1515 = MECHANICAL_DESIGN_GEOMETRIC_PRESENTATION_REPRESENTATION (  '', ( #248 ), #3425 ) ;
#1516 = ORIENTED_EDGE ( 'NONE', *, *, #2861, .T. ) ;
#1517 = DIRECTION ( 'NONE',  ( 0.7071067811865440200, 0.000000000000000000, 0.7071067811865511255 ) ) ;
#1518 = SURFACE_STYLE_USAGE ( .BOTH. , #4485 ) ;
#1519 = VECTOR ( 'NONE', #2632, 1000.000000000000000 ) ;
#1520 = DIRECTION ( 'NONE',  ( 0.000000000000000000, -1.000000000000000000, 0.000000000000000000 ) ) ;
#1521 = DIRECTION ( 'NONE',  ( 3.491481338843133355E-15, 0.000000000000000000, -1.000000000000000000 ) ) ;
#1522 = CARTESIAN_POINT ( 'NONE',  ( -1.600000000000000977, 0.1000000000000000056, 0.3749999999999951705 ) ) ;
#1523 = MECHANICAL_DESIGN_GEOMETRIC_PRESENTATION_REPRESENTATION (  '', ( #800 ), #4127 ) ;
#1524 = ORIENTED_EDGE ( 'NONE', *, *, #272, .T. ) ;
#1525 = ORIENTED_EDGE ( 'NONE', *, *, #726, .T. ) ;
#1526 = AXIS2_PLACEMENT_3D ( 'NONE', #1863, #4102, #2217 ) ;
#1527 = VECTOR ( 'NONE', #168, 1000.000000000000000 ) ;
#1528 = MANIFOLD_SOLID_BREP ( 'Body-Move/Copy1[5]', #1104 ) ;
#1529 = VERTEX_POINT ( 'NONE', #642 ) ;
#1530 = ADVANCED_FACE ( 'NONE', ( #3334 ), #961, .T. ) ;
#1531 = ORIENTED_EDGE ( 'NONE', *, *, #2480, .F. ) ;
#1532 = DIRECTION ( 'NONE',  ( 2.407279166357628921E-15, 0.000000000000000000, -1.000000000000000000 ) ) ;
#1533 = CIRCLE ( 'NONE', #4607, 0.1518327525017735269 ) ;
#1534 = CARTESIAN_POINT ( 'NONE',  ( -1.599999999999999201, 0.000000000000000000, -0.1250000000000048295 ) ) ;
#1535 = MANIFOLD_SOLID_BREP ( 'Body-Move/Copy1[7]', #2640 ) ;
#1536 = CARTESIAN_POINT ( 'NONE',  ( -1.999999999999997780, 0.5716990566028307130, -0.3750000000000056066 ) ) ;
#1537 = AXIS2_PLACEMENT_3D ( 'NONE', #2323, #388, #1968 ) ;
#1538 = ADVANCED_FACE ( 'NONE', ( #4192 ), #279, .F. ) ;
#1539 = LINE ( 'NONE', #3084, #4203 ) ;
#1540 = VERTEX_POINT ( 'NONE', #2318 ) ;
#1541 = DIRECTION ( 'NONE',  ( 1.000000000000000000, 0.000000000000000000, 3.491481338843133355E-15 ) ) ;
#1542 = VECTOR ( 'NONE', #2586, 1000.000000000000000 ) ;
#1543 = DIRECTION ( 'NONE',  ( -0.000000000000000000, -1.000000000000000000, 0.000000000000000000 ) ) ;
#1544 = EDGE_CURVE ( 'NONE', #366, #4738, #3130, .T. ) ;
#1545 = CARTESIAN_POINT ( 'NONE',  ( -1.745740669421566678E-15, 0.1000000000000000056, 0.5000000000000000000 ) ) ;
#1546 = DIRECTION ( 'NONE',  ( 1.000000000000000000, 0.000000000000000000, 2.407279166357628921E-15 ) ) ;
#1547 = ORIENTED_EDGE ( 'NONE', *, *, #3226, .F. ) ;
#1548 = ORIENTED_EDGE ( 'NONE', *, *, #1037, .T. ) ;
#1549 = ORIENTED_EDGE ( 'NONE', *, *, #4403, .T. ) ;
#1550 = CARTESIAN_POINT ( 'NONE',  ( -2.000000000000004885, 0.000000000000000000, 1.624999999999994449 ) ) ;
#1551 = ORIENTED_EDGE ( 'NONE', *, *, #1953, .T. ) ;
#1552 = ORIENTED_EDGE ( 'NONE', *, *, #960, .T. ) ;
#1553 = CARTESIAN_POINT ( 'NONE',  ( 1.600000000000004086, 0.09999999999999999167, -1.374999999999992895 ) ) ;
#1554 = CARTESIAN_POINT ( 'NONE',  ( -1.600000000000003642, 0.5716990566028307130, 1.124999999999996225 ) ) ;
#1555 = EDGE_CURVE ( 'NONE', #402, #846, #4643, .T. ) ;
#1556 = DIRECTION ( 'NONE',  ( 1.000000000000000000, 0.000000000000000000, 4.575683511328639367E-15 ) ) ;
#1557 = DIRECTION ( 'NONE',  ( -3.491481338843133355E-15, 0.000000000000000000, 1.000000000000000000 ) ) ;
#1558 = EDGE_CURVE ( 'NONE', #402, #1733, #2739, .T. ) ;
#1559 = FACE_OUTER_BOUND ( 'NONE', #823, .T. ) ;
#1560 = PLANE ( 'NONE',  #3992 ) ;
#1561 = CARTESIAN_POINT ( 'NONE',  ( 1.600000000000002309, 0.5716990566028307130, -0.8749999999999930056 ) ) ;
#1562 = DIRECTION ( 'NONE',  ( -1.000000000000000000, 0.000000000000000000, -2.407279166357628921E-15 ) ) ;
#1563 = ORIENTED_EDGE ( 'NONE', *, *, #1505, .T. ) ;
#1564 = LINE ( 'NONE', #4254, #1435 ) ;
#1565 = EDGE_CURVE ( 'NONE', #1054, #4764, #2764, .T. ) ;
#1566 = DIRECTION ( 'NONE',  ( 3.491481338843133355E-15, 0.000000000000000000, -1.000000000000000000 ) ) ;
#1567 = CARTESIAN_POINT ( 'NONE',  ( -2.000000000000004885, 0.5716990566028307130, 1.624999999999994449 ) ) ;
#1568 = ORIENTED_EDGE ( 'NONE', *, *, #4828, .T. ) ;
#1569 = CARTESIAN_POINT ( 'NONE',  ( 1.600000000000004086, 0.000000000000000000, -1.374999999999992895 ) ) ;
#1570 = VERTEX_POINT ( 'NONE', #2714 ) ;
#1571 = EDGE_LOOP ( 'NONE', ( #2850, #3005, #1552, #2315 ) ) ;
#1572 = EDGE_CURVE ( 'NONE', #183, #1400, #4269, .T. ) ;
#1573 = ADVANCED_FACE ( 'NONE', ( #2345 ), #483, .T. ) ;
#1574 = EDGE_LOOP ( 'NONE', ( #453, #2980, #1776, #1548 ) ) ;
#1575 = CARTESIAN_POINT ( 'NONE',  ( -2.000000000000000888, 0.000000000000000000, -0.1250000000000062450 ) ) ;
#1576 = VERTEX_POINT ( 'NONE', #4339 ) ;
#1577 = ORIENTED_EDGE ( 'NONE', *, *, #3839, .F. ) ;
#1578 = DIRECTION ( 'NONE',  ( -3.491481338843133355E-15, 0.000000000000000000, 1.000000000000000000 ) ) ;
#1579 = EDGE_CURVE ( 'NONE', #1677, #3147, #4318, .T. ) ;
#1580 = DIRECTION ( 'NONE',  ( 1.000000000000000000, 0.000000000000000000, 3.491481338843133355E-15 ) ) ;
#1581 = CARTESIAN_POINT ( 'NONE',  ( 1.599999999999995204, 0.5716990566028307130, 1.125000000000007105 ) ) ;
#1582 = FILL_AREA_STYLE_COLOUR ( '', #589 ) ;
#1583 = VECTOR ( 'NONE', #780, 1000.000000000000000 ) ;
#1584 = DIRECTION ( 'NONE',  ( -3.491481338843133355E-15, 0.000000000000000000, 1.000000000000000000 ) ) ;
#1585 = CARTESIAN_POINT ( 'NONE',  ( -1.999999999999997780, 0.1000000000000000056, -0.3750000000000056066 ) ) ;
#1586 = VECTOR ( 'NONE', #3293, 1000.000000000000000 ) ;
#1587 = PLANE ( 'NONE',  #2111 ) ;
#1588 = UNCERTAINTY_MEASURE_WITH_UNIT (LENGTH_MEASURE( 1.000000000000000082E-05 ), #2656, 'distance_accuracy_value', 'NONE');
#1589 = DIRECTION ( 'NONE',  ( -0.000000000000000000, -1.000000000000000000, 0.000000000000000000 ) ) ;
#1590 = VECTOR ( 'NONE', #1414, 1000.000000000000000 ) ;
#1591 = DIRECTION ( 'NONE',  ( 1.000000000000000000, 0.000000000000000000, 3.491481338843133355E-15 ) ) ;
#1592 = SURFACE_STYLE_USAGE ( .BOTH. , #1237 ) ;
#1593 = AXIS2_PLACEMENT_3D ( 'NONE', #2325, #4647, #459 ) ;
#1594 = DIRECTION ( 'NONE',  ( -0.000000000000000000, -1.000000000000000000, 0.000000000000000000 ) ) ;
#1595 = ORIENTED_EDGE ( 'NONE', *, *, #531, .T. ) ;
#1596 = CARTESIAN_POINT ( 'NONE',  ( 1.600000000000004752, 0.09999999999999999167, -1.624999999999994005 ) ) ;
#1597 = VERTEX_POINT ( 'NONE', #559 ) ;
#1598 = ORIENTED_EDGE ( 'NONE', *, *, #517, .F. ) ;
#1599 = VECTOR ( 'NONE', #3543, 1000.000000000000000 ) ;
#1600 = VECTOR ( 'NONE', #2278, 1000.000000000000000 ) ;
#1601 = ORIENTED_EDGE ( 'NONE', *, *, #4240, .T. ) ;
#1602 = CARTESIAN_POINT ( 'NONE',  ( -1.999999999999994449, 0.000000000000000000, -1.375000000000005551 ) ) ;
#1603 = EDGE_LOOP ( 'NONE', ( #4841, #2681, #3379, #1958 ) ) ;
#1604 = LINE ( 'NONE', #2786, #80 ) ;
#1605 =( NAMED_UNIT ( * ) SI_UNIT ( $, .STERADIAN. ) SOLID_ANGLE_UNIT ( ) );
#1606 = AXIS2_PLACEMENT_3D ( 'NONE', #3096, #3171, #1167 ) ;
#1607 = VECTOR ( 'NONE', #4753, 1000.000000000000000 ) ;
#1608 = EDGE_CURVE ( 'NONE', #1314, #4483, #3565, .T. ) ;
#1609 = FACE_OUTER_BOUND ( 'NONE', #1838, .T. ) ;
#1610 = DIRECTION ( 'NONE',  ( -3.491481338843133355E-15, 0.000000000000000000, 1.000000000000000000 ) ) ;
#1611 = AXIS2_PLACEMENT_3D ( 'NONE', #1567, #3769, #2359 ) ;
#1612 = CARTESIAN_POINT ( 'NONE',  ( -1.599999999999995648, 0.000000000000000000, -1.125000000000004885 ) ) ;
#1613 = COLOUR_RGB ( '',0.7921568627450980005, 0.8196078431372548767, 0.9333333333333333481 ) ;
#1614 = CARTESIAN_POINT ( 'NONE',  ( 1.599999999999997868, 0.5716990566028307130, 0.3750000000000059397 ) ) ;
#1615 = LINE ( 'NONE', #3111, #2971 ) ;
#1616 = CARTESIAN_POINT ( 'NONE',  ( 1.600000000000004086, 0.1000000000000000056, -1.374999999999992895 ) ) ;
#1617 = EDGE_CURVE ( 'NONE', #364, #1976, #2093, .T. ) ;
#1618 = LINE ( 'NONE', #3845, #2911 ) ;
#1619 = CARTESIAN_POINT ( 'NONE',  ( 1.999999999999992228, 7.256854249492380227, 2.000000000000006217 ) ) ;
#1620 = ORIENTED_EDGE ( 'NONE', *, *, #3898, .F. ) ;
#1621 = CARTESIAN_POINT ( 'NONE',  ( 1.599999999999999645, 0.000000000000000000, -0.1249999999999940881 ) ) ;
#1622 = ORIENTED_EDGE ( 'NONE', *, *, #2758, .T. ) ;
#1623 = ORIENTED_EDGE ( 'NONE', *, *, #2240, .T. ) ;
#1624 = VECTOR ( 'NONE', #4876, 1000.000000000000000 ) ;
#1625 =( NAMED_UNIT ( * ) SI_UNIT ( $, .STERADIAN. ) SOLID_ANGLE_UNIT ( ) );
#1626 = EDGE_LOOP ( 'NONE', ( #384, #4291, #2341, #2226 ) ) ;
#1627 = DIRECTION ( 'NONE',  ( 0.000000000000000000, 0.000000000000000000, 1.000000000000000000 ) ) ;
#1628 = EDGE_LOOP ( 'NONE', ( #581, #3492, #3233, #4706 ) ) ;
#1629 = EDGE_LOOP ( 'NONE', ( #2693, #4853, #37, #2883 ) ) ;
#1630 = FACE_OUTER_BOUND ( 'NONE', #2382, .T. ) ;
#1631 = EDGE_CURVE ( 'NONE', #221, #506, #586, .T. ) ;
#1632 = LINE ( 'NONE', #3175, #4366 ) ;
#1633 = LINE ( 'NONE', #3566, #4578 ) ;
#1634 = DIRECTION ( 'NONE',  ( -1.000000000000000000, 0.000000000000000000, -2.407279166357628921E-15 ) ) ;
#1635 = EDGE_CURVE ( 'NONE', #2258, #798, #927, .T. ) ;
#1636 = CARTESIAN_POINT ( 'NONE',  ( -1.999999999999999556, 0.000000000000000000, 0.1249999999999944211 ) ) ;
#1637 = FACE_OUTER_BOUND ( 'NONE', #677, .T. ) ;
#1638 = CARTESIAN_POINT ( 'NONE',  ( -1.299999999999995159, 0.1000000000000002554, -1.200000000000003952 ) ) ;
#1639 = ORIENTED_EDGE ( 'NONE', *, *, #2411, .F. ) ;
#1640 = EDGE_CURVE ( 'NONE', #3074, #4655, #1737, .T. ) ;
#1641 = CARTESIAN_POINT ( 'NONE',  ( -1.599999999999998312, 0.09999999999999999167, -0.3750000000000037748 ) ) ;
#1642 = EDGE_CURVE ( 'NONE', #2560, #1018, #947, .T. ) ;
#1643 = CARTESIAN_POINT ( 'NONE',  ( 1.599999999999997868, 0.1000000000000000056, 0.3750000000000059397 ) ) ;
#1644 = CARTESIAN_POINT ( 'NONE',  ( 1.999999999999996225, 0.000000000000000000, 0.8750000000000073275 ) ) ;
#1645 = ORIENTED_EDGE ( 'NONE', *, *, #1157, .T. ) ;
#1646 = PLANE ( 'NONE',  #3019 ) ;
#1647 = ORIENTED_EDGE ( 'NONE', *, *, #3101, .T. ) ;
#1648 = ORIENTED_EDGE ( 'NONE', *, *, #2227, .T. ) ;
#1649 = DIRECTION ( 'NONE',  ( 1.000000000000000000, -0.000000000000000000, 3.491481338843133355E-15 ) ) ;
#1650 = ORIENTED_EDGE ( 'NONE', *, *, #2311, .F. ) ;
#1651 = DIRECTION ( 'NONE',  ( 1.000000000000000000, 0.000000000000000000, 2.407279166357628921E-15 ) ) ;
#1652 = VERTEX_POINT ( 'NONE', #1711 ) ;
#1653 = VERTEX_POINT ( 'NONE', #2441 ) ;
#1654 =( NAMED_UNIT ( * ) SI_UNIT ( $, .STERADIAN. ) SOLID_ANGLE_UNIT ( ) );
#1655 = LINE ( 'NONE', #4668, #1120 ) ;
#1656 = LINE ( 'NONE', #1302, #1019 ) ;
#1657 = DIRECTION ( 'NONE',  ( -3.491481338843133355E-15, 0.000000000000000000, 1.000000000000000000 ) ) ;
#1658 =( GEOMETRIC_REPRESENTATION_CONTEXT ( 3 ) GLOBAL_UNCERTAINTY_ASSIGNED_CONTEXT ( ( #3181 ) ) GLOBAL_UNIT_ASSIGNED_CONTEXT ( ( #847, #2854, #1243 ) ) REPRESENTATION_CONTEXT ( 'NONE', 'WORKASPACE' ) );
#1659 = LINE ( 'NONE', #4627, #2740 ) ;
#1660 = DIRECTION ( 'NONE',  ( -1.000000000000000000, 0.000000000000000000, -2.407279166357628921E-15 ) ) ;
#1661 = CARTESIAN_POINT ( 'NONE',  ( -1.600000000000002753, 0.1000000000000000056, 0.8749999999999951150 ) ) ;
#1662 = ADVANCED_FACE ( 'NONE', ( #3202 ), #1301, .T. ) ;
#1663 = EDGE_LOOP ( 'NONE', ( #1387, #3388, #2024, #4763 ) ) ;
#1664 = ADVANCED_FACE ( 'NONE', ( #3958 ), #2066, .T. ) ;
#1665 = CARTESIAN_POINT ( 'NONE',  ( -1.599999999999994094, 0.09999999999999999167, -1.625000000000004885 ) ) ;
#1666 = SURFACE_STYLE_FILL_AREA ( #3843 ) ;
#1667 = DIRECTION ( 'NONE',  ( -3.491481338843133355E-15, 0.000000000000000000, 1.000000000000000000 ) ) ;
#1668 = CARTESIAN_POINT ( 'NONE',  ( -2.000000000000001332, 0.000000000000000000, 0.6249999999999944489 ) ) ;
#1669 = ORIENTED_EDGE ( 'NONE', *, *, #3081, .F. ) ;
#1670 = EDGE_CURVE ( 'NONE', #681, #4882, #3995, .T. ) ;
#1671 = DIRECTION ( 'NONE',  ( 0.000000000000000000, -1.000000000000000000, 0.000000000000000000 ) ) ;
#1672 = ADVANCED_FACE ( 'NONE', ( #4039 ), #1412, .F. ) ;
#1673 = ORIENTED_EDGE ( 'NONE', *, *, #4889, .F. ) ;
#1674 = ORIENTED_EDGE ( 'NONE', *, *, #2703, .T. ) ;
#1675 = VECTOR ( 'NONE', #2848, 1000.000000000000000 ) ;
#1676 = CARTESIAN_POINT ( 'NONE',  ( 1.599999999999994538, 0.1000000000000000056, 1.375000000000005995 ) ) ;
#1677 = VERTEX_POINT ( 'NONE', #4353 ) ;
#1678 = DIRECTION ( 'NONE',  ( -3.491481338843133355E-15, 0.000000000000000000, 1.000000000000000000 ) ) ;
#1679 = AXIS2_PLACEMENT_3D ( 'NONE', #1171, #1226, #4592 ) ;
#1680 = ORIENTED_EDGE ( 'NONE', *, *, #3687, .F. ) ;
#1681 = ORIENTED_EDGE ( 'NONE', *, *, #3124, .F. ) ;
#1682 = LINE ( 'NONE', #3957, #2959 ) ;
#1683 = CARTESIAN_POINT ( 'NONE',  ( 1.599999999999998757, 0.1000000000000000056, 0.1250000000000069944 ) ) ;
#1684 = STYLED_ITEM ( 'NONE', ( #3215 ), #1439 ) ;
#1685 = EDGE_CURVE ( 'NONE', #4253, #2510, #219, .T. ) ;
#1686 = DIRECTION ( 'NONE',  ( -1.000000000000000000, 0.000000000000000000, -3.491481338843133750E-15 ) ) ;
#1687 = AXIS2_PLACEMENT_3D ( 'NONE', #3964, #664, #1765 ) ;
#1688 = CARTESIAN_POINT ( 'NONE',  ( 2.000000000000000444, 0.1000000000000000056, -0.3749999999999920619 ) ) ;
#1689 = VECTOR ( 'NONE', #11, 1000.000000000000000 ) ;
#1690 = FACE_OUTER_BOUND ( 'NONE', #1862, .T. ) ;
#1691 = AXIS2_PLACEMENT_3D ( 'NONE', #4072, #225, #1394 ) ;
#1692 = LINE ( 'NONE', #3140, #3901 ) ;
#1693 = FACE_OUTER_BOUND ( 'NONE', #1984, .T. ) ;
#1694 = ORIENTED_EDGE ( 'NONE', *, *, #3335, .F. ) ;
#1695 = DIRECTION ( 'NONE',  ( 1.000000000000000000, 0.000000000000000000, 3.491481338843133355E-15 ) ) ;
#1696 = VECTOR ( 'NONE', #2266, 1000.000000000000000 ) ;
#1697 = CARTESIAN_POINT ( 'NONE',  ( 1.999999999999998668, 0.000000000000000000, 0.1250000000000079659 ) ) ;
#1698 = LINE ( 'NONE', #497, #4529 ) ;
#1699 = AXIS2_PLACEMENT_3D ( 'NONE', #218, #4352, #2101 ) ;
#1700 = VECTOR ( 'NONE', #4712, 1000.000000000000000 ) ;
#1701 = ORIENTED_EDGE ( 'NONE', *, *, #536, .T. ) ;
#1702 = CARTESIAN_POINT ( 'NONE',  ( 1.999999999999996225, 0.5716990566028307130, 0.8750000000000073275 ) ) ;
#1703 = ORIENTED_EDGE ( 'NONE', *, *, #4855, .F. ) ;
#1704 = VERTEX_POINT ( 'NONE', #4781 ) ;
#1705 = VECTOR ( 'NONE', #1282, 1000.000000000000000 ) ;
#1706 = VERTEX_POINT ( 'NONE', #1391 ) ;
#1707 = CARTESIAN_POINT ( 'NONE',  ( -1.745740669421566678E-15, 0.000000000000000000, 0.5000000000000000000 ) ) ;
#1708 = ORIENTED_EDGE ( 'NONE', *, *, #2511, .T. ) ;
#1709 = ORIENTED_EDGE ( 'NONE', *, *, #97, .T. ) ;
#1710 = EDGE_CURVE ( 'NONE', #3470, #2617, #4399, .T. ) ;
#1711 = CARTESIAN_POINT ( 'NONE',  ( 1.999999999999999556, 0.1000000000000000056, -0.1249999999999926864 ) ) ;
#1712 = DIRECTION ( 'NONE',  ( -0.000000000000000000, -1.000000000000000000, 0.000000000000000000 ) ) ;
#1713 = LINE ( 'NONE', #2890, #4358 ) ;
#1714 = ADVANCED_FACE ( 'NONE', ( #2864 ), #2935, .F. ) ;
#1715 = DIRECTION ( 'NONE',  ( -1.000000000000000000, 0.000000000000000000, -4.575683511328639367E-15 ) ) ;
#1716 = DIRECTION ( 'NONE',  ( -1.000000000000000000, 0.000000000000000000, -3.491481338843133750E-15 ) ) ;
#1717 = ORIENTED_EDGE ( 'NONE', *, *, #3325, .F. ) ;
#1718 = EDGE_LOOP ( 'NONE', ( #447, #3303, #4314, #2238 ) ) ;
#1719 = CARTESIAN_POINT ( 'NONE',  ( -1.999999999999995337, 0.09999999999999999167, -1.125000000000006217 ) ) ;
#1720 = DIRECTION ( 'NONE',  ( 0.000000000000000000, -1.000000000000000000, 0.000000000000000000 ) ) ;
#1721 = FACE_BOUND ( 'NONE', #4743, .T. ) ;
#1722 = DIRECTION ( 'NONE',  ( -1.000000000000000000, 0.000000000000000000, -4.575683511328639367E-15 ) ) ;
#1723 = ORIENTED_EDGE ( 'NONE', *, *, #679, .T. ) ;
#1724 = PLANE ( 'NONE',  #1172 ) ;
#1725 = EDGE_CURVE ( 'NONE', #2995, #1191, #2129, .T. ) ;
#1726 = LINE ( 'NONE', #2139, #4748 ) ;
#1727 = ORIENTED_EDGE ( 'NONE', *, *, #3841, .F. ) ;
#1728 = EDGE_CURVE ( 'NONE', #1760, #3590, #1329, .T. ) ;
#1729 = CARTESIAN_POINT ( 'NONE',  ( 1.599999999999994538, 0.09999999999999999167, 1.375000000000005995 ) ) ;
#1730 = DIRECTION ( 'NONE',  ( 0.000000000000000000, -1.000000000000000000, 0.000000000000000000 ) ) ;
#1731 = EDGE_CURVE ( 'NONE', #2477, #4468, #1029, .T. ) ;
#1732 = EDGE_LOOP ( 'NONE', ( #4409, #3356, #4755, #1057 ) ) ;
#1733 = VERTEX_POINT ( 'NONE', #1440 ) ;
#1734 = EDGE_CURVE ( 'NONE', #1396, #230, #3599, .T. ) ;
#1735 = EDGE_CURVE ( 'NONE', #2955, #2699, #954, .T. ) ;
#1736 = ADVANCED_FACE ( 'NONE', ( #687 ), #15, .F. ) ;
#1737 = LINE ( 'NONE', #3249, #2961 ) ;
#1738 = EDGE_CURVE ( 'NONE', #363, #1978, #3759, .T. ) ;
#1739 = ORIENTED_EDGE ( 'NONE', *, *, #24, .F. ) ;
#1740 = CARTESIAN_POINT ( 'NONE',  ( 1.599999999999999645, 0.1000000000000000056, -0.1249999999999940881 ) ) ;
#1741 = ADVANCED_FACE ( 'NONE', ( #1870 ), #1894, .F. ) ;
#1742 = CARTESIAN_POINT ( 'NONE',  ( 2.000000000000003997, 0.000000000000000000, -1.374999999999992006 ) ) ;
#1743 = DIRECTION ( 'NONE',  ( -0.000000000000000000, -1.000000000000000000, 0.000000000000000000 ) ) ;
#1744 = CARTESIAN_POINT ( 'NONE',  ( -1.599999999999995648, 0.1000000000000000056, -1.125000000000004885 ) ) ;
#1745 = CARTESIAN_POINT ( 'NONE',  ( -1.599999999999994094, 0.000000000000000000, -1.625000000000004885 ) ) ;
#1746 = VERTEX_POINT ( 'NONE', #2674 ) ;
#1747 = LINE ( 'NONE', #1034, #322 ) ;
#1748 = CARTESIAN_POINT ( 'NONE',  ( 1.999999999999993561, 0.09999999999999999167, 1.625000000000007994 ) ) ;
#1749 = LINE ( 'NONE', #4385, #3517 ) ;
#1750 = ORIENTED_EDGE ( 'NONE', *, *, #97, .F. ) ;
#1751 = CARTESIAN_POINT ( 'NONE',  ( -1.600000000000001865, 0.000000000000000000, 0.6249999999999962252 ) ) ;
#1752 = VECTOR ( 'NONE', #3934, 1000.000000000000000 ) ;
#1753 = DIRECTION ( 'NONE',  ( -3.491481338843133355E-15, 0.000000000000000000, 1.000000000000000000 ) ) ;
#1754 = ORIENTED_EDGE ( 'NONE', *, *, #4113, .T. ) ;
#1755 = DIRECTION ( 'NONE',  ( -1.000000000000000000, 0.000000000000000000, -3.491481338843133355E-15 ) ) ;
#1756 = ORIENTED_EDGE ( 'NONE', *, *, #4257, .T. ) ;
#1757 = ORIENTED_EDGE ( 'NONE', *, *, #4784, .T. ) ;
#1758 = VECTOR ( 'NONE', #1914, 1000.000000000000000 ) ;
#1759 = VECTOR ( 'NONE', #4906, 1000.000000000000000 ) ;
#1760 = VERTEX_POINT ( 'NONE', #2322 ) ;
#1761 = LINE ( 'NONE', #3935, #4121 ) ;
#1762 = COLOUR_RGB ( '',0.7921568627450980005, 0.8196078431372548767, 0.9333333333333333481 ) ;
#1763 = EDGE_CURVE ( 'NONE', #1018, #4611, #2220, .T. ) ;
#1764 = CARTESIAN_POINT ( 'NONE',  ( 1.999999999999997113, 0.5716990566028307130, 0.6250000000000078826 ) ) ;
#1765 = DIRECTION ( 'NONE',  ( 1.000000000000000000, 0.000000000000000000, 3.491481338843133355E-15 ) ) ;
#1766 = DIRECTION ( 'NONE',  ( -3.383061121594582912E-15, 0.000000000000000000, 1.000000000000000000 ) ) ;
#1767 = AXIS2_PLACEMENT_3D ( 'NONE', #437, #1174, #2716 ) ;
#1768 = ORIENTED_EDGE ( 'NONE', *, *, #537, .F. ) ;
#1769 = LINE ( 'NONE', #3037, #2482 ) ;
#1770 = CARTESIAN_POINT ( 'NONE',  ( 1.600000000000000533, 0.1000000000000000056, -0.3749999999999930056 ) ) ;
#1771 = VECTOR ( 'NONE', #79, 1000.000000000000000 ) ;
#1772 = AXIS2_PLACEMENT_3D ( 'NONE', #3210, #833, #462 ) ;
#1773 = CARTESIAN_POINT ( 'NONE',  ( -1.600000000000004308, 0.1000000000000000056, 1.374999999999995115 ) ) ;
#1774 = ORIENTED_EDGE ( 'NONE', *, *, #3932, .F. ) ;
#1775 = LINE ( 'NONE', #698, #1583 ) ;
#1776 = ORIENTED_EDGE ( 'NONE', *, *, #473, .T. ) ;
#1777 = ORIENTED_EDGE ( 'NONE', *, *, #2475, .F. ) ;
#1778 = VECTOR ( 'NONE', #3570, 1000.000000000000000 ) ;
#1779 = CARTESIAN_POINT ( 'NONE',  ( 1.600000000000004752, 0.1000000000000000056, -1.624999999999994005 ) ) ;
#1780 = EDGE_CURVE ( 'NONE', #3924, #2560, #3383, .T. ) ;
#1781 = CARTESIAN_POINT ( 'NONE',  ( -1.599999999999998312, 0.000000000000000000, -0.3750000000000037748 ) ) ;
#1782 = VECTOR ( 'NONE', #890, 1000.000000000000000 ) ;
#1783 = AXIS2_PLACEMENT_3D ( 'NONE', #326, #2579, #2204 ) ;
#1784 = FACE_OUTER_BOUND ( 'NONE', #1319, .T. ) ;
#1785 = VERTEX_POINT ( 'NONE', #1066 ) ;
#1786 = CARTESIAN_POINT ( 'NONE',  ( 1.599999999999996092, 0.1000000000000000056, 0.8750000000000059952 ) ) ;
#1787 = ORIENTED_EDGE ( 'NONE', *, *, #4395, .F. ) ;
#1788 = ORIENTED_EDGE ( 'NONE', *, *, #1555, .T. ) ;
#1789 = PRODUCT_DEFINITION_FORMATION_WITH_SPECIFIED_SOURCE ( 'ANY', '', #36, .NOT_KNOWN. ) ;
#1790 = ORIENTED_EDGE ( 'NONE', *, *, #3781, .T. ) ;
#1791 = EDGE_CURVE ( 'NONE', #2909, #584, #1486, .T. ) ;
#1792 = DIRECTION ( 'NONE',  ( 3.491481338843133355E-15, 0.000000000000000000, -1.000000000000000000 ) ) ;
#1793 = AXIS2_PLACEMENT_3D ( 'NONE', #4412, #1016, #2558 ) ;
#1794 = CARTESIAN_POINT ( 'NONE',  ( -1.600000000000001865, 0.09999999999999999167, 0.6249999999999962252 ) ) ;
#1795 = CARTESIAN_POINT ( 'NONE',  ( -1.562969075405719499, 0.8000000000000000444, -1.700970243169392049 ) ) ;
#1796 = ORIENTED_EDGE ( 'NONE', *, *, #3639, .T. ) ;
#1797 = LINE ( 'NONE', #2107, #4751 ) ;
#1798 = EDGE_CURVE ( 'NONE', #4741, #238, #1941, .T. ) ;
#1799 = FILL_AREA_STYLE_COLOUR ( '', #1364 ) ;
#1800 = CARTESIAN_POINT ( 'NONE',  ( -2.000000000000004885, 0.09999999999999999167, 1.624999999999994449 ) ) ;
#1801 = ORIENTED_EDGE ( 'NONE', *, *, #531, .F. ) ;
#1802 = DIRECTION ( 'NONE',  ( 1.000000000000000000, 0.000000000000000000, 2.407279166357628921E-15 ) ) ;
#1803 = LINE ( 'NONE', #2115, #2869 ) ;
#1804 = ORIENTED_EDGE ( 'NONE', *, *, #214, .F. ) ;
#1805 = DIRECTION ( 'NONE',  ( -1.000000000000000000, 0.000000000000000000, -3.491481338843133750E-15 ) ) ;
#1806 = SURFACE_STYLE_USAGE ( .BOTH. , #2539 ) ;
#1807 = FACE_OUTER_BOUND ( 'NONE', #264, .T. ) ;
#1808 = EDGE_LOOP ( 'NONE', ( #757, #4213, #134, #4393 ) ) ;
#1809 = DIRECTION ( 'NONE',  ( 0.000000000000000000, 1.000000000000000000, 0.000000000000000000 ) ) ;
#1810 = ORIENTED_EDGE ( 'NONE', *, *, #3994, .F. ) ;
#1811 = ORIENTED_EDGE ( 'NONE', *, *, #4688, .T. ) ;
#1812 = ORIENTED_EDGE ( 'NONE', *, *, #1407, .T. ) ;
#1813 = DIRECTION ( 'NONE',  ( -3.491481338843133355E-15, 0.000000000000000000, 1.000000000000000000 ) ) ;
#1814 = LINE ( 'NONE', #4827, #2086 ) ;
#1815 = LINE ( 'NONE', #761, #801 ) ;
#1816 = PRODUCT_DEFINITION ( 'UNKNOWN', '', #1789, #490 ) ;
#1817 = CARTESIAN_POINT ( 'NONE',  ( 1.299999999999994937, 4.069886648255841344, 1.500000000000004885 ) ) ;
#1818 = ORIENTED_EDGE ( 'NONE', *, *, #1300, .F. ) ;
#1819 = PLANE ( 'NONE',  #870 ) ;
#1820 = LINE ( 'NONE', #3625, #2005 ) ;
#1821 = ADVANCED_FACE ( 'NONE', ( #318 ), #1106, .F. ) ;
#1822 = CARTESIAN_POINT ( 'NONE',  ( -2.000000000000007994, 0.000000000000000000, 1.999999999999992228 ) ) ;
#1823 = LINE ( 'NONE', #670, #1061 ) ;
#1824 = VERTEX_POINT ( 'NONE', #2648 ) ;
#1825 = DIRECTION ( 'NONE',  ( 1.000000000000000000, 0.000000000000000000, 3.491481338843133355E-15 ) ) ;
#1826 = DIRECTION ( 'NONE',  ( 1.000000000000000000, 0.000000000000000000, 3.491481338843133355E-15 ) ) ;
#1827 = VERTEX_POINT ( 'NONE', #533 ) ;
#1828 =( LENGTH_UNIT ( ) NAMED_UNIT ( * ) SI_UNIT ( .MILLI., .METRE. ) );
#1829 = EDGE_CURVE ( 'NONE', #1193, #1314, #854, .T. ) ;
#1830 = DIRECTION ( 'NONE',  ( 3.491481338843133355E-15, 0.000000000000000000, -1.000000000000000000 ) ) ;
#1831 = AXIS2_PLACEMENT_3D ( 'NONE', #4814, #2696, #1448 ) ;
#1832 = LINE ( 'NONE', #378, #2097 ) ;
#1833 = ORIENTED_EDGE ( 'NONE', *, *, #83, .T. ) ;
#1834 = VERTEX_POINT ( 'NONE', #2742 ) ;
#1835 = EDGE_LOOP ( 'NONE', ( #3514, #588, #3468, #2663 ) ) ;
#1836 = FACE_OUTER_BOUND ( 'NONE', #4772, .T. ) ;
#1837 = AXIS2_PLACEMENT_3D ( 'NONE', #3842, #4206, #813 ) ;
#1838 = EDGE_LOOP ( 'NONE', ( #4813, #4880, #2880, #3465 ) ) ;
#1839 = CARTESIAN_POINT ( 'NONE',  ( -1.999999999999994449, 0.8000000000000003775, -2.000000000000007994 ) ) ;
#1840 = EDGE_CURVE ( 'NONE', #850, #2518, #1632, .T. ) ;
#1841 = AXIS2_PLACEMENT_3D ( 'NONE', #612, #535, #2145 ) ;
#1842 = LINE ( 'NONE', #2960, #2576 ) ;
#1843 = ORIENTED_EDGE ( 'NONE', *, *, #2902, .F. ) ;
#1844 = VECTOR ( 'NONE', #4410, 1000.000000000000000 ) ;
#1845 = LINE ( 'NONE', #3365, #2164 ) ;
#1846 = VECTOR ( 'NONE', #2370, 1000.000000000000000 ) ;
#1847 = CARTESIAN_POINT ( 'NONE',  ( -1.599999999999995648, 0.1000000000000000056, -1.125000000000004885 ) ) ;
#1848 = CARTESIAN_POINT ( 'NONE',  ( 1.999999999999997780, 0.000000000000000000, 0.3750000000000073275 ) ) ;
#1849 = CARTESIAN_POINT ( 'NONE',  ( 1.600000000000004752, 0.1000000000000000056, -1.624999999999994005 ) ) ;
#1850 = LINE ( 'NONE', #3370, #4263 ) ;
#1851 = PLANE ( 'NONE',  #4046 ) ;
#1852 = AXIS2_PLACEMENT_3D ( 'NONE', #1786, #1678, #2089 ) ;
#1853 = SURFACE_STYLE_FILL_AREA ( #4554 ) ;
#1854 = VECTOR ( 'NONE', #1485, 1000.000000000000000 ) ;
#1855 = LINE ( 'NONE', #3001, #2520 ) ;
#1856 = DIRECTION ( 'NONE',  ( 1.000000000000000000, 0.000000000000000000, 3.491481338843133355E-15 ) ) ;
#1857 = VECTOR ( 'NONE', #3067, 1000.000000000000000 ) ;
#1858 = FACE_OUTER_BOUND ( 'NONE', #3220, .T. ) ;
#1859 = ORIENTED_EDGE ( 'NONE', *, *, #4636, .F. ) ;
#1860 = VERTEX_POINT ( 'NONE', #3157 ) ;
#1861 = STYLED_ITEM ( 'NONE', ( #3786 ), #4690 ) ;
#1862 = EDGE_LOOP ( 'NONE', ( #4686, #1169, #983, #942 ) ) ;
#1863 = CARTESIAN_POINT ( 'NONE',  ( 1.600000000000001421, 0.5716990566028307130, -0.6249999999999940048 ) ) ;
#1864 = ADVANCED_FACE ( 'NONE', ( #1609 ), #4222, .F. ) ;
#1865 = VECTOR ( 'NONE', #3668, 1000.000000000000000 ) ;
#1866 = ORIENTED_EDGE ( 'NONE', *, *, #2379, .F. ) ;
#1867 = AXIS2_PLACEMENT_3D ( 'NONE', #2770, #4732, #2427 ) ;
#1868 = CARTESIAN_POINT ( 'NONE',  ( -2.000000000000000444, 0.1000000000000000056, 0.3749999999999937828 ) ) ;
#1869 = CARTESIAN_POINT ( 'NONE',  ( 1.599999999999997868, 0.09999999999999999167, 0.3750000000000059397 ) ) ;
#1870 = FACE_OUTER_BOUND ( 'NONE', #1404, .T. ) ;
#1871 = CARTESIAN_POINT ( 'NONE',  ( 1.599999999999995204, 0.09999999999999999167, 1.125000000000007105 ) ) ;
#1872 = VECTOR ( 'NONE', #1923, 1000.000000000000000 ) ;
#1873 = ADVANCED_FACE ( 'NONE', ( #4644 ), #3135, .F. ) ;
#1874 = CARTESIAN_POINT ( 'NONE',  ( 1.599999999999998757, 0.000000000000000000, 0.1250000000000069944 ) ) ;
#1875 = CARTESIAN_POINT ( 'NONE',  ( -1.599999999999996536, 0.1000000000000000056, -0.8750000000000037748 ) ) ;
#1876 = ORIENTED_EDGE ( 'NONE', *, *, #1791, .T. ) ;
#1877 = CARTESIAN_POINT ( 'NONE',  ( -1.600000000000004308, 0.000000000000000000, 1.374999999999995115 ) ) ;
#1878 = SURFACE_STYLE_USAGE ( .BOTH. , #1186 ) ;
#1879 = CARTESIAN_POINT ( 'NONE',  ( -1.600000000000004308, 0.1000000000000000056, 1.374999999999995115 ) ) ;
#1880 = CARTESIAN_POINT ( 'NONE',  ( -2.000000000000001332, 0.5716990566028307130, 0.6249999999999944489 ) ) ;
#1881 = EDGE_CURVE ( 'NONE', #1400, #765, #1249, .T. ) ;
#1882 = CARTESIAN_POINT ( 'NONE',  ( 1.999999999999998668, 0.09999999999999999167, 0.1250000000000079659 ) ) ;
#1883 = VERTEX_POINT ( 'NONE', #136 ) ;
#1884 = ORIENTED_EDGE ( 'NONE', *, *, #4230, .F. ) ;
#1885 = EDGE_CURVE ( 'NONE', #4707, #4124, #1655, .T. ) ;
#1886 = ORIENTED_EDGE ( 'NONE', *, *, #1734, .T. ) ;
#1887 = ADVANCED_FACE ( 'NONE', ( #1274 ), #2813, .F. ) ;
#1888 = ADVANCED_FACE ( 'NONE', ( #4298 ), #4196, .T. ) ;
#1889 = DIRECTION ( 'NONE',  ( 3.636041628507867543E-15, 0.000000000000000000, -1.000000000000000000 ) ) ;
#1890 = VERTEX_POINT ( 'NONE', #2347 ) ;
#1891 = FACE_OUTER_BOUND ( 'NONE', #1427, .T. ) ;
#1892 = CARTESIAN_POINT ( 'NONE',  ( 0.000000000000000000, 0.1000000000000000056, 0.000000000000000000 ) ) ;
#1893 = EDGE_CURVE ( 'NONE', #1270, #3612, #3831, .T. ) ;
#1894 = PLANE ( 'NONE',  #566 ) ;
#1895 =( LENGTH_UNIT ( ) NAMED_UNIT ( * ) SI_UNIT ( .MILLI., .METRE. ) );
#1896 = DIRECTION ( 'NONE',  ( -1.000000000000000000, 0.000000000000000000, -3.491481338843133750E-15 ) ) ;
#1897 = DIRECTION ( 'NONE',  ( 1.000000000000000000, 0.000000000000000000, 3.491481338843133355E-15 ) ) ;
#1898 = FILL_AREA_STYLE_COLOUR ( '', #2666 ) ;
#1899 = CARTESIAN_POINT ( 'NONE',  ( -2.000000000000000444, 0.09999999999999999167, 0.3749999999999937828 ) ) ;
#1900 = LINE ( 'NONE', #49, #1519 ) ;
#1901 = EDGE_CURVE ( 'NONE', #3098, #230, #1908, .T. ) ;
#1902 = DIRECTION ( 'NONE',  ( -1.000000000000000000, 0.000000000000000000, -3.491481338843133750E-15 ) ) ;
#1903 = PLANE ( 'NONE',  #4374 ) ;
#1904 = DIRECTION ( 'NONE',  ( -0.000000000000000000, -1.000000000000000000, 0.000000000000000000 ) ) ;
#1905 = ORIENTED_EDGE ( 'NONE', *, *, #3733, .F. ) ;
#1906 = ORIENTED_EDGE ( 'NONE', *, *, #1840, .T. ) ;
#1907 = ORIENTED_EDGE ( 'NONE', *, *, #2758, .F. ) ;
#1908 = LINE ( 'NONE', #2294, #3662 ) ;
#1909 = EDGE_LOOP ( 'NONE', ( #2630, #3826, #3149, #101 ) ) ;
#1910 = VECTOR ( 'NONE', #1355, 1000.000000000000000 ) ;
#1911 = CARTESIAN_POINT ( 'NONE',  ( 1.599999999999993650, 0.1000000000000000056, 1.625000000000007105 ) ) ;
#1912 = DIRECTION ( 'NONE',  ( -0.000000000000000000, -1.000000000000000000, -0.000000000000000000 ) ) ;
#1913 =( NAMED_UNIT ( * ) SI_UNIT ( $, .STERADIAN. ) SOLID_ANGLE_UNIT ( ) );
#1914 = DIRECTION ( 'NONE',  ( 3.708321773340234242E-15, 0.000000000000000000, -1.000000000000000000 ) ) ;
#1915 = VECTOR ( 'NONE', #2076, 1000.000000000000000 ) ;
#1916 = ADVANCED_FACE ( 'NONE', ( #3419 ), #707, .F. ) ;
#1917 = FACE_OUTER_BOUND ( 'NONE', #3930, .T. ) ;
#1918 = AXIS2_PLACEMENT_3D ( 'NONE', #2372, #415, #2745 ) ;
#1919 = ORIENTED_EDGE ( 'NONE', *, *, #2902, .T. ) ;
#1920 = DIRECTION ( 'NONE',  ( 1.000000000000000000, 0.000000000000000000, 3.491481338843133355E-15 ) ) ;
#1921 = DIRECTION ( 'NONE',  ( 1.000000000000000000, 0.000000000000000000, 3.491481338843133355E-15 ) ) ;
#1922 = STYLED_ITEM ( 'NONE', ( #375 ), #1406 ) ;
#1923 = DIRECTION ( 'NONE',  ( 3.491481338843133355E-15, 0.000000000000000000, -1.000000000000000000 ) ) ;
#1924 = DIRECTION ( 'NONE',  ( 0.000000000000000000, -1.000000000000000000, 0.000000000000000000 ) ) ;
#1925 = PLANE ( 'NONE',  #146 ) ;
#1926 =( GEOMETRIC_REPRESENTATION_CONTEXT ( 3 ) GLOBAL_UNCERTAINTY_ASSIGNED_CONTEXT ( ( #931 ) ) GLOBAL_UNIT_ASSIGNED_CONTEXT ( ( #2918, #2152, #3647 ) ) REPRESENTATION_CONTEXT ( 'NONE', 'WORKASPACE' ) );
#1927 = ORIENTED_EDGE ( 'NONE', *, *, #2725, .F. ) ;
#1928 = ORIENTED_EDGE ( 'NONE', *, *, #574, .F. ) ;
#1929 = ADVANCED_FACE ( 'NONE', ( #1481 ), #2595, .T. ) ;
#1930 = VECTOR ( 'NONE', #4392, 1000.000000000000000 ) ;
#1931 = VECTOR ( 'NONE', #1912, 1000.000000000000000 ) ;
#1932 = ORIENTED_EDGE ( 'NONE', *, *, #1763, .F. ) ;
#1933 = ADVANCED_FACE ( 'NONE', ( #3053 ), #2273, .T. ) ;
#1934 = CARTESIAN_POINT ( 'NONE',  ( 1.599999999999997868, 0.09999999999999999167, 0.3750000000000059397 ) ) ;
#1935 = VERTEX_POINT ( 'NONE', #4471 ) ;
#1936 = ORIENTED_EDGE ( 'NONE', *, *, #323, .T. ) ;
#1937 = DIRECTION ( 'NONE',  ( 1.000000000000000000, 0.000000000000000000, 2.407279166357628921E-15 ) ) ;
#1938 = AXIS2_PLACEMENT_3D ( 'NONE', #2210, #3702, #2754 ) ;
#1939 = COLOUR_RGB ( '',0.7921568627450980005, 0.8196078431372548767, 0.9333333333333333481 ) ;
#1940 = MECHANICAL_DESIGN_GEOMETRIC_PRESENTATION_REPRESENTATION (  '', ( #4866 ), #2112 ) ;
#1941 = LINE ( 'NONE', #2599, #1600 ) ;
#1942 = DIRECTION ( 'NONE',  ( 0.000000000000000000, 0.000000000000000000, 1.000000000000000000 ) ) ;
#1943 = ADVANCED_FACE ( 'NONE', ( #3754 ), #1126, .F. ) ;
#1944 = ADVANCED_FACE ( 'NONE', ( #4904 ), #3398, .T. ) ;
#1945 = DIRECTION ( 'NONE',  ( 1.000000000000000000, 0.000000000000000000, 3.491481338843133355E-15 ) ) ;
#1946 = CARTESIAN_POINT ( 'NONE',  ( 1.999999999999999556, 0.5716990566028307130, -0.1249999999999926864 ) ) ;
#1947 = VECTOR ( 'NONE', #911, 1000.000000000000000 ) ;
#1948 = UNCERTAINTY_MEASURE_WITH_UNIT (LENGTH_MEASURE( 1.000000000000000082E-05 ), #3187, 'distance_accuracy_value', 'NONE');
#1949 = CARTESIAN_POINT ( 'NONE',  ( 2.000000000000001332, 0.5716990566028307130, -0.6249999999999927836 ) ) ;
#1950 =( NAMED_UNIT ( * ) PLANE_ANGLE_UNIT ( ) SI_UNIT ( $, .RADIAN. ) );
#1951 = EDGE_CURVE ( 'NONE', #646, #4746, #2668, .T. ) ;
#1952 = ADVANCED_FACE ( 'NONE', ( #4885 ), #4517, .F. ) ;
#1953 = EDGE_CURVE ( 'NONE', #4546, #2876, #3327, .T. ) ;
#1954 = PLANE ( 'NONE',  #3720 ) ;
#1955 = DIRECTION ( 'NONE',  ( -3.491481338843133355E-15, 0.000000000000000000, 1.000000000000000000 ) ) ;
#1956 = EDGE_CURVE ( 'NONE', #479, #4800, #1434, .T. ) ;
#1957 = FACE_OUTER_BOUND ( 'NONE', #52, .T. ) ;
#1958 = ORIENTED_EDGE ( 'NONE', *, *, #894, .T. ) ;
#1959 = CARTESIAN_POINT ( 'NONE',  ( 1.999999999999997113, 0.1000000000000000056, 0.6250000000000078826 ) ) ;
#1960 = ORIENTED_EDGE ( 'NONE', *, *, #4752, .F. ) ;
#1961 = EDGE_LOOP ( 'NONE', ( #4733, #2801, #4357, #4914 ) ) ;
#1962 = VERTEX_POINT ( 'NONE', #4447 ) ;
#1963 = DIRECTION ( 'NONE',  ( 0.000000000000000000, -1.000000000000000000, 0.000000000000000000 ) ) ;
#1964 = ORIENTED_EDGE ( 'NONE', *, *, #4403, .F. ) ;
#1965 = ORIENTED_EDGE ( 'NONE', *, *, #1881, .F. ) ;
#1966 = FACE_OUTER_BOUND ( 'NONE', #431, .T. ) ;
#1967 = CARTESIAN_POINT ( 'NONE',  ( 1.599999999999995204, 0.1000000000000000056, 1.125000000000007105 ) ) ;
#1968 = DIRECTION ( 'NONE',  ( -3.491481338843133355E-15, 0.000000000000000000, 1.000000000000000000 ) ) ;
#1969 = CARTESIAN_POINT ( 'NONE',  ( -2.000000000000003109, 0.1000000000000000056, 1.124999999999994449 ) ) ;
#1970 = DIRECTION ( 'NONE',  ( 0.000000000000000000, -1.000000000000000000, 0.000000000000000000 ) ) ;
#1971 = CARTESIAN_POINT ( 'NONE',  ( 2.000000000000000000, 0.000000000000000000, -0.3749999999999920619 ) ) ;
#1972 = DIRECTION ( 'NONE',  ( 3.491481338843133355E-15, 0.000000000000000000, -1.000000000000000000 ) ) ;
#1973 = DIRECTION ( 'NONE',  ( -0.000000000000000000, -1.000000000000000000, 0.000000000000000000 ) ) ;
#1974 = SURFACE_STYLE_FILL_AREA ( #816 ) ;
#1975 = CARTESIAN_POINT ( 'NONE',  ( -1.600000000000005196, 0.09999999999999999167, 1.624999999999996225 ) ) ;
#1976 = VERTEX_POINT ( 'NONE', #1059 ) ;
#1977 = PLANE ( 'NONE',  #4823 ) ;
#1978 = VERTEX_POINT ( 'NONE', #314 ) ;
#1979 = ORIENTED_EDGE ( 'NONE', *, *, #4555, .F. ) ;
#1980 = ADVANCED_FACE ( 'NONE', ( #1836 ), #3355, .T. ) ;
#1981 = VERTEX_POINT ( 'NONE', #1934 ) ;
#1982 = LINE ( 'NONE', #1198, #4368 ) ;
#1983 = ORIENTED_EDGE ( 'NONE', *, *, #4034, .F. ) ;
#1984 = EDGE_LOOP ( 'NONE', ( #4009, #573, #4147, #4745 ) ) ;
#1985 = CARTESIAN_POINT ( 'NONE',  ( 2.000000000000002220, 0.09999999999999999167, -0.8749999999999921174 ) ) ;
#1986 = STYLED_ITEM ( 'NONE', ( #921 ), #3060 ) ;
#1987 = DIRECTION ( 'NONE',  ( -3.491481338843133355E-15, 0.000000000000000000, 1.000000000000000000 ) ) ;
#1988 = DIRECTION ( 'NONE',  ( -1.000000000000000000, 0.000000000000000000, -4.575683511328639367E-15 ) ) ;
#1989 = ADVANCED_FACE ( 'NONE', ( #874 ), #2007, .F. ) ;
#1990 = VECTOR ( 'NONE', #330, 1000.000000000000000 ) ;
#1991 = CARTESIAN_POINT ( 'NONE',  ( 1.299999999999994937, 0.000000000000000000, 1.500000000000004885 ) ) ;
#1992 = DIRECTION ( 'NONE',  ( 0.000000000000000000, 1.000000000000000000, 0.000000000000000000 ) ) ;
#1993 = VECTOR ( 'NONE', #1591, 1000.000000000000000 ) ;
#1994 = FACE_OUTER_BOUND ( 'NONE', #873, .T. ) ;
#1995 = CARTESIAN_POINT ( 'NONE',  ( -1.047444401652940007E-14, 0.000000000000000000, 3.000000000000000000 ) ) ;
#1996 = VECTOR ( 'NONE', #2218, 1000.000000000000000 ) ;
#1997 = CARTESIAN_POINT ( 'NONE',  ( 2.000000000000001332, 0.000000000000000000, -0.6249999999999927836 ) ) ;
#1998 = FACE_OUTER_BOUND ( 'NONE', #1663, .T. ) ;
#1999 = VERTEX_POINT ( 'NONE', #4217 ) ;
#2000 = CARTESIAN_POINT ( 'NONE',  ( 1.999999999999999556, 0.000000000000000000, -0.1249999999999926864 ) ) ;
#2001 = ORIENTED_EDGE ( 'NONE', *, *, #178, .T. ) ;
#2002 = ORIENTED_EDGE ( 'NONE', *, *, #1463, .T. ) ;
#2003 = AXIS2_PLACEMENT_3D ( 'NONE', #4076, #3460, #4177 ) ;
#2004 = SURFACE_STYLE_FILL_AREA ( #4335 ) ;
#2005 = VECTOR ( 'NONE', #4043, 1000.000000000000000 ) ;
#2006 = VERTEX_POINT ( 'NONE', #1575 ) ;
#2007 = PLANE ( 'NONE',  #1048 ) ;
#2008 = VERTEX_POINT ( 'NONE', #849 ) ;
#2009 = ORIENTED_EDGE ( 'NONE', *, *, #903, .T. ) ;
#2010 = ADVANCED_FACE ( 'NONE', ( #57 ), #2384, .T. ) ;
#2011 = LINE ( 'NONE', #1553, #2402 ) ;
#2012 = DIRECTION ( 'NONE',  ( 1.000000000000000000, -0.000000000000000000, 3.491481338843133355E-15 ) ) ;
#2013 = AXIS2_PLACEMENT_3D ( 'NONE', #2642, #2956, #3777 ) ;
#2014 = VECTOR ( 'NONE', #1438, 1000.000000000000000 ) ;
#2015 = EDGE_CURVE ( 'NONE', #4483, #2909, #432, .T. ) ;
#2016 = CARTESIAN_POINT ( 'NONE',  ( 1.599999999999996980, 0.000000000000000000, 0.6250000000000071054 ) ) ;
#2017 = AXIS2_PLACEMENT_3D ( 'NONE', #125, #547, #4681 ) ;
#2018 = FACE_OUTER_BOUND ( 'NONE', #3377, .T. ) ;
#2019 = VECTOR ( 'NONE', #817, 1000.000000000000000 ) ;
#2020 = AXIS2_PLACEMENT_3D ( 'NONE', #1491, #1039, #3015 ) ;
#2021 = DIRECTION ( 'NONE',  ( 4.575683511328639367E-15, 0.000000000000000000, -1.000000000000000000 ) ) ;
#2022 = FACE_OUTER_BOUND ( 'NONE', #4856, .T. ) ;
#2023 = LINE ( 'NONE', #2474, #105 ) ;
#2024 = ORIENTED_EDGE ( 'NONE', *, *, #1670, .F. ) ;
#2025 = LINE ( 'NONE', #1235, #3103 ) ;
#2026 = CIRCLE ( 'NONE', #1215, 0.1518327525017735269 ) ;
#2027 = DIRECTION ( 'NONE',  ( 0.000000000000000000, -1.000000000000000000, 0.000000000000000000 ) ) ;
#2028 = CARTESIAN_POINT ( 'NONE',  ( -1.299999999999995159, 0.000000000000000000, -1.200000000000003952 ) ) ;
#2029 = CARTESIAN_POINT ( 'NONE',  ( 1.999999999999993561, 0.1000000000000000056, 1.625000000000007994 ) ) ;
#2030 = VERTEX_POINT ( 'NONE', #900 ) ;
#2031 = CARTESIAN_POINT ( 'NONE',  ( -1.999999999999993561, 0.5716990566028307130, -1.625000000000006217 ) ) ;
#2032 = ORIENTED_EDGE ( 'NONE', *, *, #667, .T. ) ;
#2033 = EDGE_LOOP ( 'NONE', ( #191, #1673, #4774, #644 ) ) ;
#2034 = VECTOR ( 'NONE', #3164, 1000.000000000000000 ) ;
#2035 = PLANE ( 'NONE',  #3094 ) ;
#2036 = VERTEX_POINT ( 'NONE', #2783 ) ;
#2037 = CARTESIAN_POINT ( 'NONE',  ( -1.999999999999997780, 0.000000000000000000, -0.3750000000000056066 ) ) ;
#2038 = ORIENTED_EDGE ( 'NONE', *, *, #1565, .F. ) ;
#2039 = ORIENTED_EDGE ( 'NONE', *, *, #1023, .F. ) ;
#2040 = PRESENTATION_STYLE_ASSIGNMENT (( #306 ) ) ;
#2041 = DIRECTION ( 'NONE',  ( -1.000000000000000000, 0.000000000000000000, -2.407279166357628921E-15 ) ) ;
#2042 = EDGE_CURVE ( 'NONE', #1396, #4902, #4661, .T. ) ;
#2043 = EDGE_CURVE ( 'NONE', #2617, #4902, #407, .T. ) ;
#2044 = LINE ( 'NONE', #2016, #315 ) ;
#2045 = FACE_BOUND ( 'NONE', #4584, .T. ) ;
#2046 = EDGE_CURVE ( 'NONE', #347, #1529, #4588, .T. ) ;
#2047 = FACE_OUTER_BOUND ( 'NONE', #3200, .T. ) ;
#2048 = DIRECTION ( 'NONE',  ( 3.491481338843133355E-15, 0.000000000000000000, -1.000000000000000000 ) ) ;
#2049 = PLANE ( 'NONE',  #1867 ) ;
#2050 = ORIENTED_EDGE ( 'NONE', *, *, #1631, .T. ) ;
#2051 = PLANE ( 'NONE',  #1837 ) ;
#2052 =( NAMED_UNIT ( * ) SI_UNIT ( $, .STERADIAN. ) SOLID_ANGLE_UNIT ( ) );
#2053 = CARTESIAN_POINT ( 'NONE',  ( 1.599999999999995204, 0.000000000000000000, 1.125000000000007105 ) ) ;
#2054 = PLANE ( 'NONE',  #2017 ) ;
#2055 = ORIENTED_EDGE ( 'NONE', *, *, #2765, .T. ) ;
#2056 = DIRECTION ( 'NONE',  ( 3.383061121594582912E-15, 0.000000000000000000, -1.000000000000000000 ) ) ;
#2057 = ORIENTED_EDGE ( 'NONE', *, *, #4287, .T. ) ;
#2058 = VERTEX_POINT ( 'NONE', #3903 ) ;
#2059 = EDGE_CURVE ( 'NONE', #3122, #4655, #1224, .T. ) ;
#2060 = CARTESIAN_POINT ( 'NONE',  ( 1.999999999999997113, 0.5716990566028307130, 0.6250000000000078826 ) ) ;
#2061 = ORIENTED_EDGE ( 'NONE', *, *, #3467, .T. ) ;
#2062 = LINE ( 'NONE', #1296, #1123 ) ;
#2063 = ORIENTED_EDGE ( 'NONE', *, *, #2626, .F. ) ;
#2064 = EDGE_LOOP ( 'NONE', ( #845, #634, #2292, #3297 ) ) ;
#2065 = CARTESIAN_POINT ( 'NONE',  ( -1.599999999999994094, 0.000000000000000000, -1.625000000000004885 ) ) ;
#2066 = PLANE ( 'NONE',  #1450 ) ;
#2067 = CARTESIAN_POINT ( 'NONE',  ( -1.599999999999994094, 0.5716990566028307130, -1.625000000000004885 ) ) ;
#2068 = CARTESIAN_POINT ( 'NONE',  ( -1.999999999999996225, 0.1000000000000000056, -0.8750000000000055511 ) ) ;
#2069 = CARTESIAN_POINT ( 'NONE',  ( 1.599999999999998757, 0.09999999999999999167, 0.1250000000000069944 ) ) ;
#2070 = VECTOR ( 'NONE', #3136, 1000.000000000000000 ) ;
#2071 = DIRECTION ( 'NONE',  ( -1.000000000000000000, 0.000000000000000000, -4.575683511328639367E-15 ) ) ;
#2072 = DIRECTION ( 'NONE',  ( -0.000000000000000000, -1.000000000000000000, 0.000000000000000000 ) ) ;
#2073 = DIRECTION ( 'NONE',  ( -3.491481338843133355E-15, 0.000000000000000000, 1.000000000000000000 ) ) ;
#2074 = ORIENTED_EDGE ( 'NONE', *, *, #2160, .T. ) ;
#2075 = EDGE_LOOP ( 'NONE', ( #3245, #925, #76, #3052 ) ) ;
#2076 = DIRECTION ( 'NONE',  ( -0.000000000000000000, -1.000000000000000000, 0.000000000000000000 ) ) ;
#2077 = EDGE_CURVE ( 'NONE', #4401, #3927, #1982, .T. ) ;
#2078 = PLANE ( 'NONE',  #3196 ) ;
#2079 = LINE ( 'NONE', #3578, #4139 ) ;
#2080 = CARTESIAN_POINT ( 'NONE',  ( 1.999999999999996225, 0.000000000000000000, 0.8750000000000073275 ) ) ;
#2081 = VECTOR ( 'NONE', #3913, 999.9999999999998863 ) ;
#2082 = EDGE_CURVE ( 'NONE', #2036, #2803, #2760, .T. ) ;
#2083 = DIRECTION ( 'NONE',  ( -3.491481338843133355E-15, 0.000000000000000000, 1.000000000000000000 ) ) ;
#2084 = ORIENTED_EDGE ( 'NONE', *, *, #3131, .T. ) ;
#2085 = ORIENTED_EDGE ( 'NONE', *, *, #3523, .T. ) ;
#2086 = VECTOR ( 'NONE', #4450, 1000.000000000000000 ) ;
#2087 = CARTESIAN_POINT ( 'NONE',  ( 1.600000000000004086, 0.1000000000000000056, -1.374999999999992895 ) ) ;
#2088 = VERTEX_POINT ( 'NONE', #2037 ) ;
#2089 = DIRECTION ( 'NONE',  ( 1.000000000000000000, 0.000000000000000000, 3.491481338843133355E-15 ) ) ;
#2090 = EDGE_CURVE ( 'NONE', #342, #4800, #3540, .T. ) ;
#2091 = ORIENTED_EDGE ( 'NONE', *, *, #4141, .F. ) ;
#2092 = LINE ( 'NONE', #3201, #1844 ) ;
#2093 = LINE ( 'NONE', #3986, #3275 ) ;
#2094 = VECTOR ( 'NONE', #594, 1000.000000000000000 ) ;
#2095 = EDGE_CURVE ( 'NONE', #2981, #3466, #3799, .T. ) ;
#2096 = FACE_OUTER_BOUND ( 'NONE', #1383, .T. ) ;
#2097 = VECTOR ( 'NONE', #309, 1000.000000000000000 ) ;
#2098 = LINE ( 'NONE', #3278, #875 ) ;
#2099 = AXIS2_PLACEMENT_3D ( 'NONE', #3430, #2698, #4869 ) ;
#2100 = VECTOR ( 'NONE', #4692, 1000.000000000000000 ) ;
#2101 = DIRECTION ( 'NONE',  ( 1.000000000000000000, 0.000000000000000000, 3.491481338843133355E-15 ) ) ;
#2102 = EDGE_CURVE ( 'NONE', #58, #2639, #3073, .T. ) ;
#2103 = EDGE_CURVE ( 'NONE', #1529, #3122, #451, .T. ) ;
#2104 = LINE ( 'NONE', #2865, #1947 ) ;
#2105 = EDGE_LOOP ( 'NONE', ( #3071, #4264, #2733, #4463 ) ) ;
#2106 = ORIENTED_EDGE ( 'NONE', *, *, #2898, .F. ) ;
#2107 = CARTESIAN_POINT ( 'NONE',  ( -1.999999999999997113, 0.5716990566028307130, -0.6250000000000062172 ) ) ;
#2108 = VECTOR ( 'NONE', #1071, 1000.000000000000000 ) ;
#2109 = EDGE_CURVE ( 'NONE', #3589, #4253, #3493, .T. ) ;
#2110 = ADVANCED_FACE ( 'NONE', ( #4188 ), #796, .F. ) ;
#2111 = AXIS2_PLACEMENT_3D ( 'NONE', #3110, #4601, #858 ) ;
#2112 =( GEOMETRIC_REPRESENTATION_CONTEXT ( 3 ) GLOBAL_UNCERTAINTY_ASSIGNED_CONTEXT ( ( #1181 ) ) GLOBAL_UNIT_ASSIGNED_CONTEXT ( ( #2922, #4870, #3311 ) ) REPRESENTATION_CONTEXT ( 'NONE', 'WORKASPACE' ) );
#2113 = ORIENTED_EDGE ( 'NONE', *, *, #3190, .F. ) ;
#2114 = DIRECTION ( 'NONE',  ( 1.000000000000000000, 0.000000000000000000, 3.491481338843133355E-15 ) ) ;
#2115 = CARTESIAN_POINT ( 'NONE',  ( -1.600000000000000089, 0.1000000000000000056, 0.1249999999999962669 ) ) ;
#2116 = EDGE_LOOP ( 'NONE', ( #1166, #917, #131, #1757 ) ) ;
#2117 = EDGE_CURVE ( 'NONE', #2221, #2995, #1369, .T. ) ;
#2118 = VECTOR ( 'NONE', #3183, 1000.000000000000000 ) ;
#2119 = DIRECTION ( 'NONE',  ( -1.000000000000000000, 0.000000000000000000, -2.407279166357628921E-15 ) ) ;
#2120 = ORIENTED_EDGE ( 'NONE', *, *, #3906, .F. ) ;
#2121 = LINE ( 'NONE', #3954, #1930 ) ;
#2122 = EDGE_LOOP ( 'NONE', ( #4343, #755, #1818, #4821 ) ) ;
#2123 = ORIENTED_EDGE ( 'NONE', *, *, #482, .T. ) ;
#2124 = DIRECTION ( 'NONE',  ( 0.000000000000000000, -1.000000000000000000, 0.000000000000000000 ) ) ;
#2125 = ORIENTED_EDGE ( 'NONE', *, *, #3594, .T. ) ;
#2126 = CARTESIAN_POINT ( 'NONE',  ( -1.999999999999999556, 0.09999999999999999167, 0.1249999999999944211 ) ) ;
#2127 = DIRECTION ( 'NONE',  ( -1.000000000000000000, 0.000000000000000000, -2.407279166357628921E-15 ) ) ;
#2128 = CARTESIAN_POINT ( 'NONE',  ( -1.999999999999997780, 0.09999999999999999167, -0.3750000000000056066 ) ) ;
#2129 = LINE ( 'NONE', #1795, #4201 ) ;
#2130 = CARTESIAN_POINT ( 'NONE',  ( 1.999999999999994449, 0.09999999999999999167, 1.375000000000007327 ) ) ;
#2131 = ORIENTED_EDGE ( 'NONE', *, *, #3844, .F. ) ;
#2132 = EDGE_LOOP ( 'NONE', ( #1965, #1055, #4619, #4635 ) ) ;
#2133 = LINE ( 'NONE', #2573, #2398 ) ;
#2134 = LINE ( 'NONE', #1770, #3728 ) ;
#2135 = PLANE ( 'NONE',  #1691 ) ;
#2136 = CARTESIAN_POINT ( 'NONE',  ( -1.599999999999997424, 0.000000000000000000, -0.6250000000000048850 ) ) ;
#2137 = ORIENTED_EDGE ( 'NONE', *, *, #1210, .T. ) ;
#2138 = LINE ( 'NONE', #2874, #3953 ) ;
#2139 = CARTESIAN_POINT ( 'NONE',  ( -1.599999999999996536, 0.000000000000000000, -0.8750000000000037748 ) ) ;
#2140 = FACE_OUTER_BOUND ( 'NONE', #615, .T. ) ;
#2141 = DIRECTION ( 'NONE',  ( 0.000000000000000000, -1.000000000000000000, 0.000000000000000000 ) ) ;
#2142 = VERTEX_POINT ( 'NONE', #4239 ) ;
#2143 = ORIENTED_EDGE ( 'NONE', *, *, #4809, .T. ) ;
#2144 = ORIENTED_EDGE ( 'NONE', *, *, #2095, .F. ) ;
#2145 = DIRECTION ( 'NONE',  ( 1.000000000000000000, 0.000000000000000000, 3.491481338843133355E-15 ) ) ;
#2146 = DIRECTION ( 'NONE',  ( 1.000000000000000000, 0.000000000000000000, 2.407279166357628921E-15 ) ) ;
#2147 = UNCERTAINTY_MEASURE_WITH_UNIT (LENGTH_MEASURE( 1.000000000000000082E-05 ), #4228, 'distance_accuracy_value', 'NONE');
#2148 = ORIENTED_EDGE ( 'NONE', *, *, #987, .T. ) ;
#2149 = ORIENTED_EDGE ( 'NONE', *, *, #3834, .T. ) ;
#2150 = EDGE_CURVE ( 'NONE', #3752, #4512, #3519, .T. ) ;
#2151 = DIRECTION ( 'NONE',  ( 3.383061121594582912E-15, 0.000000000000000000, -1.000000000000000000 ) ) ;
#2152 =( NAMED_UNIT ( * ) PLANE_ANGLE_UNIT ( ) SI_UNIT ( $, .RADIAN. ) );
#2153 = LINE ( 'NONE', #4736, #3364 ) ;
#2154 = ORIENTED_EDGE ( 'NONE', *, *, #3814, .F. ) ;
#2155 = LINE ( 'NONE', #3652, #3413 ) ;
#2156 = AXIS2_PLACEMENT_3D ( 'NONE', #2942, #2228, #2968 ) ;
#2157 = LINE ( 'NONE', #3653, #1586 ) ;
#2158 = CLOSED_SHELL ( 'NONE', ( #118, #4349, #1253, #2521, #756, #4608 ) ) ;
#2159 = LINE ( 'NONE', #1781, #508 ) ;
#2160 = EDGE_CURVE ( 'NONE', #1113, #2518, #2856, .T. ) ;
#2161 = FACE_OUTER_BOUND ( 'NONE', #2667, .T. ) ;
#2162 = ORIENTED_EDGE ( 'NONE', *, *, #3065, .T. ) ;
#2163 = ORIENTED_EDGE ( 'NONE', *, *, #3839, .T. ) ;
#2164 = VECTOR ( 'NONE', #4891, 1000.000000000000000 ) ;
#2165 = AXIS2_PLACEMENT_3D ( 'NONE', #4268, #3877, #852 ) ;
#2166 = ORIENTED_EDGE ( 'NONE', *, *, #1731, .T. ) ;
#2167 = ADVANCED_FACE ( 'NONE', ( #923 ), #4371, .T. ) ;
#2168 = CARTESIAN_POINT ( 'NONE',  ( -1.600000000000003642, 0.000000000000000000, 1.124999999999996225 ) ) ;
#2169 = AXIS2_PLACEMENT_3D ( 'NONE', #397, #1921, #3435 ) ;
#2170 = LINE ( 'NONE', #1028, #3436 ) ;
#2171 = DIRECTION ( 'NONE',  ( -3.491481338843133355E-15, 0.000000000000000000, 1.000000000000000000 ) ) ;
#2172 = LINE ( 'NONE', #1817, #4144 ) ;
#2173 = VECTOR ( 'NONE', #2858, 1000.000000000000000 ) ;
#2174 = ORIENTED_EDGE ( 'NONE', *, *, #3781, .F. ) ;
#2175 = CARTESIAN_POINT ( 'NONE',  ( -1.600000000000005196, 0.1000000000000000056, 1.624999999999996225 ) ) ;
#2176 = DIRECTION ( 'NONE',  ( 0.000000000000000000, -1.000000000000000000, 0.000000000000000000 ) ) ;
#2177 = AXIS2_PLACEMENT_3D ( 'NONE', #4097, #3349, #2949 ) ;
#2178 = VECTOR ( 'NONE', #325, 1000.000000000000000 ) ;
#2179 = DIRECTION ( 'NONE',  ( 0.000000000000000000, 1.000000000000000000, 0.000000000000000000 ) ) ;
#2180 = CARTESIAN_POINT ( 'NONE',  ( -1.600000000000005196, 0.000000000000000000, 1.624999999999996225 ) ) ;
#2181 = EDGE_LOOP ( 'NONE', ( #1669, #625, #2916, #2895 ) ) ;
#2182 = LINE ( 'NONE', #3676, #1752 ) ;
#2183 = LINE ( 'NONE', #4815, #4344 ) ;
#2184 = ORIENTED_EDGE ( 'NONE', *, *, #2103, .F. ) ;
#2185 = VECTOR ( 'NONE', #1902, 1000.000000000000000 ) ;
#2186 = VECTOR ( 'NONE', #834, 1000.000000000000000 ) ;
#2187 = CARTESIAN_POINT ( 'NONE',  ( 1.600000000000000533, 0.1000000000000000056, -0.3749999999999930056 ) ) ;
#2188 = ORIENTED_EDGE ( 'NONE', *, *, #1187, .F. ) ;
#2189 = DIRECTION ( 'NONE',  ( -0.000000000000000000, -1.000000000000000000, 0.000000000000000000 ) ) ;
#2190 = VERTEX_POINT ( 'NONE', #628 ) ;
#2191 = ORIENTED_EDGE ( 'NONE', *, *, #1050, .F. ) ;
#2192 =( GEOMETRIC_REPRESENTATION_CONTEXT ( 3 ) GLOBAL_UNCERTAINTY_ASSIGNED_CONTEXT ( ( #784 ) ) GLOBAL_UNIT_ASSIGNED_CONTEXT ( ( #3551, #3600, #4252 ) ) REPRESENTATION_CONTEXT ( 'NONE', 'WORKASPACE' ) );
#2193 = ORIENTED_EDGE ( 'NONE', *, *, #3824, .T. ) ;
#2194 = DIRECTION ( 'NONE',  ( 1.000000000000000000, 0.000000000000000000, 3.491481338843133355E-15 ) ) ;
#2195 = AXIS2_PLACEMENT_3D ( 'NONE', #791, #2634, #3819 ) ;
#2196 = EDGE_CURVE ( 'NONE', #1221, #1935, #2834, .T. ) ;
#2197 = DIRECTION ( 'NONE',  ( -1.000000000000000000, 0.000000000000000000, -3.491481338843133355E-15 ) ) ;
#2198 = CARTESIAN_POINT ( 'NONE',  ( -8.728703347107833388E-15, 0.000000000000000000, 2.500000000000000000 ) ) ;
#2199 = ORIENTED_EDGE ( 'NONE', *, *, #1359, .T. ) ;
#2200 = CARTESIAN_POINT ( 'NONE',  ( -1.599999999999995648, 0.1000000000000000056, -1.125000000000004885 ) ) ;
#2201 = SURFACE_STYLE_FILL_AREA ( #4758 ) ;
#2202 = ADVANCED_FACE ( 'NONE', ( #4315 ), #974, .T. ) ;
#2203 = FACE_OUTER_BOUND ( 'NONE', #379, .T. ) ;
#2204 = DIRECTION ( 'NONE',  ( 3.491481338843133355E-15, 0.000000000000000000, -1.000000000000000000 ) ) ;
#2205 = ORIENTED_EDGE ( 'NONE', *, *, #3824, .F. ) ;
#2206 = CARTESIAN_POINT ( 'NONE',  ( 1.299999999999994937, 0.000000000000000000, 1.500000000000004885 ) ) ;
#2207 = PLANE ( 'NONE',  #2791 ) ;
#2208 = ORIENTED_EDGE ( 'NONE', *, *, #2271, .T. ) ;
#2209 = CARTESIAN_POINT ( 'NONE',  ( 1.299999999999994937, 4.069886648255841344, 1.500000000000004885 ) ) ;
#2210 = CARTESIAN_POINT ( 'NONE',  ( 2.000000000000002220, 0.5716990566028307130, -0.8749999999999921174 ) ) ;
#2211 = ORIENTED_EDGE ( 'NONE', *, *, #2321, .F. ) ;
#2212 = DIRECTION ( 'NONE',  ( -0.000000000000000000, -1.000000000000000000, 0.000000000000000000 ) ) ;
#2213 = ORIENTED_EDGE ( 'NONE', *, *, #2150, .F. ) ;
#2214 = ORIENTED_EDGE ( 'NONE', *, *, #3396, .F. ) ;
#2215 = ADVANCED_FACE ( 'NONE', ( #3298 ), #3983, .F. ) ;
#2216 = ORIENTED_EDGE ( 'NONE', *, *, #4186, .T. ) ;
#2217 = DIRECTION ( 'NONE',  ( 1.000000000000000000, 0.000000000000000000, 3.491481338843133355E-15 ) ) ;
#2218 = DIRECTION ( 'NONE',  ( 1.000000000000000000, 0.000000000000000000, 4.575683511328639367E-15 ) ) ;
#2219 = DIRECTION ( 'NONE',  ( -0.000000000000000000, -1.000000000000000000, 0.000000000000000000 ) ) ;
#2220 = LINE ( 'NONE', #3709, #3358 ) ;
#2221 = VERTEX_POINT ( 'NONE', #1403 ) ;
#2222 = LINE ( 'NONE', #1871, #3264 ) ;
#2223 = CARTESIAN_POINT ( 'NONE',  ( 0.000000000000000000, 0.1000000000000000056, 0.000000000000000000 ) ) ;
#2224 = DIRECTION ( 'NONE',  ( -1.000000000000000000, 0.000000000000000000, -3.491481338843133750E-15 ) ) ;
#2225 = DIRECTION ( 'NONE',  ( 0.000000000000000000, -1.000000000000000000, 0.000000000000000000 ) ) ;
#2226 = ORIENTED_EDGE ( 'NONE', *, *, #4715, .T. ) ;
#2227 = EDGE_CURVE ( 'NONE', #4738, #2244, #190, .T. ) ;
#2228 = DIRECTION ( 'NONE',  ( 0.000000000000000000, 1.000000000000000000, 0.000000000000000000 ) ) ;
#2229 = DIRECTION ( 'NONE',  ( -1.000000000000000000, 0.000000000000000000, -4.575683511328639367E-15 ) ) ;
#2230 =( NAMED_UNIT ( * ) PLANE_ANGLE_UNIT ( ) SI_UNIT ( $, .RADIAN. ) );
#2231 = VECTOR ( 'NONE', #1340, 1000.000000000000000 ) ;
#2232 = EDGE_CURVE ( 'NONE', #4513, #4792, #2928, .T. ) ;
#2233 = DIRECTION ( 'NONE',  ( -1.000000000000000000, 0.000000000000000000, -3.491481338843133750E-15 ) ) ;
#2234 = CARTESIAN_POINT ( 'NONE',  ( -1.600000000000002753, 0.1000000000000000056, 0.8749999999999951150 ) ) ;
#2235 = AXIS2_PLACEMENT_3D ( 'NONE', #1374, #575, #622 ) ;
#2236 = PLANE ( 'NONE',  #4449 ) ;
#2237 = EDGE_LOOP ( 'NONE', ( #3195, #4386, #1457, #3772 ) ) ;
#2238 = ORIENTED_EDGE ( 'NONE', *, *, #3396, .T. ) ;
#2239 = VECTOR ( 'NONE', #3677, 1000.000000000000000 ) ;
#2240 = EDGE_CURVE ( 'NONE', #827, #1785, #3588, .T. ) ;
#2241 = ORIENTED_EDGE ( 'NONE', *, *, #635, .F. ) ;
#2242 = CARTESIAN_POINT ( 'NONE',  ( -1.599999999999997424, 0.1000000000000000056, -0.6250000000000048850 ) ) ;
#2243 = VECTOR ( 'NONE', #3624, 1000.000000000000000 ) ;
#2244 = VERTEX_POINT ( 'NONE', #943 ) ;
#2245 = EDGE_CURVE ( 'NONE', #3941, #3122, #4012, .T. ) ;
#2246 = CARTESIAN_POINT ( 'NONE',  ( -1.299999999999995159, 4.069886648255841344, -1.200000000000003952 ) ) ;
#2247 = VECTOR ( 'NONE', #4858, 1000.000000000000000 ) ;
#2248 = CARTESIAN_POINT ( 'NONE',  ( 2.000000000000004885, 0.000000000000000000, -1.624999999999992673 ) ) ;
#2249 = CARTESIAN_POINT ( 'NONE',  ( 1.600000000000004752, 0.5716990566028307130, -1.624999999999994005 ) ) ;
#2250 = LINE ( 'NONE', #4455, #818 ) ;
#2251 =( GEOMETRIC_REPRESENTATION_CONTEXT ( 3 ) GLOBAL_UNCERTAINTY_ASSIGNED_CONTEXT ( ( #1588 ) ) GLOBAL_UNIT_ASSIGNED_CONTEXT ( ( #2656, #2230, #3410 ) ) REPRESENTATION_CONTEXT ( 'NONE', 'WORKASPACE' ) );
#2252 = CARTESIAN_POINT ( 'NONE',  ( -1.600000000000001865, 0.000000000000000000, 0.6249999999999962252 ) ) ;
#2253 = EDGE_CURVE ( 'NONE', #128, #850, #4770, .T. ) ;
#2254 = AXIS2_PLACEMENT_3D ( 'NONE', #3545, #4623, #1228 ) ;
#2255 = CARTESIAN_POINT ( 'NONE',  ( 1.600000000000001421, 0.5716990566028307130, -0.6249999999999940048 ) ) ;
#2256 = LINE ( 'NONE', #3740, #4286 ) ;
#2257 = LINE ( 'NONE', #696, #2974 ) ;
#2258 = VERTEX_POINT ( 'NONE', #3632 ) ;
#2259 = CARTESIAN_POINT ( 'NONE',  ( -2.000000000000002220, 0.1000000000000000056, 0.8749999999999937828 ) ) ;
#2260 = CIRCLE ( 'NONE', #2889, 0.1518327525017735269 ) ;
#2261 = AXIS2_PLACEMENT_3D ( 'NONE', #4153, #3734, #4907 ) ;
#2262 = APPLICATION_CONTEXT ( 'automotive_design' ) ;
#2263 = ADVANCED_FACE ( 'NONE', ( #2908 ), #3199, .T. ) ;
#2264 = EDGE_CURVE ( 'NONE', #798, #2088, #2121, .T. ) ;
#2265 = CARTESIAN_POINT ( 'NONE',  ( -1.599999999999994094, 0.5716990566028307130, -1.625000000000004885 ) ) ;
#2266 = DIRECTION ( 'NONE',  ( -0.000000000000000000, -1.000000000000000000, 0.000000000000000000 ) ) ;
#2267 = VECTOR ( 'NONE', #4160, 1000.000000000000000 ) ;
#2268 = CARTESIAN_POINT ( 'NONE',  ( 0.000000000000000000, 0.1000000000000000056, 0.000000000000000000 ) ) ;
#2269 = ORIENTED_EDGE ( 'NONE', *, *, #2957, .T. ) ;
#2270 = ORIENTED_EDGE ( 'NONE', *, *, #2927, .T. ) ;
#2271 = EDGE_CURVE ( 'NONE', #1191, #3421, #2260, .T. ) ;
#2272 = VERTEX_POINT ( 'NONE', #3928 ) ;
#2273 = PLANE ( 'NONE',  #1278 ) ;
#2274 = ORIENTED_EDGE ( 'NONE', *, *, #3446, .F. ) ;
#2275 = AXIS2_PLACEMENT_3D ( 'NONE', #492, #4705, #2073 ) ;
#2276 = PLANE ( 'NONE',  #2646 ) ;
#2277 = DIRECTION ( 'NONE',  ( 0.000000000000000000, -0.000000000000000000, 1.000000000000000000 ) ) ;
#2278 = DIRECTION ( 'NONE',  ( -0.000000000000000000, -1.000000000000000000, 0.000000000000000000 ) ) ;
#2279 = SHAPE_DEFINITION_REPRESENTATION ( #3870, #62 ) ;
#2280 = DIRECTION ( 'NONE',  ( 1.000000000000000000, 0.000000000000000000, 3.491481338843133355E-15 ) ) ;
#2281 = VECTOR ( 'NONE', #3117, 1000.000000000000000 ) ;
#2282 = EDGE_CURVE ( 'NONE', #1021, #4506, #211, .T. ) ;
#2283 = CARTESIAN_POINT ( 'NONE',  ( 1.999999999999993561, 0.000000000000000000, 1.625000000000007994 ) ) ;
#2284 = LINE ( 'NONE', #595, #2430 ) ;
#2285 = ORIENTED_EDGE ( 'NONE', *, *, #2898, .T. ) ;
#2286 = FACE_OUTER_BOUND ( 'NONE', #2438, .T. ) ;
#2287 = DIRECTION ( 'NONE',  ( -3.491481338843133355E-15, 0.000000000000000000, 1.000000000000000000 ) ) ;
#2288 = DIRECTION ( 'NONE',  ( 1.000000000000000000, 0.000000000000000000, 3.491481338843133355E-15 ) ) ;
#2289 = DIRECTION ( 'NONE',  ( 1.000000000000000000, 0.000000000000000000, 3.491481338843133355E-15 ) ) ;
#2290 = DIRECTION ( 'NONE',  ( 1.000000000000000000, 0.000000000000000000, 3.491481338843133355E-15 ) ) ;
#2291 = ORIENTED_EDGE ( 'NONE', *, *, #2751, .T. ) ;
#2292 = ORIENTED_EDGE ( 'NONE', *, *, #2709, .F. ) ;
#2293 = ORIENTED_EDGE ( 'NONE', *, *, #812, .T. ) ;
#2294 = CARTESIAN_POINT ( 'NONE',  ( 1.599999999999994538, 0.1000000000000000056, 1.375000000000005995 ) ) ;
#2295 = ORIENTED_EDGE ( 'NONE', *, *, #4010, .F. ) ;
#2296 = ADVANCED_FACE ( 'NONE', ( #2161 ), #526, .F. ) ;
#2297 = DIRECTION ( 'NONE',  ( 0.000000000000000000, -1.000000000000000000, 0.000000000000000000 ) ) ;
#2298 = PLANE ( 'NONE',  #1052 ) ;
#2299 = DIRECTION ( 'NONE',  ( -3.491481338843133355E-15, 0.000000000000000000, 1.000000000000000000 ) ) ;
#2300 = EDGE_CURVE ( 'NONE', #2407, #3589, #2062, .T. ) ;
#2301 = LINE ( 'NONE', #4481, #3123 ) ;
#2302 = ORIENTED_EDGE ( 'NONE', *, *, #3636, .T. ) ;
#2303 = CARTESIAN_POINT ( 'NONE',  ( 0.000000000000000000, 0.000000000000000000, 0.000000000000000000 ) ) ;
#2304 = PLANE ( 'NONE',  #2169 ) ;
#2305 = DIRECTION ( 'NONE',  ( 1.000000000000000000, 0.000000000000000000, 3.636041628507867543E-15 ) ) ;
#2306 = CARTESIAN_POINT ( 'NONE',  ( 2.000000000000001332, 0.1000000000000000056, -0.6249999999999927836 ) ) ;
#2307 = DIRECTION ( 'NONE',  ( 4.575683511328639367E-15, 0.000000000000000000, -1.000000000000000000 ) ) ;
#2308 = ORIENTED_EDGE ( 'NONE', *, *, #4556, .F. ) ;
#2309 = ORIENTED_EDGE ( 'NONE', *, *, #2319, .T. ) ;
#2310 = PRESENTATION_LAYER_ASSIGNMENT (  '', '', ( #4419 ) ) ;
#2311 = EDGE_CURVE ( 'NONE', #1540, #3573, #4145, .T. ) ;
#2312 = ORIENTED_EDGE ( 'NONE', *, *, #981, .T. ) ;
#2313 = DIRECTION ( 'NONE',  ( 1.000000000000000000, 0.000000000000000000, 3.491481338843133355E-15 ) ) ;
#2314 = ORIENTED_EDGE ( 'NONE', *, *, #1511, .T. ) ;
#2315 = ORIENTED_EDGE ( 'NONE', *, *, #3132, .T. ) ;
#2316 = CLOSED_SHELL ( 'NONE', ( #1032, #4595, #1385, #700, #3274, #2110 ) ) ;
#2317 = LINE ( 'NONE', #4221, #2329 ) ;
#2318 = CARTESIAN_POINT ( 'NONE',  ( -1.599999999999999201, 0.1000000000000000056, -0.1250000000000048295 ) ) ;
#2319 = EDGE_CURVE ( 'NONE', #2970, #2781, #1832, .T. ) ;
#2320 = AXIS2_PLACEMENT_3D ( 'NONE', #1536, #691, #4908 ) ;
#2321 = EDGE_CURVE ( 'NONE', #1962, #2397, #4846, .T. ) ;
#2322 = CARTESIAN_POINT ( 'NONE',  ( 2.000000000000000444, 0.1000000000000000056, -0.3749999999999920619 ) ) ;
#2323 = CARTESIAN_POINT ( 'NONE',  ( 2.000000000000003997, 0.5716990566028307130, -1.374999999999992006 ) ) ;
#2324 = CARTESIAN_POINT ( 'NONE',  ( -1.599999999999998312, 0.09999999999999999167, -0.3750000000000037748 ) ) ;
#2325 = CARTESIAN_POINT ( 'NONE',  ( 1.600000000000003197, 0.1000000000000000056, -1.124999999999994005 ) ) ;
#2326 = AXIS2_PLACEMENT_3D ( 'NONE', #2452, #69, #4277 ) ;
#2327 = CARTESIAN_POINT ( 'NONE',  ( -2.000000000000002220, 0.000000000000000000, 0.8749999999999937828 ) ) ;
#2328 = CARTESIAN_POINT ( 'NONE',  ( 1.599999999999993650, 0.09999999999999999167, 1.625000000000007105 ) ) ;
#2329 = VECTOR ( 'NONE', #112, 1000.000000000000000 ) ;
#2330 = LINE ( 'NONE', #3815, #3346 ) ;
#2331 = PLANE ( 'NONE',  #794 ) ;
#2332 = DIRECTION ( 'NONE',  ( 1.000000000000000000, -0.000000000000000000, 3.491481338843133355E-15 ) ) ;
#2333 = FACE_OUTER_BOUND ( 'NONE', #4091, .T. ) ;
#2334 = VECTOR ( 'NONE', #61, 1000.000000000000000 ) ;
#2335 = VERTEX_POINT ( 'NONE', #1882 ) ;
#2336 = ORIENTED_EDGE ( 'NONE', *, *, #1058, .T. ) ;
#2337 = AXIS2_PLACEMENT_3D ( 'NONE', #4493, #4123, #4854 ) ;
#2338 = AXIS2_PLACEMENT_3D ( 'NONE', #2524, #243, #953 ) ;
#2339 = ORIENTED_EDGE ( 'NONE', *, *, #312, .F. ) ;
#2340 = CARTESIAN_POINT ( 'NONE',  ( 1.999999999999992228, 0.000000000000000000, 2.000000000000006217 ) ) ;
#2341 = ORIENTED_EDGE ( 'NONE', *, *, #1203, .T. ) ;
#2342 = ORIENTED_EDGE ( 'NONE', *, *, #2624, .F. ) ;
#2343 = DIRECTION ( 'NONE',  ( -1.000000000000000000, 0.000000000000000000, -2.407279166357628921E-15 ) ) ;
#2344 = AXIS2_PLACEMENT_3D ( 'NONE', #1426, #1047, #259 ) ;
#2345 = FACE_OUTER_BOUND ( 'NONE', #551, .T. ) ;
#2346 = AXIS2_PLACEMENT_3D ( 'NONE', #1089, #2627, #4574 ) ;
#2347 = CARTESIAN_POINT ( 'NONE',  ( 1.999999999999993561, 0.09999999999999999167, 1.625000000000007994 ) ) ;
#2348 = LINE ( 'NONE', #3452, #4871 ) ;
#2349 = DIRECTION ( 'NONE',  ( 1.000000000000000000, 0.000000000000000000, 3.491481338843133355E-15 ) ) ;
#2350 = CARTESIAN_POINT ( 'NONE',  ( -2.000000000000007994, 7.256854249492380227, 1.999999999999992228 ) ) ;
#2351 = AXIS2_PLACEMENT_3D ( 'NONE', #3307, #276, #2994 ) ;
#2352 = DIRECTION ( 'NONE',  ( -3.708321773340234242E-15, 0.000000000000000000, 1.000000000000000000 ) ) ;
#2353 = CARTESIAN_POINT ( 'NONE',  ( -1.300000000000005151, 0.1000000000000002554, 1.499999999999995781 ) ) ;
#2354 = FACE_OUTER_BOUND ( 'NONE', #2122, .T. ) ;
#2355 = FACE_OUTER_BOUND ( 'NONE', #142, .T. ) ;
#2356 = EDGE_CURVE ( 'NONE', #1121, #328, #2662, .T. ) ;
#2357 = DIRECTION ( 'NONE',  ( 1.000000000000000000, 0.000000000000000000, 3.491481338843133355E-15 ) ) ;
#2358 = CARTESIAN_POINT ( 'NONE',  ( -1.600000000000000089, 0.000000000000000000, 0.1249999999999962669 ) ) ;
#2359 = DIRECTION ( 'NONE',  ( 3.491481338843133355E-15, 0.000000000000000000, -1.000000000000000000 ) ) ;
#2360 = ORIENTED_EDGE ( 'NONE', *, *, #4125, .T. ) ;
#2361 = CARTESIAN_POINT ( 'NONE',  ( 2.000000000000000444, 0.5716990566028307130, -0.3749999999999920619 ) ) ;
#2362 = ORIENTED_EDGE ( 'NONE', *, *, #3814, .T. ) ;
#2363 = ORIENTED_EDGE ( 'NONE', *, *, #292, .T. ) ;
#2364 = ORIENTED_EDGE ( 'NONE', *, *, #4342, .T. ) ;
#2365 = CARTESIAN_POINT ( 'NONE',  ( 1.600000000000000533, 0.1000000000000000056, -0.3749999999999930056 ) ) ;
#2366 = EDGE_CURVE ( 'NONE', #366, #3925, #361, .T. ) ;
#2367 = ORIENTED_EDGE ( 'NONE', *, *, #1780, .F. ) ;
#2368 = EDGE_LOOP ( 'NONE', ( #797, #4456, #4069, #246 ) ) ;
#2369 = PLANE ( 'NONE',  #1112 ) ;
#2370 = DIRECTION ( 'NONE',  ( 0.000000000000000000, -1.000000000000000000, 0.000000000000000000 ) ) ;
#2371 = DIRECTION ( 'NONE',  ( -0.000000000000000000, 1.000000000000000000, -0.000000000000000000 ) ) ;
#2372 = CARTESIAN_POINT ( 'NONE',  ( -1.600000000000001865, 0.5716990566028307130, 0.6249999999999962252 ) ) ;
#2373 = CARTESIAN_POINT ( 'NONE',  ( -1.999999999999997113, 0.000000000000000000, -0.6250000000000062172 ) ) ;
#2374 = DIRECTION ( 'NONE',  ( 3.491481338843133355E-15, 0.000000000000000000, -1.000000000000000000 ) ) ;
#2375 = CARTESIAN_POINT ( 'NONE',  ( -2.000000000000000444, 0.000000000000000000, 0.3749999999999937828 ) ) ;
#2376 = CARTESIAN_POINT ( 'NONE',  ( -2.000000000000003109, 0.000000000000000000, 1.124999999999994449 ) ) ;
#2377 = FACE_OUTER_BOUND ( 'NONE', #1164, .T. ) ;
#2378 = PLANE ( 'NONE',  #3529 ) ;
#2379 = EDGE_CURVE ( 'NONE', #2526, #4014, #1119, .T. ) ;
#2380 = DIRECTION ( 'NONE',  ( 1.000000000000000000, 0.000000000000000000, 3.491481338843133355E-15 ) ) ;
#2381 = LINE ( 'NONE', #2031, #857 ) ;
#2382 = EDGE_LOOP ( 'NONE', ( #4886, #1907, #3363, #2707 ) ) ;
#2383 = ORIENTED_EDGE ( 'NONE', *, *, #2077, .F. ) ;
#2384 = PLANE ( 'NONE',  #1606 ) ;
#2385 = VERTEX_POINT ( 'NONE', #2611 ) ;
#2386 = ORIENTED_EDGE ( 'NONE', *, *, #3733, .T. ) ;
#2387 = DIRECTION ( 'NONE',  ( 0.000000000000000000, -1.000000000000000000, 0.000000000000000000 ) ) ;
#2388 = VECTOR ( 'NONE', #936, 1000.000000000000000 ) ;
#2389 = ADVANCED_FACE ( 'NONE', ( #4 ), #2236, .F. ) ;
#2390 = VECTOR ( 'NONE', #4572, 1000.000000000000000 ) ;
#2391 = CARTESIAN_POINT ( 'NONE',  ( 1.999999999999997113, 0.000000000000000000, 0.6250000000000078826 ) ) ;
#2392 = CARTESIAN_POINT ( 'NONE',  ( 1.600000000000004086, 0.5716990566028307130, -1.374999999999992895 ) ) ;
#2393 = DIRECTION ( 'NONE',  ( 0.000000000000000000, -1.000000000000000000, 0.000000000000000000 ) ) ;
#2394 = UNCERTAINTY_MEASURE_WITH_UNIT (LENGTH_MEASURE( 1.000000000000000082E-05 ), #2548, 'distance_accuracy_value', 'NONE');
#2395 = CARTESIAN_POINT ( 'NONE',  ( -1.562969075405719499, 0.8000000000000000444, -1.549137490667618522 ) ) ;
#2396 = LINE ( 'NONE', #565, #3214 ) ;
#2397 = VERTEX_POINT ( 'NONE', #289 ) ;
#2398 = VECTOR ( 'NONE', #2478, 1000.000000000000000 ) ;
#2399 = CARTESIAN_POINT ( 'NONE',  ( 1.600000000000002309, 0.1000000000000000056, -0.8749999999999930056 ) ) ;
#2400 = FACE_OUTER_BOUND ( 'NONE', #3408, .T. ) ;
#2401 = EDGE_CURVE ( 'NONE', #2995, #2221, #412, .T. ) ;
#2402 = VECTOR ( 'NONE', #3522, 1000.000000000000000 ) ;
#2403 = CARTESIAN_POINT ( 'NONE',  ( -1.600000000000001865, 0.5716990566028307130, 0.6249999999999962252 ) ) ;
#2404 = CARTESIAN_POINT ( 'NONE',  ( -1.600000000000000089, 0.09999999999999999167, 0.1249999999999962669 ) ) ;
#2405 = ORIENTED_EDGE ( 'NONE', *, *, #835, .T. ) ;
#2406 = FACE_OUTER_BOUND ( 'NONE', #2542, .T. ) ;
#2407 = VERTEX_POINT ( 'NONE', #3414 ) ;
#2408 = ORIENTED_EDGE ( 'NONE', *, *, #835, .F. ) ;
#2409 = EDGE_CURVE ( 'NONE', #3927, #4082, #2979, .T. ) ;
#2410 = EDGE_CURVE ( 'NONE', #4149, #1529, #3724, .T. ) ;
#2411 = EDGE_CURVE ( 'NONE', #1570, #3405, #3393, .T. ) ;
#2412 = SURFACE_SIDE_STYLE ('',( #2436 ) ) ;
#2413 = CARTESIAN_POINT ( 'NONE',  ( -2.000000000000003997, 0.5716990566028307130, 1.374999999999993783 ) ) ;
#2414 = ORIENTED_EDGE ( 'NONE', *, *, #693, .T. ) ;
#2415 = ORIENTED_EDGE ( 'NONE', *, *, #4448, .T. ) ;
#2416 = CARTESIAN_POINT ( 'NONE',  ( -1.599999999999995648, 0.000000000000000000, -1.125000000000004885 ) ) ;
#2417 = EDGE_CURVE ( 'NONE', #1785, #3212, #2637, .T. ) ;
#2418 = VECTOR ( 'NONE', #1095, 1000.000000000000000 ) ;
#2419 = VECTOR ( 'NONE', #1305, 1000.000000000000000 ) ;
#2420 = CARTESIAN_POINT ( 'NONE',  ( -1.599999999999994982, 0.1000000000000000056, -1.375000000000003775 ) ) ;
#2421 = VECTOR ( 'NONE', #572, 1000.000000000000000 ) ;
#2422 = CARTESIAN_POINT ( 'NONE',  ( -6.982962677686266711E-15, 0.1000000000000000056, 2.000000000000000000 ) ) ;
#2423 = PRESENTATION_LAYER_ASSIGNMENT (  '', '', ( #498 ) ) ;
#2424 = STYLED_ITEM ( 'NONE', ( #1010 ), #4677 ) ;
#2425 = DIRECTION ( 'NONE',  ( 3.491481338843133355E-15, 0.000000000000000000, -1.000000000000000000 ) ) ;
#2426 = DIRECTION ( 'NONE',  ( 0.000000000000000000, 0.000000000000000000, 1.000000000000000000 ) ) ;
#2427 = DIRECTION ( 'NONE',  ( -3.491481338843133355E-15, 0.000000000000000000, 1.000000000000000000 ) ) ;
#2428 = ADVANCED_FACE ( 'NONE', ( #1858 ), #3374, .T. ) ;
#2429 = DIRECTION ( 'NONE',  ( 1.000000000000000000, 0.000000000000000000, 2.407279166357628921E-15 ) ) ;
#2430 = VECTOR ( 'NONE', #860, 1000.000000000000000 ) ;
#2431 = FACE_OUTER_BOUND ( 'NONE', #3218, .T. ) ;
#2432 = VERTEX_POINT ( 'NONE', #3322 ) ;
#2433 = DIRECTION ( 'NONE',  ( 0.000000000000000000, -1.000000000000000000, 0.000000000000000000 ) ) ;
#2434 = VERTEX_POINT ( 'NONE', #678 ) ;
#2435 = ORIENTED_EDGE ( 'NONE', *, *, #4889, .T. ) ;
#2436 = SURFACE_STYLE_FILL_AREA ( #4313 ) ;
#2437 = CARTESIAN_POINT ( 'NONE',  ( -1.562969075405719499, 0.6999999999999999556, -1.549137490667618522 ) ) ;
#2438 = EDGE_LOOP ( 'NONE', ( #40, #408, #4028, #2191 ) ) ;
#2439 = ORIENTED_EDGE ( 'NONE', *, *, #1734, .F. ) ;
#2440 = FILL_AREA_STYLE_COLOUR ( '', #3883 ) ;
#2441 = CARTESIAN_POINT ( 'NONE',  ( -1.600000000000002753, 0.000000000000000000, 0.8749999999999951150 ) ) ;
#2442 = EDGE_CURVE ( 'NONE', #4587, #1962, #4878, .T. ) ;
#2443 = CARTESIAN_POINT ( 'NONE',  ( 1.599999999999996980, 0.5716990566028307130, 0.6250000000000071054 ) ) ;
#2444 = LINE ( 'NONE', #534, #2070 ) ;
#2445 = CARTESIAN_POINT ( 'NONE',  ( 1.600000000000002309, 0.000000000000000000, -0.8749999999999930056 ) ) ;
#2446 = EDGE_CURVE ( 'NONE', #4816, #3580, #3003, .T. ) ;
#2447 = LINE ( 'NONE', #3160, #2587 ) ;
#2448 = UNCERTAINTY_MEASURE_WITH_UNIT (LENGTH_MEASURE( 1.000000000000000082E-05 ), #1895, 'distance_accuracy_value', 'NONE');
#2449 = LINE ( 'NONE', #3478, #1778 ) ;
#2450 = PLANE ( 'NONE',  #2275 ) ;
#2451 = ORIENTED_EDGE ( 'NONE', *, *, #1114, .F. ) ;
#2452 = CARTESIAN_POINT ( 'NONE',  ( -1.599999999999996536, 0.5716990566028307130, -0.8750000000000037748 ) ) ;
#2453 = PLANE ( 'NONE',  #4193 ) ;
#2454 = ADVANCED_FACE ( 'NONE', ( #4118 ), #728, .F. ) ;
#2455 = CARTESIAN_POINT ( 'NONE',  ( 1.599999999999999645, 0.09999999999999999167, -0.1249999999999940881 ) ) ;
#2456 = CARTESIAN_POINT ( 'NONE',  ( 1.999999999999997780, 0.000000000000000000, 0.3750000000000073275 ) ) ;
#2457 = EDGE_LOOP ( 'NONE', ( #3645, #2867, #4212, #4237, #2143, #3847, #1267, #1043, #673, #1919, #133, #1096, #3030, #3651, #108, #2038, #2910, #772, #3801, #4561, #1622, #2514, #1022, #892, #1145, #126, #4446, #1348, #1297, #553, #111, #3705 ) ) ;
#2458 = ORIENTED_EDGE ( 'NONE', *, *, #4001, .T. ) ;
#2459 = DIRECTION ( 'NONE',  ( 0.7071067811865403563, -0.000000000000000000, 0.7071067811865546782 ) ) ;
#2460 = EDGE_LOOP ( 'NONE', ( #1218, #999, #2623, #4234 ) ) ;
#2461 = DIRECTION ( 'NONE',  ( -3.491481338843133355E-15, 0.000000000000000000, 1.000000000000000000 ) ) ;
#2462 = ORIENTED_EDGE ( 'NONE', *, *, #2990, .F. ) ;
#2463 = ORIENTED_EDGE ( 'NONE', *, *, #1728, .T. ) ;
#2464 = LINE ( 'NONE', #2925, #3971 ) ;
#2465 = EDGE_CURVE ( 'NONE', #2244, #1597, #4079, .T. ) ;
#2466 = EDGE_CURVE ( 'NONE', #4124, #4872, #867, .T. ) ;
#2467 = DIRECTION ( 'NONE',  ( 0.000000000000000000, 0.000000000000000000, 1.000000000000000000 ) ) ;
#2468 = VECTOR ( 'NONE', #3628, 1000.000000000000000 ) ;
#2469 = CARTESIAN_POINT ( 'NONE',  ( -1.999999999999997780, 0.000000000000000000, -0.3750000000000056066 ) ) ;
#2470 = EDGE_CURVE ( 'NONE', #3797, #3513, #3866, .T. ) ;
#2471 = EDGE_CURVE ( 'NONE', #3854, #4483, #2381, .T. ) ;
#2472 = VECTOR ( 'NONE', #3546, 1000.000000000000000 ) ;
#2473 = LINE ( 'NONE', #1361, #262 ) ;
#2474 = CARTESIAN_POINT ( 'NONE',  ( 1.600000000000000533, 0.000000000000000000, -0.3749999999999930056 ) ) ;
#2475 = EDGE_CURVE ( 'NONE', #522, #1677, #3535, .T. ) ;
#2476 = ORIENTED_EDGE ( 'NONE', *, *, #3344, .F. ) ;
#2477 = VERTEX_POINT ( 'NONE', #1596 ) ;
#2478 = DIRECTION ( 'NONE',  ( -3.383061121594582912E-15, 0.000000000000000000, 1.000000000000000000 ) ) ;
#2479 = CLOSED_SHELL ( 'NONE', ( #1980, #4195, #2983, #2787 ) ) ;
#2480 = EDGE_CURVE ( 'NONE', #2731, #1223, #2704, .T. ) ;
#2481 = FACE_OUTER_BOUND ( 'NONE', #3211, .T. ) ;
#2482 = VECTOR ( 'NONE', #1896, 1000.000000000000000 ) ;
#2483 = ORIENTED_EDGE ( 'NONE', *, *, #778, .F. ) ;
#2484 = FACE_OUTER_BOUND ( 'NONE', #2457, .T. ) ;
#2485 = LINE ( 'NONE', #4408, #73 ) ;
#2486 = ORIENTED_EDGE ( 'NONE', *, *, #386, .F. ) ;
#2487 = VECTOR ( 'NONE', #1988, 1000.000000000000000 ) ;
#2488 = SURFACE_STYLE_USAGE ( .BOTH. , #2412 ) ;
#2489 = ORIENTED_EDGE ( 'NONE', *, *, #3104, .T. ) ;
#2490 = DIRECTION ( 'NONE',  ( 1.000000000000000000, 0.000000000000000000, 3.491481338843133355E-15 ) ) ;
#2491 = AXIS2_PLACEMENT_3D ( 'NONE', #3719, #2287, #4896 ) ;
#2492 = VERTEX_POINT ( 'NONE', #1621 ) ;
#2493 = ORIENTED_EDGE ( 'NONE', *, *, #840, .T. ) ;
#2494 = CARTESIAN_POINT ( 'NONE',  ( -1.600000000000004308, 0.000000000000000000, 1.374999999999995115 ) ) ;
#2495 = VECTOR ( 'NONE', #4831, 1000.000000000000000 ) ;
#2496 = ORIENTED_EDGE ( 'NONE', *, *, #2471, .F. ) ;
#2497 = VECTOR ( 'NONE', #3561, 1000.000000000000000 ) ;
#2498 = CARTESIAN_POINT ( 'NONE',  ( 1.600000000000004752, 0.000000000000000000, -1.624999999999994005 ) ) ;
#2499 = AXIS2_PLACEMENT_3D ( 'NONE', #4045, #2179, #3674 ) ;
#2500 = LINE ( 'NONE', #1304, #1865 ) ;
#2501 = UNCERTAINTY_MEASURE_WITH_UNIT (LENGTH_MEASURE( 1.000000000000000082E-05 ), #3115, 'distance_accuracy_value', 'NONE');
#2502 = CARTESIAN_POINT ( 'NONE',  ( -1.599999999999996536, 0.09999999999999999167, -0.8750000000000037748 ) ) ;
#2503 = CARTESIAN_POINT ( 'NONE',  ( 2.000000000000001332, 0.09999999999999999167, -0.6249999999999927836 ) ) ;
#2504 = ORIENTED_EDGE ( 'NONE', *, *, #3065, .F. ) ;
#2505 = EDGE_LOOP ( 'NONE', ( #1433, #1681, #3729, #3284 ) ) ;
#2506 = DIRECTION ( 'NONE',  ( -1.000000000000000000, 0.000000000000000000, -3.491481338843133355E-15 ) ) ;
#2507 = PRESENTATION_LAYER_ASSIGNMENT (  '', '', ( #2424 ) ) ;
#2508 = CARTESIAN_POINT ( 'NONE',  ( 1.600000000000003197, 0.1000000000000000056, -1.124999999999994005 ) ) ;
#2509 = CARTESIAN_POINT ( 'NONE',  ( -1.600000000000000089, 0.000000000000000000, 0.1249999999999962669 ) ) ;
#2510 = VERTEX_POINT ( 'NONE', #2000 ) ;
#2511 = EDGE_CURVE ( 'NONE', #577, #1431, #4582, .T. ) ;
#2512 = LINE ( 'NONE', #1291, #2862 ) ;
#2513 = DIRECTION ( 'NONE',  ( -3.491481338843133355E-15, 0.000000000000000000, 1.000000000000000000 ) ) ;
#2514 = ORIENTED_EDGE ( 'NONE', *, *, #214, .T. ) ;
#2515 = CARTESIAN_POINT ( 'NONE',  ( -1.999999999999999556, 0.000000000000000000, 0.1249999999999944211 ) ) ;
#2516 = ORIENTED_EDGE ( 'NONE', *, *, #986, .T. ) ;
#2517 = DIRECTION ( 'NONE',  ( 1.000000000000000000, 0.000000000000000000, 3.491481338843133355E-15 ) ) ;
#2518 = VERTEX_POINT ( 'NONE', #2728 ) ;
#2519 = ORIENTED_EDGE ( 'NONE', *, *, #1685, .F. ) ;
#2520 = VECTOR ( 'NONE', #4486, 1000.000000000000000 ) ;
#2521 = ADVANCED_FACE ( 'NONE', ( #4211 ), #3069, .F. ) ;
#2522 = EDGE_LOOP ( 'NONE', ( #1723, #754, #3601, #480, #288 ) ) ;
#2523 = CARTESIAN_POINT ( 'NONE',  ( 1.600000000000001421, 0.1000000000000000056, -0.6249999999999940048 ) ) ;
#2524 = CARTESIAN_POINT ( 'NONE',  ( -1.047444401652940007E-14, 0.1000000000000000056, 3.000000000000000000 ) ) ;
#2525 = CARTESIAN_POINT ( 'NONE',  ( -1.999999999999995337, 0.1000000000000000056, -1.125000000000006217 ) ) ;
#2526 = VERTEX_POINT ( 'NONE', #3148 ) ;
#2527 = ORIENTED_EDGE ( 'NONE', *, *, #694, .T. ) ;
#2528 = DIRECTION ( 'NONE',  ( 2.407279166357628921E-15, 0.000000000000000000, -1.000000000000000000 ) ) ;
#2529 = DIRECTION ( 'NONE',  ( -3.491481338843133355E-15, 0.000000000000000000, 1.000000000000000000 ) ) ;
#2530 = ADVANCED_FACE ( 'NONE', ( #3849 ), #1646, .F. ) ;
#2531 = ADVANCED_FACE ( 'NONE', ( #2333 ), #1977, .F. ) ;
#2532 = DIRECTION ( 'NONE',  ( -3.383061121594582912E-15, 0.000000000000000000, 1.000000000000000000 ) ) ;
#2533 = CARTESIAN_POINT ( 'NONE',  ( 1.599999999999993650, 0.1000000000000000056, 1.625000000000007105 ) ) ;
#2534 = ORIENTED_EDGE ( 'NONE', *, *, #3770, .T. ) ;
#2535 = LINE ( 'NONE', #1751, #2388 ) ;
#2536 = LINE ( 'NONE', #2852, #941 ) ;
#2537 = EDGE_LOOP ( 'NONE', ( #2451, #3644, #4565, #103 ) ) ;
#2538 = EDGE_CURVE ( 'NONE', #1704, #697, #2779, .T. ) ;
#2539 = SURFACE_SIDE_STYLE ('',( #4767 ) ) ;
#2540 = DIRECTION ( 'NONE',  ( 0.000000000000000000, 0.000000000000000000, 1.000000000000000000 ) ) ;
#2541 = EDGE_LOOP ( 'NONE', ( #4008, #1317, #2483, #3756 ) ) ;
#2542 = EDGE_LOOP ( 'NONE', ( #3686, #3224, #2123, #1876 ) ) ;
#2543 = ADVANCED_FACE ( 'NONE', ( #3119 ), #1925, .T. ) ;
#2544 = ORIENTED_EDGE ( 'NONE', *, *, #4722, .T. ) ;
#2545 = CARTESIAN_POINT ( 'NONE',  ( 1.600000000000000533, 0.000000000000000000, -0.3749999999999930056 ) ) ;
#2546 = FACE_OUTER_BOUND ( 'NONE', #689, .T. ) ;
#2547 = CARTESIAN_POINT ( 'NONE',  ( 1.599999999999995204, 0.000000000000000000, 1.125000000000007105 ) ) ;
#2548 =( LENGTH_UNIT ( ) NAMED_UNIT ( * ) SI_UNIT ( .MILLI., .METRE. ) );
#2549 = VECTOR ( 'NONE', #3511, 1000.000000000000000 ) ;
#2550 = DIRECTION ( 'NONE',  ( 3.491481338843133355E-15, 0.000000000000000000, -1.000000000000000000 ) ) ;
#2551 = CARTESIAN_POINT ( 'NONE',  ( -1.600000000000000977, 0.000000000000000000, 0.3749999999999951705 ) ) ;
#2552 = VERTEX_POINT ( 'NONE', #4235 ) ;
#2553 = CARTESIAN_POINT ( 'NONE',  ( 1.999999999999997113, 0.000000000000000000, 0.6250000000000078826 ) ) ;
#2554 = VECTOR ( 'NONE', #197, 1000.000000000000000 ) ;
#2555 = FACE_OUTER_BOUND ( 'NONE', #4801, .T. ) ;
#2556 = ORIENTED_EDGE ( 'NONE', *, *, #2109, .F. ) ;
#2557 =( LENGTH_UNIT ( ) NAMED_UNIT ( * ) SI_UNIT ( .MILLI., .METRE. ) );
#2558 = DIRECTION ( 'NONE',  ( -3.491481338843133355E-15, 0.000000000000000000, 1.000000000000000000 ) ) ;
#2559 = CARTESIAN_POINT ( 'NONE',  ( -1.300000000000005151, 0.000000000000000000, 1.499999999999995781 ) ) ;
#2560 = VERTEX_POINT ( 'NONE', #844 ) ;
#2561 = CARTESIAN_POINT ( 'NONE',  ( -5.237222008264700033E-15, 0.1000000000000000056, 1.500000000000000000 ) ) ;
#2562 = ORIENTED_EDGE ( 'NONE', *, *, #1512, .F. ) ;
#2563 = EDGE_LOOP ( 'NONE', ( #3354, #3008, #3605, #2125 ) ) ;
#2564 = ADVANCED_FACE ( 'NONE', ( #2406 ), #3896, .F. ) ;
#2565 = AXIS2_PLACEMENT_3D ( 'NONE', #3998, #2528, #4402 ) ;
#2566 = AXIS2_PLACEMENT_3D ( 'NONE', #2697, #3454, #1634 ) ;
#2567 = ORIENTED_EDGE ( 'NONE', *, *, #3281, .T. ) ;
#2568 = EDGE_CURVE ( 'NONE', #647, #850, #401, .T. ) ;
#2569 = EDGE_CURVE ( 'NONE', #222, #4790, #2535, .T. ) ;
#2570 = DIRECTION ( 'NONE',  ( 0.000000000000000000, -1.000000000000000000, 0.000000000000000000 ) ) ;
#2571 = MECHANICAL_DESIGN_GEOMETRIC_PRESENTATION_REPRESENTATION (  '', ( #1922 ), #85 ) ;
#2572 = LINE ( 'NONE', #1410, #3208 ) ;
#2573 = CARTESIAN_POINT ( 'NONE',  ( -2.000000000000007994, 0.000000000000000000, 1.999999999999992228 ) ) ;
#2574 = SURFACE_STYLE_USAGE ( .BOTH. , #1035 ) ;
#2575 = AXIS2_PLACEMENT_3D ( 'NONE', #3658, #263, #4744 ) ;
#2576 = VECTOR ( 'NONE', #4452, 1000.000000000000000 ) ;
#2577 = ADVANCED_FACE ( 'NONE', ( #150 ), #1724, .T. ) ;
#2578 = LINE ( 'NONE', #2966, #571 ) ;
#2579 = DIRECTION ( 'NONE',  ( 1.000000000000000000, 0.000000000000000000, 3.491481338843133355E-15 ) ) ;
#2580 = ORIENTED_EDGE ( 'NONE', *, *, #1512, .T. ) ;
#2581 = DIRECTION ( 'NONE',  ( 0.000000000000000000, -1.000000000000000000, 0.000000000000000000 ) ) ;
#2582 = CARTESIAN_POINT ( 'NONE',  ( -6.982962677686266711E-15, 0.000000000000000000, 2.000000000000000000 ) ) ;
#2583 = ORIENTED_EDGE ( 'NONE', *, *, #4487, .F. ) ;
#2584 = VECTOR ( 'NONE', #1521, 1000.000000000000000 ) ;
#2585 = DIRECTION ( 'NONE',  ( -1.000000000000000000, 0.000000000000000000, -3.491481338843133750E-15 ) ) ;
#2586 = DIRECTION ( 'NONE',  ( -3.491481338843133355E-15, 0.000000000000000000, 1.000000000000000000 ) ) ;
#2587 = VECTOR ( 'NONE', #461, 1000.000000000000000 ) ;
#2588 =( GEOMETRIC_REPRESENTATION_CONTEXT ( 3 ) GLOBAL_UNCERTAINTY_ASSIGNED_CONTEXT ( ( #539 ) ) GLOBAL_UNIT_ASSIGNED_CONTEXT ( ( #1111, #4205, #68 ) ) REPRESENTATION_CONTEXT ( 'NONE', 'WORKASPACE' ) );
#2589 = PLANE ( 'NONE',  #2815 ) ;
#2590 = VERTEX_POINT ( 'NONE', #2456 ) ;
#2591 = CARTESIAN_POINT ( 'NONE',  ( -1.599999999999999201, 0.1000000000000000056, -0.1250000000000048295 ) ) ;
#2592 = EDGE_LOOP ( 'NONE', ( #2583, #4032, #311, #2009 ) ) ;
#2593 = ORIENTED_EDGE ( 'NONE', *, *, #3345, .F. ) ;
#2594 = VERTEX_POINT ( 'NONE', #3947 ) ;
#2595 = PLANE ( 'NONE',  #2655 ) ;
#2596 = PLANE ( 'NONE',  #1033 ) ;
#2597 = EDGE_CURVE ( 'NONE', #4782, #152, #2138, .T. ) ;
#2598 = CARTESIAN_POINT ( 'NONE',  ( 2.000000000000000444, 0.09999999999999999167, -0.3749999999999920619 ) ) ;
#2599 = CARTESIAN_POINT ( 'NONE',  ( -1.600000000000002753, 0.1000000000000000056, 0.8749999999999951150 ) ) ;
#2600 = CARTESIAN_POINT ( 'NONE',  ( 1.599999999999993650, 0.1000000000000000056, 1.625000000000007105 ) ) ;
#2601 = ORIENTED_EDGE ( 'NONE', *, *, #3433, .T. ) ;
#2602 = CARTESIAN_POINT ( 'NONE',  ( -1.599999999999994094, 0.000000000000000000, -1.625000000000004885 ) ) ;
#2603 = FACE_OUTER_BOUND ( 'NONE', #982, .T. ) ;
#2604 = CARTESIAN_POINT ( 'NONE',  ( -1.600000000000002753, 0.5716990566028307130, 0.8749999999999951150 ) ) ;
#2605 = CARTESIAN_POINT ( 'NONE',  ( 0.000000000000000000, 0.1000000000000000056, 0.000000000000000000 ) ) ;
#2606 = CARTESIAN_POINT ( 'NONE',  ( -1.600000000000002753, 0.000000000000000000, 0.8749999999999951150 ) ) ;
#2607 = LINE ( 'NONE', #4665, #3659 ) ;
#2608 = APPLICATION_CONTEXT ( 'automotive_design' ) ;
#2609 = LINE ( 'NONE', #3656, #3142 ) ;
#2610 = ADVANCED_FACE ( 'NONE', ( #3193 ), #3166, .F. ) ;
#2611 = CARTESIAN_POINT ( 'NONE',  ( 1.599999999999998757, 0.1000000000000000056, 0.1250000000000069944 ) ) ;
#2612 = EDGE_CURVE ( 'NONE', #2030, #4050, #181, .T. ) ;
#2613 = ORIENTED_EDGE ( 'NONE', *, *, #3936, .T. ) ;
#2614 = ORIENTED_EDGE ( 'NONE', *, *, #4005, .T. ) ;
#2615 = ORIENTED_EDGE ( 'NONE', *, *, #3482, .F. ) ;
#2616 = DIRECTION ( 'NONE',  ( 0.000000000000000000, -1.000000000000000000, 0.000000000000000000 ) ) ;
#2617 = VERTEX_POINT ( 'NONE', #3557 ) ;
#2618 = EDGE_CURVE ( 'NONE', #3616, #4542, #4388, .T. ) ;
#2619 = CARTESIAN_POINT ( 'NONE',  ( -1.999999999999997113, 0.09999999999999999167, -0.6250000000000062172 ) ) ;
#2620 = EDGE_CURVE ( 'NONE', #2857, #895, #548, .T. ) ;
#2621 = CARTESIAN_POINT ( 'NONE',  ( -1.562969075405719499, 0.6999999999999999556, -1.549137490667618522 ) ) ;
#2622 = FILL_AREA_STYLE ('',( #2794 ) ) ;
#2623 = ORIENTED_EDGE ( 'NONE', *, *, #1023, .T. ) ;
#2624 = EDGE_CURVE ( 'NONE', #2552, #222, #4714, .T. ) ;
#2625 = CARTESIAN_POINT ( 'NONE',  ( 1.600000000000002309, 0.09999999999999999167, -0.8749999999999930056 ) ) ;
#2626 = EDGE_CURVE ( 'NONE', #3560, #2560, #918, .T. ) ;
#2627 = DIRECTION ( 'NONE',  ( 1.000000000000000000, -0.000000000000000000, 3.491481338843133355E-15 ) ) ;
#2628 = DIRECTION ( 'NONE',  ( 1.000000000000000000, 0.000000000000000000, 2.407279166357628921E-15 ) ) ;
#2629 = CARTESIAN_POINT ( 'NONE',  ( 0.000000000000000000, 0.1000000000000000056, 0.000000000000000000 ) ) ;
#2630 = ORIENTED_EDGE ( 'NONE', *, *, #1509, .F. ) ;
#2631 = CARTESIAN_POINT ( 'NONE',  ( -6.982962677686266711E-15, 0.000000000000000000, 2.000000000000000000 ) ) ;
#2632 = DIRECTION ( 'NONE',  ( -3.491481338843133355E-15, 0.000000000000000000, 1.000000000000000000 ) ) ;
#2633 = VECTOR ( 'NONE', #470, 1000.000000000000000 ) ;
#2634 = DIRECTION ( 'NONE',  ( -0.000000000000000000, 1.000000000000000000, -0.000000000000000000 ) ) ;
#2635 = LINE ( 'NONE', #308, #1696 ) ;
#2636 = VECTOR ( 'NONE', #1584, 1000.000000000000000 ) ;
#2637 = LINE ( 'NONE', #1522, #3816 ) ;
#2638 = ORIENTED_EDGE ( 'NONE', *, *, #3265, .T. ) ;
#2639 = VERTEX_POINT ( 'NONE', #3241 ) ;
#2640 = CLOSED_SHELL ( 'NONE', ( #4881, #4411, #632, #416, #1325, #3475 ) ) ;
#2641 = VERTEX_POINT ( 'NONE', #4683 ) ;
#2642 = CARTESIAN_POINT ( 'NONE',  ( 1.299999999999994937, 4.069886648255841344, 1.500000000000004885 ) ) ;
#2643 = AXIS2_PLACEMENT_3D ( 'NONE', #743, #2996, #4478 ) ;
#2644 = ORIENTED_EDGE ( 'NONE', *, *, #115, .T. ) ;
#2645 = LINE ( 'NONE', #760, #1269 ) ;
#2646 = AXIS2_PLACEMENT_3D ( 'NONE', #3757, #3707, #4496 ) ;
#2647 = LINE ( 'NONE', #686, #92 ) ;
#2648 = CARTESIAN_POINT ( 'NONE',  ( 1.999999999999993561, 0.000000000000000000, 1.625000000000007994 ) ) ;
#2649 = PRODUCT_CONTEXT ( 'NONE', #2608, 'mechanical' ) ;
#2650 = COLOUR_RGB ( '',0.7921568627450980005, 0.8196078431372548767, 0.9333333333333333481 ) ;
#2651 = CARTESIAN_POINT ( 'NONE',  ( 2.000000000000002220, 0.1000000000000000056, -0.8749999999999921174 ) ) ;
#2652 = CARTESIAN_POINT ( 'NONE',  ( 1.599999999999997868, 0.1000000000000000056, 0.3750000000000059397 ) ) ;
#2653 =( NAMED_UNIT ( * ) PLANE_ANGLE_UNIT ( ) SI_UNIT ( $, .RADIAN. ) );
#2654 = CARTESIAN_POINT ( 'NONE',  ( 1.599999999999994538, 0.000000000000000000, 1.375000000000005995 ) ) ;
#2655 = AXIS2_PLACEMENT_3D ( 'NONE', #735, #2616, #2313 ) ;
#2656 =( LENGTH_UNIT ( ) NAMED_UNIT ( * ) SI_UNIT ( .MILLI., .METRE. ) );
#2657 = VECTOR ( 'NONE', #4428, 1000.000000000000000 ) ;
#2658 = CARTESIAN_POINT ( 'NONE',  ( -2.000000000000000444, 0.1000000000000000056, 0.3749999999999937828 ) ) ;
#2659 = ADVANCED_FACE ( 'NONE', ( #228 ), #521, .T. ) ;
#2660 = DIRECTION ( 'NONE',  ( -0.000000000000000000, -1.000000000000000000, 0.000000000000000000 ) ) ;
#2661 = AXIS2_PLACEMENT_3D ( 'NONE', #226, #3972, #206 ) ;
#2662 = LINE ( 'NONE', #4900, #4525 ) ;
#2663 = ORIENTED_EDGE ( 'NONE', *, *, #2442, .T. ) ;
#2664 = VERTEX_POINT ( 'NONE', #4364 ) ;
#2665 = CIRCLE ( 'NONE', #750, 0.1518327525017735269 ) ;
#2666 = COLOUR_RGB ( '',0.7921568627450980005, 0.8196078431372548767, 0.9333333333333333481 ) ;
#2667 = EDGE_LOOP ( 'NONE', ( #4713, #2291, #924, #434 ) ) ;
#2668 = LINE ( 'NONE', #346, #1689 ) ;
#2669 = VERTEX_POINT ( 'NONE', #1315 ) ;
#2670 = VECTOR ( 'NONE', #3331, 1000.000000000000000 ) ;
#2671 = LINE ( 'NONE', #4083, #8 ) ;
#2672 = EDGE_CURVE ( 'NONE', #362, #3925, #2512, .T. ) ;
#2673 = FACE_OUTER_BOUND ( 'NONE', #3028, .T. ) ;
#2674 = CARTESIAN_POINT ( 'NONE',  ( 1.600000000000002309, 0.000000000000000000, -0.8749999999999930056 ) ) ;
#2675 = ADVANCED_FACE ( 'NONE', ( #2484 ), #2851, .F. ) ;
#2676 = LINE ( 'NONE', #2651, #786 ) ;
#2677 = AXIS2_PLACEMENT_3D ( 'NONE', #4653, #3920, #518 ) ;
#2678 = CARTESIAN_POINT ( 'NONE',  ( 1.599999999999996092, 0.1000000000000000056, 0.8750000000000059952 ) ) ;
#2679 = LINE ( 'NONE', #4156, #733 ) ;
#2680 = FILL_AREA_STYLE ('',( #1136 ) ) ;
#2681 = ORIENTED_EDGE ( 'NONE', *, *, #3694, .T. ) ;
#2682 = DIRECTION ( 'NONE',  ( 0.000000000000000000, -1.000000000000000000, 0.000000000000000000 ) ) ;
#2683 = CARTESIAN_POINT ( 'NONE',  ( -1.999999999999998668, 0.09999999999999999167, -0.1250000000000062450 ) ) ;
#2684 = ADVANCED_FACE ( 'NONE', ( #3266 ), #3975, .F. ) ;
#2685 = DIRECTION ( 'NONE',  ( 4.575683511328639367E-15, 0.000000000000000000, -1.000000000000000000 ) ) ;
#2686 = LINE ( 'NONE', #3793, #2267 ) ;
#2687 = CARTESIAN_POINT ( 'NONE',  ( 1.600000000000001421, 0.000000000000000000, -0.6249999999999940048 ) ) ;
#2688 = EDGE_LOOP ( 'NONE', ( #382, #597, #210, #1790 ) ) ;
#2689 = ORIENTED_EDGE ( 'NONE', *, *, #690, .F. ) ;
#2690 = ADVANCED_FACE ( 'NONE', ( #254 ), #4282, .F. ) ;
#2691 = ORIENTED_EDGE ( 'NONE', *, *, #587, .T. ) ;
#2692 = DIRECTION ( 'NONE',  ( 2.407279166357628921E-15, 0.000000000000000000, -1.000000000000000000 ) ) ;
#2693 = ORIENTED_EDGE ( 'NONE', *, *, #17, .F. ) ;
#2694 = LINE ( 'NONE', #799, #2952 ) ;
#2695 = DIRECTION ( 'NONE',  ( 0.000000000000000000, -1.000000000000000000, 0.000000000000000000 ) ) ;
#2696 = DIRECTION ( 'NONE',  ( 0.000000000000000000, 1.000000000000000000, 0.000000000000000000 ) ) ;
#2697 = CARTESIAN_POINT ( 'NONE',  ( 1.600000000000000533, 0.1000000000000000056, -0.3749999999999930056 ) ) ;
#2698 = DIRECTION ( 'NONE',  ( 4.575683511328639367E-15, 0.000000000000000000, -1.000000000000000000 ) ) ;
#2699 = VERTEX_POINT ( 'NONE', #992 ) ;
#2700 = FACE_OUTER_BOUND ( 'NONE', #1808, .T. ) ;
#2701 = LINE ( 'NONE', #3792, #1872 ) ;
#2702 = DIRECTION ( 'NONE',  ( 0.000000000000000000, -1.000000000000000000, 0.000000000000000000 ) ) ;
#2703 = EDGE_CURVE ( 'NONE', #1976, #238, #2155, .T. ) ;
#2704 = LINE ( 'NONE', #428, #389 ) ;
#2705 = VECTOR ( 'NONE', #1163, 1000.000000000000000 ) ;
#2706 = ORIENTED_EDGE ( 'NONE', *, *, #3637, .T. ) ;
#2707 = ORIENTED_EDGE ( 'NONE', *, *, #2977, .T. ) ;
#2708 = ORIENTED_EDGE ( 'NONE', *, *, #4518, .T. ) ;
#2709 = EDGE_CURVE ( 'NONE', #2036, #1760, #4407, .T. ) ;
#2710 = CARTESIAN_POINT ( 'NONE',  ( 1.599999999999998757, 0.000000000000000000, 0.1250000000000069944 ) ) ;
#2711 = ORIENTED_EDGE ( 'NONE', *, *, #2672, .T. ) ;
#2712 = ORIENTED_EDGE ( 'NONE', *, *, #1300, .T. ) ;
#2713 = CARTESIAN_POINT ( 'NONE',  ( 1.599999999999995204, 0.1000000000000000056, 1.125000000000007105 ) ) ;
#2714 = CARTESIAN_POINT ( 'NONE',  ( 1.599999999999996092, 0.000000000000000000, 0.8750000000000059952 ) ) ;
#2715 = VECTOR ( 'NONE', #1970, 1000.000000000000000 ) ;
#2716 = DIRECTION ( 'NONE',  ( -3.491481338843133355E-15, 0.000000000000000000, 1.000000000000000000 ) ) ;
#2717 = LINE ( 'NONE', #413, #4910 ) ;
#2718 = PLANE ( 'NONE',  #478 ) ;
#2719 = VECTOR ( 'NONE', #270, 1000.000000000000000 ) ;
#2720 = CARTESIAN_POINT ( 'NONE',  ( 1.599999999999995204, 0.09999999999999999167, 1.125000000000007105 ) ) ;
#2721 = DIRECTION ( 'NONE',  ( 2.407279166357628921E-15, 0.000000000000000000, -1.000000000000000000 ) ) ;
#2722 = LINE ( 'NONE', #2328, #4776 ) ;
#2723 = CARTESIAN_POINT ( 'NONE',  ( -1.599999999999994094, 0.1000000000000000056, -1.625000000000004885 ) ) ;
#2724 = AXIS2_PLACEMENT_3D ( 'NONE', #4170, #779, #351 ) ;
#2725 = EDGE_CURVE ( 'NONE', #328, #363, #1398, .T. ) ;
#2726 = FACE_OUTER_BOUND ( 'NONE', #3442, .T. ) ;
#2727 = ORIENTED_EDGE ( 'NONE', *, *, #95, .F. ) ;
#2728 = CARTESIAN_POINT ( 'NONE',  ( 2.000000000000004885, 0.000000000000000000, -1.624999999999992673 ) ) ;
#2729 = AXIS2_PLACEMENT_3D ( 'NONE', #2268, #4820, #1429 ) ;
#2730 = ORIENTED_EDGE ( 'NONE', *, *, #2095, .T. ) ;
#2731 = VERTEX_POINT ( 'NONE', #3698 ) ;
#2732 = VECTOR ( 'NONE', #2892, 1000.000000000000000 ) ;
#2733 = ORIENTED_EDGE ( 'NONE', *, *, #475, .T. ) ;
#2734 = CARTESIAN_POINT ( 'NONE',  ( -1.600000000000005196, 0.000000000000000000, 1.624999999999996225 ) ) ;
#2735 = ORIENTED_EDGE ( 'NONE', *, *, #4555, .T. ) ;
#2736 = VERTEX_POINT ( 'NONE', #3314 ) ;
#2737 = CARTESIAN_POINT ( 'NONE',  ( 1.999999999999995337, 0.5716990566028307130, 1.125000000000007994 ) ) ;
#2738 =( GEOMETRIC_REPRESENTATION_CONTEXT ( 3 ) GLOBAL_UNCERTAINTY_ASSIGNED_CONTEXT ( ( #2147 ) ) GLOBAL_UNIT_ASSIGNED_CONTEXT ( ( #4228, #1950, #3457 ) ) REPRESENTATION_CONTEXT ( 'NONE', 'WORKASPACE' ) );
#2739 = LINE ( 'NONE', #1227, #3507 ) ;
#2740 = VECTOR ( 'NONE', #2818, 1000.000000000000000 ) ;
#2741 = PRESENTATION_LAYER_ASSIGNMENT (  '', '', ( #2903 ) ) ;
#2742 = CARTESIAN_POINT ( 'NONE',  ( -1.600000000000000089, 0.1000000000000000056, 0.1249999999999962669 ) ) ;
#2743 = FILL_AREA_STYLE ('',( #1582 ) ) ;
#2744 = FACE_OUTER_BOUND ( 'NONE', #771, .T. ) ;
#2745 = DIRECTION ( 'NONE',  ( -1.000000000000000000, 0.000000000000000000, -4.575683511328639367E-15 ) ) ;
#2746 =( GEOMETRIC_REPRESENTATION_CONTEXT ( 3 ) GLOBAL_UNCERTAINTY_ASSIGNED_CONTEXT ( ( #2448 ) ) GLOBAL_UNIT_ASSIGNED_CONTEXT ( ( #1895, #4596, #3760 ) ) REPRESENTATION_CONTEXT ( 'NONE', 'WORKASPACE' ) );
#2747 = EDGE_CURVE ( 'NONE', #341, #2335, #3453, .T. ) ;
#2748 = CARTESIAN_POINT ( 'NONE',  ( 1.599999999999998757, 0.5716990566028307130, 0.1250000000000069944 ) ) ;
#2749 = CARTESIAN_POINT ( 'NONE',  ( 1.599999999999998757, 0.1000000000000000056, 0.1250000000000069944 ) ) ;
#2750 = SURFACE_SIDE_STYLE ('',( #3813 ) ) ;
#2751 = EDGE_CURVE ( 'NONE', #2950, #3854, #3807, .T. ) ;
#2752 = CARTESIAN_POINT ( 'NONE',  ( -1.600000000000000977, 0.000000000000000000, 0.3749999999999951705 ) ) ;
#2753 = CARTESIAN_POINT ( 'NONE',  ( -1.599999999999996536, 0.09999999999999999167, -0.8750000000000037748 ) ) ;
#2754 = DIRECTION ( 'NONE',  ( -3.491481338843133355E-15, 0.000000000000000000, 1.000000000000000000 ) ) ;
#2755 = ORIENTED_EDGE ( 'NONE', *, *, #4186, .F. ) ;
#2756 = ORIENTED_EDGE ( 'NONE', *, *, #4296, .F. ) ;
#2757 = EDGE_LOOP ( 'NONE', ( #4356, #3967, #2567, #4381 ) ) ;
#2758 = EDGE_CURVE ( 'NONE', #2272, #4863, #2717, .T. ) ;
#2759 = ORIENTED_EDGE ( 'NONE', *, *, #2417, .F. ) ;
#2760 = LINE ( 'NONE', #2365, #343 ) ;
#2761 = ORIENTED_EDGE ( 'NONE', *, *, #2271, .F. ) ;
#2762 = EDGE_LOOP ( 'NONE', ( #3194, #3981, #4806, #213 ) ) ;
#2763 = DIRECTION ( 'NONE',  ( 1.000000000000000000, 0.000000000000000000, 2.407279166357628921E-15 ) ) ;
#2764 = LINE ( 'NONE', #4570, #176 ) ;
#2765 = EDGE_CURVE ( 'NONE', #2477, #1113, #805, .T. ) ;
#2766 = CARTESIAN_POINT ( 'NONE',  ( -1.562969075405719499, 0.6999999999999999556, -1.549137490667618522 ) ) ;
#2767 = DIRECTION ( 'NONE',  ( -1.000000000000000000, 0.000000000000000000, -3.491481338843133355E-15 ) ) ;
#2768 = CARTESIAN_POINT ( 'NONE',  ( -1.600000000000001865, 0.1000000000000000056, 0.6249999999999962252 ) ) ;
#2769 = LINE ( 'NONE', #4649, #578 ) ;
#2770 = CARTESIAN_POINT ( 'NONE',  ( 1.999999999999995337, 0.5716990566028307130, 1.125000000000007994 ) ) ;
#2771 = ADVANCED_FACE ( 'NONE', ( #4791 ), #4198, .F. ) ;
#2772 = EDGE_CURVE ( 'NONE', #4863, #479, #4048, .T. ) ;
#2773 = LINE ( 'NONE', #1616, #3420 ) ;
#2774 = DIRECTION ( 'NONE',  ( -1.000000000000000000, 0.000000000000000000, -3.491481338843133355E-15 ) ) ;
#2775 = PLANE ( 'NONE',  #3301 ) ;
#2776 = DIRECTION ( 'NONE',  ( 1.000000000000000000, 0.000000000000000000, 3.491481338843133355E-15 ) ) ;
#2777 = ORIENTED_EDGE ( 'NONE', *, *, #587, .F. ) ;
#2778 = ADVANCED_FACE ( 'NONE', ( #3058 ), #1419, .F. ) ;
#2779 = LINE ( 'NONE', #2687, #4107 ) ;
#2780 = ORIENTED_EDGE ( 'NONE', *, *, #1631, .F. ) ;
#2781 = VERTEX_POINT ( 'NONE', #2553 ) ;
#2782 = FACE_OUTER_BOUND ( 'NONE', #3802, .T. ) ;
#2783 = CARTESIAN_POINT ( 'NONE',  ( 1.600000000000000533, 0.1000000000000000056, -0.3749999999999930056 ) ) ;
#2784 = ORIENTED_EDGE ( 'NONE', *, *, #3344, .T. ) ;
#2785 = ORIENTED_EDGE ( 'NONE', *, *, #4257, .F. ) ;
#2786 = CARTESIAN_POINT ( 'NONE',  ( -2.000000000000001332, 0.5716990566028307130, 0.6249999999999944489 ) ) ;
#2787 = ADVANCED_FACE ( 'NONE', ( #4073 ), #4092, .F. ) ;
#2788 = VECTOR ( 'NONE', #3498, 1000.000000000000000 ) ;
#2789 = CARTESIAN_POINT ( 'NONE',  ( -1.599999999999996536, 0.09999999999999999167, -0.8750000000000037748 ) ) ;
#2790 = CARTESIAN_POINT ( 'NONE',  ( 0.000000000000000000, 0.8000000000000000444, 0.000000000000000000 ) ) ;
#2791 = AXIS2_PLACEMENT_3D ( 'NONE', #2582, #1420, #1342 ) ;
#2792 = CARTESIAN_POINT ( 'NONE',  ( 2.000000000000002220, 0.09999999999999999167, -0.8749999999999921174 ) ) ;
#2793 = LINE ( 'NONE', #513, #4289 ) ;
#2794 = FILL_AREA_STYLE_COLOUR ( '', #1386 ) ;
#2795 = VECTOR ( 'NONE', #3671, 1000.000000000000000 ) ;
#2796 = LINE ( 'NONE', #839, #3029 ) ;
#2797 = CARTESIAN_POINT ( 'NONE',  ( 1.999999999999992228, 0.000000000000000000, 2.000000000000006217 ) ) ;
#2798 = VECTOR ( 'NONE', #2989, 1000.000000000000000 ) ;
#2799 = CARTESIAN_POINT ( 'NONE',  ( -5.237222008264700033E-15, 0.000000000000000000, 1.500000000000000000 ) ) ;
#2800 = SURFACE_STYLE_USAGE ( .BOTH. , #2871 ) ;
#2801 = ORIENTED_EDGE ( 'NONE', *, *, #292, .F. ) ;
#2802 = DIRECTION ( 'NONE',  ( -3.491481338843133355E-15, 0.000000000000000000, 1.000000000000000000 ) ) ;
#2803 = VERTEX_POINT ( 'NONE', #3835 ) ;
#2804 = ORIENTED_EDGE ( 'NONE', *, *, #605, .T. ) ;
#2805 = EDGE_CURVE ( 'NONE', #584, #1314, #1177, .T. ) ;
#2806 = AXIS2_PLACEMENT_3D ( 'NONE', #1967, #2012, #3591 ) ;
#2807 = ORIENTED_EDGE ( 'NONE', *, *, #4348, .T. ) ;
#2808 = DIRECTION ( 'NONE',  ( 0.000000000000000000, -1.000000000000000000, 0.000000000000000000 ) ) ;
#2809 = ORIENTED_EDGE ( 'NONE', *, *, #4828, .F. ) ;
#2810 = VERTEX_POINT ( 'NONE', #2206 ) ;
#2811 = DIRECTION ( 'NONE',  ( 4.575683511328639367E-15, 0.000000000000000000, -1.000000000000000000 ) ) ;
#2812 = VECTOR ( 'NONE', #4825, 1000.000000000000000 ) ;
#2813 = PLANE ( 'NONE',  #2886 ) ;
#2814 = PLANE ( 'NONE',  #1504 ) ;
#2815 = AXIS2_PLACEMENT_3D ( 'NONE', #3296, #1017, #3320 ) ;
#2816 = LINE ( 'NONE', #2445, #2719 ) ;
#2817 = EDGE_CURVE ( 'NONE', #969, #4796, #303, .T. ) ;
#2818 = DIRECTION ( 'NONE',  ( -1.000000000000000000, 0.000000000000000000, -3.491481338843133750E-15 ) ) ;
#2819 = DIRECTION ( 'NONE',  ( 3.491481338843133355E-15, 0.000000000000000000, -1.000000000000000000 ) ) ;
#2820 = CARTESIAN_POINT ( 'NONE',  ( 1.599999999999993650, 0.09999999999999999167, 1.625000000000007105 ) ) ;
#2821 = VERTEX_POINT ( 'NONE', #4464 ) ;
#2822 = DIRECTION ( 'NONE',  ( -0.000000000000000000, -1.000000000000000000, 0.000000000000000000 ) ) ;
#2823 = VECTOR ( 'NONE', #3283, 1000.000000000000000 ) ;
#2824 = LINE ( 'NONE', #2403, #1379 ) ;
#2825 = CARTESIAN_POINT ( 'NONE',  ( -1.600000000000001865, 0.000000000000000000, 0.6249999999999962252 ) ) ;
#2826 = ORIENTED_EDGE ( 'NONE', *, *, #1407, .F. ) ;
#2827 = DIRECTION ( 'NONE',  ( 1.000000000000000000, 0.000000000000000000, 3.491481338843133355E-15 ) ) ;
#2828 = EDGE_CURVE ( 'NONE', #3466, #3470, #1775, .T. ) ;
#2829 = ORIENTED_EDGE ( 'NONE', *, *, #2366, .F. ) ;
#2830 = ORIENTED_EDGE ( 'NONE', *, *, #2082, .T. ) ;
#2831 = EDGE_CURVE ( 'NONE', #4528, #81, #3079, .T. ) ;
#2832 = VECTOR ( 'NONE', #4609, 1000.000000000000114 ) ;
#2833 = ORIENTED_EDGE ( 'NONE', *, *, #2245, .F. ) ;
#2834 = LINE ( 'NONE', #4797, #2497 ) ;
#2835 = ORIENTED_EDGE ( 'NONE', *, *, #1496, .F. ) ;
#2836 = ORIENTED_EDGE ( 'NONE', *, *, #2569, .T. ) ;
#2837 = EDGE_CURVE ( 'NONE', #230, #2030, #1850, .T. ) ;
#2838 = EDGE_CURVE ( 'NONE', #4720, #4311, #4873, .T. ) ;
#2839 = LINE ( 'NONE', #1779, #4057 ) ;
#2840 = CARTESIAN_POINT ( 'NONE',  ( -1.599999999999994094, 0.000000000000000000, -1.625000000000004885 ) ) ;
#2841 = LINE ( 'NONE', #2068, #237 ) ;
#2842 = DIRECTION ( 'NONE',  ( 0.000000000000000000, 1.000000000000000000, 0.000000000000000000 ) ) ;
#2843 = CARTESIAN_POINT ( 'NONE',  ( 1.599999999999997868, 0.000000000000000000, 0.3750000000000059397 ) ) ;
#2844 = CARTESIAN_POINT ( 'NONE',  ( -1.999999999999994449, 0.000000000000000000, -2.000000000000007994 ) ) ;
#2845 = CARTESIAN_POINT ( 'NONE',  ( -1.562969075405719499, 0.6999999999999999556, -1.549137490667618522 ) ) ;
#2846 = ORIENTED_EDGE ( 'NONE', *, *, #1236, .T. ) ;
#2847 = ORIENTED_EDGE ( 'NONE', *, *, #4438, .T. ) ;
#2848 = DIRECTION ( 'NONE',  ( 0.000000000000000000, -1.000000000000000000, 0.000000000000000000 ) ) ;
#2849 = SURFACE_STYLE_FILL_AREA ( #1338 ) ;
#2850 = ORIENTED_EDGE ( 'NONE', *, *, #3970, .F. ) ;
#2851 = PLANE ( 'NONE',  #3713 ) ;
#2852 = CARTESIAN_POINT ( 'NONE',  ( -1.599999999999996536, 0.000000000000000000, -0.8750000000000037748 ) ) ;
#2853 = ORIENTED_EDGE ( 'NONE', *, *, #1558, .F. ) ;
#2854 =( NAMED_UNIT ( * ) PLANE_ANGLE_UNIT ( ) SI_UNIT ( $, .RADIAN. ) );
#2855 = ORIENTED_EDGE ( 'NONE', *, *, #4726, .F. ) ;
#2856 = LINE ( 'NONE', #4336, #4130 ) ;
#2857 = VERTEX_POINT ( 'NONE', #1473 ) ;
#2858 = DIRECTION ( 'NONE',  ( -1.000000000000000000, 0.000000000000000000, -3.491481338843133750E-15 ) ) ;
#2859 = PLANE ( 'NONE',  #4660 ) ;
#2860 = LINE ( 'NONE', #1688, #3109 ) ;
#2861 = EDGE_CURVE ( 'NONE', #3634, #4013, #2182, .T. ) ;
#2862 = VECTOR ( 'NONE', #2802, 1000.000000000000000 ) ;
#2863 = CARTESIAN_POINT ( 'NONE',  ( -1.599999999999997424, 0.1000000000000000056, -0.6250000000000048850 ) ) ;
#2864 = FACE_OUTER_BOUND ( 'NONE', #556, .T. ) ;
#2865 = CARTESIAN_POINT ( 'NONE',  ( -1.599999999999998312, 0.1000000000000000056, -0.3750000000000037748 ) ) ;
#2866 = ORIENTED_EDGE ( 'NONE', *, *, #3489, .F. ) ;
#2867 = ORIENTED_EDGE ( 'NONE', *, *, #4167, .T. ) ;
#2868 = LINE ( 'NONE', #568, #160 ) ;
#2869 = VECTOR ( 'NONE', #209, 1000.000000000000000 ) ;
#2870 = LINE ( 'NONE', #2604, #489 ) ;
#2871 = SURFACE_SIDE_STYLE ('',( #2849 ) ) ;
#2872 = VECTOR ( 'NONE', #1333, 1000.000000000000000 ) ;
#2873 = ORIENTED_EDGE ( 'NONE', *, *, #4249, .T. ) ;
#2874 = CARTESIAN_POINT ( 'NONE',  ( -2.000000000000007994, 0.000000000000000000, 1.999999999999992228 ) ) ;
#2875 = CARTESIAN_POINT ( 'NONE',  ( -1.600000000000000089, 0.1000000000000000056, 0.1249999999999962669 ) ) ;
#2876 = VERTEX_POINT ( 'NONE', #2391 ) ;
#2877 = EDGE_CURVE ( 'NONE', #3797, #4151, #1633, .T. ) ;
#2878 = AXIS2_PLACEMENT_3D ( 'NONE', #1151, #3156, #3422 ) ;
#2879 = DIRECTION ( 'NONE',  ( -0.000000000000000000, -1.000000000000000000, 0.000000000000000000 ) ) ;
#2880 = ORIENTED_EDGE ( 'NONE', *, *, #3288, .T. ) ;
#2881 = DIRECTION ( 'NONE',  ( -0.000000000000000000, -1.000000000000000000, 0.000000000000000000 ) ) ;
#2882 =( GEOMETRIC_REPRESENTATION_CONTEXT ( 3 ) GLOBAL_UNCERTAINTY_ASSIGNED_CONTEXT ( ( #1948 ) ) GLOBAL_UNIT_ASSIGNED_CONTEXT ( ( #3187, #1285, #2052 ) ) REPRESENTATION_CONTEXT ( 'NONE', 'WORKASPACE' ) );
#2883 = ORIENTED_EDGE ( 'NONE', *, *, #4877, .T. ) ;
#2884 = ORIENTED_EDGE ( 'NONE', *, *, #3427, .T. ) ;
#2885 = DIRECTION ( 'NONE',  ( 0.000000000000000000, 1.000000000000000000, 0.000000000000000000 ) ) ;
#2886 = AXIS2_PLACEMENT_3D ( 'NONE', #2443, #164, #4571 ) ;
#2887 = ORIENTED_EDGE ( 'NONE', *, *, #1509, .T. ) ;
#2888 = FACE_OUTER_BOUND ( 'NONE', #602, .T. ) ;
#2889 = AXIS2_PLACEMENT_3D ( 'NONE', #2437, #1347, #2540 ) ;
#2890 = CARTESIAN_POINT ( 'NONE',  ( -2.000000000000002220, 0.1000000000000000056, 0.8749999999999937828 ) ) ;
#2891 = VECTOR ( 'NONE', #4204, 1000.000000000000000 ) ;
#2892 = DIRECTION ( 'NONE',  ( -1.000000000000000000, 0.000000000000000000, -3.491481338843133750E-15 ) ) ;
#2893 = VECTOR ( 'NONE', #3945, 1000.000000000000000 ) ;
#2894 = DIRECTION ( 'NONE',  ( 1.000000000000000000, 0.000000000000000000, 3.491481338843133355E-15 ) ) ;
#2895 = ORIENTED_EDGE ( 'NONE', *, *, #2831, .T. ) ;
#2896 = ORIENTED_EDGE ( 'NONE', *, *, #4688, .F. ) ;
#2897 = CARTESIAN_POINT ( 'NONE',  ( -1.999999999999999556, 0.1000000000000000056, 0.1249999999999944211 ) ) ;
#2898 = EDGE_CURVE ( 'NONE', #78, #1396, #3524, .T. ) ;
#2899 = AXIS2_PLACEMENT_3D ( 'NONE', #2629, #4429, #2967 ) ;
#2900 = LINE ( 'NONE', #1822, #4131 ) ;
#2901 = DIRECTION ( 'NONE',  ( 1.000000000000000000, 0.000000000000000000, 3.491481338843133355E-15 ) ) ;
#2902 = EDGE_CURVE ( 'NONE', #364, #506, #4700, .T. ) ;
#2903 = STYLED_ITEM ( 'NONE', ( #1175 ), #62 ) ;
#2904 = ORIENTED_EDGE ( 'NONE', *, *, #2957, .F. ) ;
#2905 = DIRECTION ( 'NONE',  ( 1.000000000000000000, 0.000000000000000000, 3.491481338843133355E-15 ) ) ;
#2906 = CARTESIAN_POINT ( 'NONE',  ( -1.599999999999999201, 0.000000000000000000, -0.1250000000000048295 ) ) ;
#2907 = EDGE_LOOP ( 'NONE', ( #4284, #373, #731, #2562 ) ) ;
#2908 = FACE_OUTER_BOUND ( 'NONE', #127, .T. ) ;
#2909 = VERTEX_POINT ( 'NONE', #484 ) ;
#2910 = ORIENTED_EDGE ( 'NONE', *, *, #186, .T. ) ;
#2911 = VECTOR ( 'NONE', #3484, 1000.000000000000000 ) ;
#2912 = ORIENTED_EDGE ( 'NONE', *, *, #2915, .F. ) ;
#2913 = CARTESIAN_POINT ( 'NONE',  ( 1.600000000000000533, 0.000000000000000000, -0.3749999999999930056 ) ) ;
#2914 = DIRECTION ( 'NONE',  ( 3.491481338843133355E-15, 0.000000000000000000, -1.000000000000000000 ) ) ;
#2915 = EDGE_CURVE ( 'NONE', #3092, #4720, #3177, .T. ) ;
#2916 = ORIENTED_EDGE ( 'NONE', *, *, #3609, .T. ) ;
#2917 = PLANE ( 'NONE',  #1513 ) ;
#2918 =( LENGTH_UNIT ( ) NAMED_UNIT ( * ) SI_UNIT ( .MILLI., .METRE. ) );
#2919 = EDGE_CURVE ( 'NONE', #4103, #2407, #1656, .T. ) ;
#2920 = EDGE_CURVE ( 'NONE', #2335, #944, #2444, .T. ) ;
#2921 = LINE ( 'NONE', #1748, #806 ) ;
#2922 =( LENGTH_UNIT ( ) NAMED_UNIT ( * ) SI_UNIT ( .MILLI., .METRE. ) );
#2923 = CARTESIAN_POINT ( 'NONE',  ( -1.599999999999994982, 0.000000000000000000, -1.375000000000003775 ) ) ;
#2924 = LINE ( 'NONE', #4049, #2239 ) ;
#2925 = CARTESIAN_POINT ( 'NONE',  ( -1.600000000000000089, 0.1000000000000000056, 0.1249999999999962669 ) ) ;
#2926 = DIRECTION ( 'NONE',  ( -3.491481338843133355E-15, 0.000000000000000000, 1.000000000000000000 ) ) ;
#2927 = EDGE_CURVE ( 'NONE', #4238, #1883, #2044, .T. ) ;
#2928 = LINE ( 'NONE', #4415, #3736 ) ;
#2929 = EDGE_LOOP ( 'NONE', ( #4724, #2638, #2061, #848 ) ) ;
#2930 = ORIENTED_EDGE ( 'NONE', *, *, #3909, .T. ) ;
#2931 = ORIENTED_EDGE ( 'NONE', *, *, #2446, .F. ) ;
#2932 = CARTESIAN_POINT ( 'NONE',  ( 1.600000000000003197, 0.09999999999999999167, -1.124999999999994005 ) ) ;
#2933 = EDGE_CURVE ( 'NONE', #4882, #2594, #2841, .T. ) ;
#2934 = CARTESIAN_POINT ( 'NONE',  ( 1.599999999999999645, 0.000000000000000000, -0.1249999999999940881 ) ) ;
#2935 = PLANE ( 'NONE',  #3428 ) ;
#2936 = ORIENTED_EDGE ( 'NONE', *, *, #4034, .T. ) ;
#2937 = DIRECTION ( 'NONE',  ( 0.000000000000000000, -1.000000000000000000, 0.000000000000000000 ) ) ;
#2938 = VECTOR ( 'NONE', #3474, 1000.000000000000000 ) ;
#2939 = CARTESIAN_POINT ( 'NONE',  ( -1.599999999999998312, 0.1000000000000000056, -0.3750000000000037748 ) ) ;
#2940 = PLANE ( 'NONE',  #2020 ) ;
#2941 = ORIENTED_EDGE ( 'NONE', *, *, #2945, .T. ) ;
#2942 = CARTESIAN_POINT ( 'NONE',  ( -1.562969075405719499, 0.6999999999999999556, -1.549137490667618522 ) ) ;
#2943 = LINE ( 'NONE', #4716, #3100 ) ;
#2944 = ORIENTED_EDGE ( 'NONE', *, *, #1359, .F. ) ;
#2945 = EDGE_CURVE ( 'NONE', #328, #4816, #63, .T. ) ;
#2946 = VECTOR ( 'NONE', #4132, 1000.000000000000000 ) ;
#2947 = PLANE ( 'NONE',  #1459 ) ;
#2948 = ORIENTED_EDGE ( 'NONE', *, *, #4179, .F. ) ;
#2949 = DIRECTION ( 'NONE',  ( 0.000000000000000000, 0.000000000000000000, 1.000000000000000000 ) ) ;
#2950 = VERTEX_POINT ( 'NONE', #165 ) ;
#2951 = ORIENTED_EDGE ( 'NONE', *, *, #4695, .T. ) ;
#2952 = VECTOR ( 'NONE', #4168, 1000.000000000000000 ) ;
#2953 = EDGE_CURVE ( 'NONE', #1021, #2030, #4320, .T. ) ;
#2954 = VECTOR ( 'NONE', #138, 1000.000000000000000 ) ;
#2955 = VERTEX_POINT ( 'NONE', #2789 ) ;
#2956 = DIRECTION ( 'NONE',  ( -3.491481338843133355E-15, 0.000000000000000000, 1.000000000000000000 ) ) ;
#2957 = EDGE_CURVE ( 'NONE', #3850, #4707, #4624, .T. ) ;
#2958 = CARTESIAN_POINT ( 'NONE',  ( -1.600000000000003642, 0.000000000000000000, 1.124999999999996225 ) ) ;
#2959 = VECTOR ( 'NONE', #4094, 1000.000000000000000 ) ;
#2960 = CARTESIAN_POINT ( 'NONE',  ( 1.300000000000005818, 0.1000000000000002554, -1.499999999999995337 ) ) ;
#2961 = VECTOR ( 'NONE', #2124, 1000.000000000000000 ) ;
#2962 = ORIENTED_EDGE ( 'NONE', *, *, #3347, .T. ) ;
#2963 = ADVANCED_FACE ( 'NONE', ( #116 ), #4272, .F. ) ;
#2964 = DIRECTION ( 'NONE',  ( 1.000000000000000000, 0.000000000000000000, 2.407279166357628921E-15 ) ) ;
#2965 = AXIS2_PLACEMENT_3D ( 'NONE', #1773, #1009, #3289 ) ;
#2966 = CARTESIAN_POINT ( 'NONE',  ( -1.599999999999994982, 0.1000000000000000056, -1.375000000000003775 ) ) ;
#2967 = DIRECTION ( 'NONE',  ( 1.000000000000000000, 0.000000000000000000, 3.491481338843133355E-15 ) ) ;
#2968 = DIRECTION ( 'NONE',  ( 0.000000000000000000, -0.000000000000000000, 1.000000000000000000 ) ) ;
#2969 = CARTESIAN_POINT ( 'NONE',  ( 1.999999999999995337, 0.1000000000000000056, 1.125000000000007994 ) ) ;
#2970 = VERTEX_POINT ( 'NONE', #878 ) ;
#2971 = VECTOR ( 'NONE', #2072, 1000.000000000000000 ) ;
#2972 = DIRECTION ( 'NONE',  ( -1.000000000000000000, 0.000000000000000000, -4.575683511328639367E-15 ) ) ;
#2973 = AXIS2_PLACEMENT_3D ( 'NONE', #3858, #3501, #139 ) ;
#2974 = VECTOR ( 'NONE', #2225, 1000.000000000000000 ) ;
#2975 = DIRECTION ( 'NONE',  ( 1.000000000000000000, -0.000000000000000000, 3.491481338843133355E-15 ) ) ;
#2976 = EDGE_CURVE ( 'NONE', #704, #2272, #438, .T. ) ;
#2977 = EDGE_CURVE ( 'NONE', #203, #479, #4245, .T. ) ;
#2978 = EDGE_CURVE ( 'NONE', #153, #4824, #855, .T. ) ;
#2979 = LINE ( 'NONE', #4467, #882 ) ;
#2980 = ORIENTED_EDGE ( 'NONE', *, *, #1558, .T. ) ;
#2981 = VERTEX_POINT ( 'NONE', #3880 ) ;
#2982 = VECTOR ( 'NONE', #4197, 1000.000000000000000 ) ;
#2983 = ADVANCED_FACE ( 'NONE', ( #1275 ), #2814, .T. ) ;
#2984 = ORIENTED_EDGE ( 'NONE', *, *, #1901, .T. ) ;
#2985 = ADVANCED_FACE ( 'NONE', ( #2744 ), #4224, .T. ) ;
#2986 = DIRECTION ( 'NONE',  ( -0.000000000000000000, -1.000000000000000000, 0.000000000000000000 ) ) ;
#2987 = EDGE_CURVE ( 'NONE', #2258, #2669, #4729, .T. ) ;
#2988 = ORIENTED_EDGE ( 'NONE', *, *, #2356, .T. ) ;
#2989 = DIRECTION ( 'NONE',  ( 1.000000000000000000, -0.000000000000000000, 3.491481338843133355E-15 ) ) ;
#2990 = EDGE_CURVE ( 'NONE', #1652, #991, #4345, .T. ) ;
#2991 = CARTESIAN_POINT ( 'NONE',  ( 1.599999999999996980, 0.1000000000000000056, 0.6250000000000071054 ) ) ;
#2992 = ADVANCED_FACE ( 'NONE', ( #2096 ), #2859, .F. ) ;
#2993 = DIRECTION ( 'NONE',  ( 0.000000000000000000, -1.000000000000000000, 0.000000000000000000 ) ) ;
#2994 = DIRECTION ( 'NONE',  ( 0.000000000000000000, 0.000000000000000000, 1.000000000000000000 ) ) ;
#2995 = VERTEX_POINT ( 'NONE', #3595 ) ;
#2996 = DIRECTION ( 'NONE',  ( -3.491481338843133355E-15, 0.000000000000000000, 1.000000000000000000 ) ) ;
#2997 = DIRECTION ( 'NONE',  ( -3.491481338843133355E-15, 0.000000000000000000, 1.000000000000000000 ) ) ;
#2998 = ORIENTED_EDGE ( 'NONE', *, *, #386, .T. ) ;
#2999 = CARTESIAN_POINT ( 'NONE',  ( 1.999999999999992228, 0.000000000000000000, 2.000000000000006217 ) ) ;
#3000 = SURFACE_STYLE_FILL_AREA ( #4158 ) ;
#3001 = CARTESIAN_POINT ( 'NONE',  ( 1.599999999999996092, 0.5716990566028307130, 0.8750000000000059952 ) ) ;
#3002 = LINE ( 'NONE', #3747, #188 ) ;
#3003 = LINE ( 'NONE', #3682, #4851 ) ;
#3004 = ORIENTED_EDGE ( 'NONE', *, *, #4789, .T. ) ;
#3005 = ORIENTED_EDGE ( 'NONE', *, *, #1738, .T. ) ;
#3006 = ORIENTED_EDGE ( 'NONE', *, *, #1829, .T. ) ;
#3007 = CARTESIAN_POINT ( 'NONE',  ( -1.599999999999994982, 0.000000000000000000, -1.375000000000003775 ) ) ;
#3008 = ORIENTED_EDGE ( 'NONE', *, *, #2915, .T. ) ;
#3009 = CARTESIAN_POINT ( 'NONE',  ( 2.000000000000002220, 0.5716990566028307130, -0.8749999999999921174 ) ) ;
#3010 = LINE ( 'NONE', #3424, #1854 ) ;
#3011 = DIRECTION ( 'NONE',  ( 1.000000000000000000, 0.000000000000000000, 4.575683511328639367E-15 ) ) ;
#3012 = PLANE ( 'NONE',  #2643 ) ;
#3013 = EDGE_CURVE ( 'NONE', #4382, #1376, #4376, .T. ) ;
#3014 = CARTESIAN_POINT ( 'NONE',  ( 1.599999999999998757, 0.5716990566028307130, 0.1250000000000069944 ) ) ;
#3015 = DIRECTION ( 'NONE',  ( -3.708321773340234242E-15, 0.000000000000000000, 1.000000000000000000 ) ) ;
#3016 = ORIENTED_EDGE ( 'NONE', *, *, #1881, .T. ) ;
#3017 = DIRECTION ( 'NONE',  ( 0.000000000000000000, -1.000000000000000000, 0.000000000000000000 ) ) ;
#3018 = DIRECTION ( 'NONE',  ( 1.000000000000000000, 0.000000000000000000, 3.491481338843133355E-15 ) ) ;
#3019 = AXIS2_PLACEMENT_3D ( 'NONE', #1240, #4633, #446 ) ;
#3020 = PLANE ( 'NONE',  #3455 ) ;
#3021 = DIRECTION ( 'NONE',  ( -3.491481338843133355E-15, 0.000000000000000000, 1.000000000000000000 ) ) ;
#3022 = VECTOR ( 'NONE', #928, 1000.000000000000000 ) ;
#3023 = CARTESIAN_POINT ( 'NONE',  ( 1.600000000000002309, 0.1000000000000000056, -0.8749999999999930056 ) ) ;
#3024 = ORIENTED_EDGE ( 'NONE', *, *, #2465, .T. ) ;
#3025 = ORIENTED_EDGE ( 'NONE', *, *, #1731, .F. ) ;
#3026 = EDGE_CURVE ( 'NONE', #3573, #2006, #4749, .T. ) ;
#3027 = CLOSED_SHELL ( 'NONE', ( #1530, #623, #169, #532, #4088, #2778 ) ) ;
#3028 = EDGE_LOOP ( 'NONE', ( #2593, #1049, #1810, #2408 ) ) ;
#3029 = VECTOR ( 'NONE', #2429, 1000.000000000000000 ) ;
#3030 = ORIENTED_EDGE ( 'NONE', *, *, #2409, .T. ) ;
#3031 = DIRECTION ( 'NONE',  ( 1.000000000000000000, 0.000000000000000000, 3.491481338843133355E-15 ) ) ;
#3032 = VECTOR ( 'NONE', #3357, 1000.000000000000000 ) ;
#3033 = ADVANCED_FACE ( 'NONE', ( #2888 ), #2035, .T. ) ;
#3034 = FACE_OUTER_BOUND ( 'NONE', #4469, .T. ) ;
#3035 = APPLICATION_PROTOCOL_DEFINITION ( 'draft international standard', 'automotive_design', 1998, #2608 ) ;
#3036 = EDGE_CURVE ( 'NONE', #4764, #4099, #1318, .T. ) ;
#3037 = CARTESIAN_POINT ( 'NONE',  ( 1.599999999999994538, 0.1000000000000000056, 1.375000000000005995 ) ) ;
#3038 = STYLED_ITEM ( 'NONE', ( #618 ), #1528 ) ;
#3039 = DIRECTION ( 'NONE',  ( 1.000000000000000000, 0.000000000000000000, 3.491481338843133355E-15 ) ) ;
#3040 = ORIENTED_EDGE ( 'NONE', *, *, #449, .F. ) ;
#3041 = ADVANCED_FACE ( 'NONE', ( #2782 ), #3169, .T. ) ;
#3042 = DIRECTION ( 'NONE',  ( -3.383061121594582912E-15, 0.000000000000000000, 1.000000000000000000 ) ) ;
#3043 = VECTOR ( 'NONE', #4639, 1000.000000000000000 ) ;
#3044 = CIRCLE ( 'NONE', #3593, 0.1518327525017735269 ) ;
#3045 = CARTESIAN_POINT ( 'NONE',  ( 1.300000000000005818, 0.000000000000000000, -1.499999999999995337 ) ) ;
#3046 = AXIS2_PLACEMENT_3D ( 'NONE', #4362, #4761, #1722 ) ;
#3047 = DIRECTION ( 'NONE',  ( -3.491481338843133355E-15, 0.000000000000000000, 1.000000000000000000 ) ) ;
#3048 = ORIENTED_EDGE ( 'NONE', *, *, #334, .F. ) ;
#3049 = VERTEX_POINT ( 'NONE', #579 ) ;
#3050 = VECTOR ( 'NONE', #2879, 1000.000000000000000 ) ;
#3051 = MECHANICAL_DESIGN_GEOMETRIC_PRESENTATION_REPRESENTATION (  '', ( #1861 ), #2738 ) ;
#3052 = ORIENTED_EDGE ( 'NONE', *, *, #2805, .F. ) ;
#3053 = FACE_OUTER_BOUND ( 'NONE', #611, .T. ) ;
#3054 = VERTEX_POINT ( 'NONE', #130 ) ;
#3055 = CARTESIAN_POINT ( 'NONE',  ( 1.599999999999994538, 0.5716990566028307130, 1.375000000000005995 ) ) ;
#3056 =( LENGTH_UNIT ( ) NAMED_UNIT ( * ) SI_UNIT ( .MILLI., .METRE. ) );
#3057 = LINE ( 'NONE', #1869, #4852 ) ;
#3058 = FACE_OUTER_BOUND ( 'NONE', #4634, .T. ) ;
#3059 = CARTESIAN_POINT ( 'NONE',  ( 1.600000000000002309, 0.000000000000000000, -0.8749999999999930056 ) ) ;
#3060 = MANIFOLD_SOLID_BREP ( 'Body-Move/Copy1[1]', #1260 ) ;
#3061 = CARTESIAN_POINT ( 'NONE',  ( 1.299999999999994937, 4.069886648255841344, 1.500000000000004885 ) ) ;
#3062 = DIRECTION ( 'NONE',  ( 1.000000000000000000, 0.000000000000000000, 3.491481338843133355E-15 ) ) ;
#3063 = LINE ( 'NONE', #4484, #557 ) ;
#3064 =( NAMED_UNIT ( * ) PLANE_ANGLE_UNIT ( ) SI_UNIT ( $, .RADIAN. ) );
#3065 = EDGE_CURVE ( 'NONE', #4641, #2781, #187, .T. ) ;
#3066 = LINE ( 'NONE', #701, #4622 ) ;
#3067 = DIRECTION ( 'NONE',  ( -0.000000000000000000, 1.000000000000000000, -0.000000000000000000 ) ) ;
#3068 = MANIFOLD_SOLID_BREP ( 'Body-Move/Copy1[4]', #4421 ) ;
#3069 = PLANE ( 'NONE',  #1336 ) ;
#3070 = VERTEX_POINT ( 'NONE', #476 ) ;
#3071 = ORIENTED_EDGE ( 'NONE', *, *, #1893, .T. ) ;
#3072 = ORIENTED_EDGE ( 'NONE', *, *, #2837, .T. ) ;
#3073 = LINE ( 'NONE', #39, #260 ) ;
#3074 = VERTEX_POINT ( 'NONE', #3516 ) ;
#3075 = VERTEX_POINT ( 'NONE', #502 ) ;
#3076 = CARTESIAN_POINT ( 'NONE',  ( -1.599999999999995648, 0.09999999999999999167, -1.125000000000004885 ) ) ;
#3077 = MANIFOLD_SOLID_BREP ( 'Body-Move/Copy1[2]', #395 ) ;
#3078 = DIRECTION ( 'NONE',  ( -1.000000000000000000, 0.000000000000000000, -4.575683511328639367E-15 ) ) ;
#3079 = LINE ( 'NONE', #329, #4178 ) ;
#3080 = DIRECTION ( 'NONE',  ( 0.000000000000000000, 1.000000000000000000, 0.000000000000000000 ) ) ;
#3081 = EDGE_CURVE ( 'NONE', #3070, #81, #675, .T. ) ;
#3082 = MANIFOLD_SOLID_BREP ( 'Body-Move/Copy1[3]', #4267 ) ;
#3083 = FACE_OUTER_BOUND ( 'NONE', #1835, .T. ) ;
#3084 = CARTESIAN_POINT ( 'NONE',  ( -1.999999999999993561, 0.1000000000000000056, -1.625000000000006217 ) ) ;
#3085 = PRESENTATION_STYLE_ASSIGNMENT (( #3431 ) ) ;
#3086 = FACE_OUTER_BOUND ( 'NONE', #4331, .T. ) ;
#3087 = FILL_AREA_STYLE_COLOUR ( '', #2650 ) ;
#3088 = FACE_OUTER_BOUND ( 'NONE', #1241, .T. ) ;
#3089 = ORIENTED_EDGE ( 'NONE', *, *, #3636, .F. ) ;
#3090 = DIRECTION ( 'NONE',  ( 0.000000000000000000, -1.000000000000000000, 0.000000000000000000 ) ) ;
#3091 = VECTOR ( 'NONE', #4762, 1000.000000000000000 ) ;
#3092 = VERTEX_POINT ( 'NONE', #1729 ) ;
#3093 = ORIENTED_EDGE ( 'NONE', *, *, #3574, .T. ) ;
#3094 = AXIS2_PLACEMENT_3D ( 'NONE', #524, #2459, #4637 ) ;
#3095 = ORIENTED_EDGE ( 'NONE', *, *, #2102, .F. ) ;
#3096 = CARTESIAN_POINT ( 'NONE',  ( 0.000000000000000000, 0.1000000000000000056, 0.000000000000000000 ) ) ;
#3097 = EDGE_LOOP ( 'NONE', ( #212, #4416, #4490, #4316 ) ) ;
#3098 = VERTEX_POINT ( 'NONE', #1676 ) ;
#3099 = ADVANCED_FACE ( 'NONE', ( #3348 ), #232, .F. ) ;
#3100 = VECTOR ( 'NONE', #4389, 1000.000000000000000 ) ;
#3101 = EDGE_CURVE ( 'NONE', #1193, #2641, #4053, .T. ) ;
#3102 = DIRECTION ( 'NONE',  ( 1.000000000000000000, 0.000000000000000000, 3.491481338843133355E-15 ) ) ;
#3103 = VECTOR ( 'NONE', #4605, 1000.000000000000000 ) ;
#3104 = EDGE_CURVE ( 'NONE', #647, #452, #2609, .T. ) ;
#3105 = DIRECTION ( 'NONE',  ( -3.491481338843133355E-15, 0.000000000000000000, 1.000000000000000000 ) ) ;
#3106 = SURFACE_SIDE_STYLE ('',( #4223 ) ) ;
#3107 = CARTESIAN_POINT ( 'NONE',  ( -1.562969075405719499, 0.8000000000000000444, -1.549137490667618522 ) ) ;
#3108 = DIRECTION ( 'NONE',  ( -1.000000000000000000, 0.000000000000000000, -3.491481338843133355E-15 ) ) ;
#3109 = VECTOR ( 'NONE', #3207, 1000.000000000000000 ) ;
#3110 = CARTESIAN_POINT ( 'NONE',  ( -1.599999999999996536, 0.5716990566028307130, -0.8750000000000037748 ) ) ;
#3111 = CARTESIAN_POINT ( 'NONE',  ( 1.999999999999999556, 0.1000000000000000056, -0.1249999999999926864 ) ) ;
#3112 = LINE ( 'NONE', #4532, #2186 ) ;
#3113 = VECTOR ( 'NONE', #516, 1000.000000000000000 ) ;
#3114 = PLANE ( 'NONE',  #4350 ) ;
#3115 =( LENGTH_UNIT ( ) NAMED_UNIT ( * ) SI_UNIT ( .MILLI., .METRE. ) );
#3116 = VECTOR ( 'NONE', #904, 1000.000000000000000 ) ;
#3117 = DIRECTION ( 'NONE',  ( -0.000000000000000000, -1.000000000000000000, 0.000000000000000000 ) ) ;
#3118 = EDGE_LOOP ( 'NONE', ( #653, #2386, #975, #2735 ) ) ;
#3119 = FACE_OUTER_BOUND ( 'NONE', #1732, .T. ) ;
#3120 = VECTOR ( 'NONE', #2881, 1000.000000000000000 ) ;
#3121 = ORIENTED_EDGE ( 'NONE', *, *, #605, .F. ) ;
#3122 = VERTEX_POINT ( 'NONE', #626 ) ;
#3123 = VECTOR ( 'NONE', #2997, 1000.000000000000000 ) ;
#3124 = EDGE_CURVE ( 'NONE', #4014, #869, #3244, .T. ) ;
#3125 = ORIENTED_EDGE ( 'NONE', *, *, #2861, .F. ) ;
#3126 = CARTESIAN_POINT ( 'NONE',  ( -1.562969075405719499, 0.8000000000000000444, -1.549137490667618522 ) ) ;
#3127 = ORIENTED_EDGE ( 'NONE', *, *, #1357, .T. ) ;
#3128 = ORIENTED_EDGE ( 'NONE', *, *, #3950, .T. ) ;
#3129 = LINE ( 'NONE', #2416, #3188 ) ;
#3130 = LINE ( 'NONE', #3451, #2334 ) ;
#3131 = EDGE_CURVE ( 'NONE', #4401, #506, #4742, .T. ) ;
#3132 = EDGE_CURVE ( 'NONE', #958, #1290, #2159, .T. ) ;
#3133 = EDGE_CURVE ( 'NONE', #505, #1261, #4795, .T. ) ;
#3134 = ADVANCED_FACE ( 'NONE', ( #2140 ), #3631, .F. ) ;
#3135 = PLANE ( 'NONE',  #2254 ) ;
#3136 = DIRECTION ( 'NONE',  ( -1.000000000000000000, 0.000000000000000000, -2.407279166357628921E-15 ) ) ;
#3137 = PLANE ( 'NONE',  #1918 ) ;
#3138 = ADVANCED_FACE ( 'NONE', ( #650 ), #3020, .F. ) ;
#3139 = CARTESIAN_POINT ( 'NONE',  ( -1.999999999999998668, 0.1000000000000000056, -0.1250000000000062450 ) ) ;
#3140 = CARTESIAN_POINT ( 'NONE',  ( -2.000000000000001332, 0.09999999999999999167, 0.6249999999999944489 ) ) ;
#3141 = SURFACE_STYLE_USAGE ( .BOTH. , #3232 ) ;
#3142 = VECTOR ( 'NONE', #2119, 1000.000000000000000 ) ;
#3143 = DIRECTION ( 'NONE',  ( 1.000000000000000000, 0.000000000000000000, 3.491481338843133355E-15 ) ) ;
#3144 = DIRECTION ( 'NONE',  ( 3.383061121594582912E-15, 0.000000000000000000, -1.000000000000000000 ) ) ;
#3145 = DIRECTION ( 'NONE',  ( -3.491481338843133355E-15, 0.000000000000000000, 1.000000000000000000 ) ) ;
#3146 = LINE ( 'NONE', #4558, #3439 ) ;
#3147 = VERTEX_POINT ( 'NONE', #3768 ) ;
#3148 = CARTESIAN_POINT ( 'NONE',  ( -2.000000000000002220, 0.09999999999999999167, 0.8749999999999937828 ) ) ;
#3149 = ORIENTED_EDGE ( 'NONE', *, *, #4319, .T. ) ;
#3150 = ORIENTED_EDGE ( 'NONE', *, *, #2300, .T. ) ;
#3151 = ADVANCED_FACE ( 'NONE', ( #1957 ), #376, .F. ) ;
#3152 = VERTEX_POINT ( 'NONE', #4898 ) ;
#3153 = DIRECTION ( 'NONE',  ( 1.000000000000000000, 0.000000000000000000, 3.491481338843133355E-15 ) ) ;
#3154 = ORIENTED_EDGE ( 'NONE', *, *, #2927, .F. ) ;
#3155 = ORIENTED_EDGE ( 'NONE', *, *, #977, .T. ) ;
#3156 = DIRECTION ( 'NONE',  ( 4.575683511328639367E-15, 0.000000000000000000, -1.000000000000000000 ) ) ;
#3157 = CARTESIAN_POINT ( 'NONE',  ( 1.999999999999999556, 0.000000000000000000, -0.1249999999999926864 ) ) ;
#3158 = DIRECTION ( 'NONE',  ( -3.491481338843133355E-15, 0.000000000000000000, 1.000000000000000000 ) ) ;
#3159 = LINE ( 'NONE', #3476, #2954 ) ;
#3160 = CARTESIAN_POINT ( 'NONE',  ( -2.000000000000001332, 0.1000000000000000056, 0.6249999999999944489 ) ) ;
#3161 = DIRECTION ( 'NONE',  ( 2.407279166357628921E-15, 0.000000000000000000, -1.000000000000000000 ) ) ;
#3162 = DIRECTION ( 'NONE',  ( 0.000000000000000000, 0.000000000000000000, 1.000000000000000000 ) ) ;
#3163 = CARTESIAN_POINT ( 'NONE',  ( -1.600000000000003642, 0.09999999999999999167, 1.124999999999996225 ) ) ;
#3164 = DIRECTION ( 'NONE',  ( -0.000000000000000000, -1.000000000000000000, 0.000000000000000000 ) ) ;
#3165 = ORIENTED_EDGE ( 'NONE', *, *, #3871, .T. ) ;
#3166 = PLANE ( 'NONE',  #3254 ) ;
#3167 = ORIENTED_EDGE ( 'NONE', *, *, #3722, .F. ) ;
#3168 = ORIENTED_EDGE ( 'NONE', *, *, #2090, .F. ) ;
#3169 = PLANE ( 'NONE',  #3176 ) ;
#3170 = ORIENTED_EDGE ( 'NONE', *, *, #1640, .T. ) ;
#3171 = DIRECTION ( 'NONE',  ( 0.000000000000000000, -1.000000000000000000, 0.000000000000000000 ) ) ;
#3172 = EDGE_CURVE ( 'NONE', #2594, #3796, #4510, .T. ) ;
#3173 = ORIENTED_EDGE ( 'NONE', *, *, #239, .T. ) ;
#3174 = VECTOR ( 'NONE', #4432, 1000.000000000000000 ) ;
#3175 = CARTESIAN_POINT ( 'NONE',  ( 2.000000000000003997, 0.000000000000000000, -1.374999999999992006 ) ) ;
#3176 = AXIS2_PLACEMENT_3D ( 'NONE', #2087, #1649, #3538 ) ;
#3177 = LINE ( 'NONE', #3205, #2788 ) ;
#3178 = LINE ( 'NONE', #117, #2081 ) ;
#3179 = CARTESIAN_POINT ( 'NONE',  ( -1.600000000000000089, 0.5716990566028307130, 0.1249999999999962669 ) ) ;
#3180 = EDGE_CURVE ( 'NONE', #3539, #3394, #2, .T. ) ;
#3181 = UNCERTAINTY_MEASURE_WITH_UNIT (LENGTH_MEASURE( 1.000000000000000082E-05 ), #847, 'distance_accuracy_value', 'NONE');
#3182 = DIRECTION ( 'NONE',  ( -1.000000000000000000, 0.000000000000000000, -2.407279166357628921E-15 ) ) ;
#3183 = DIRECTION ( 'NONE',  ( 1.000000000000000000, 0.000000000000000000, 4.575683511328639367E-15 ) ) ;
#3184 = ORIENTED_EDGE ( 'NONE', *, *, #1735, .T. ) ;
#3185 = VECTOR ( 'NONE', #89, 1000.000000000000000 ) ;
#3186 = LINE ( 'NONE', #2752, #3961 ) ;
#3187 =( LENGTH_UNIT ( ) NAMED_UNIT ( * ) SI_UNIT ( .MILLI., .METRE. ) );
#3188 = VECTOR ( 'NONE', #436, 1000.000000000000000 ) ;
#3189 = DIRECTION ( 'NONE',  ( 2.407279166357628921E-15, 0.000000000000000000, -1.000000000000000000 ) ) ;
#3190 = EDGE_CURVE ( 'NONE', #1458, #58, #2665, .T. ) ;
#3191 = EDGE_CURVE ( 'NONE', #1316, #221, #30, .T. ) ;
#3192 = EDGE_LOOP ( 'NONE', ( #2496, #2998, #3006, #826 ) ) ;
#3193 = FACE_OUTER_BOUND ( 'NONE', #1603, .T. ) ;
#3194 = ORIENTED_EDGE ( 'NONE', *, *, #749, .F. ) ;
#3195 = ORIENTED_EDGE ( 'NONE', *, *, #2043, .F. ) ;
#3196 = AXIS2_PLACEMENT_3D ( 'NONE', #175, #4231, #545 ) ;
#3197 = FILL_AREA_STYLE_COLOUR ( '', #660 ) ;
#3198 = AXIS2_PLACEMENT_3D ( 'NONE', #162, #1323, #530 ) ;
#3199 = PLANE ( 'NONE',  #804 ) ;
#3200 = EDGE_LOOP ( 'NONE', ( #3534, #1774, #543, #3536 ) ) ;
#3201 = CARTESIAN_POINT ( 'NONE',  ( 1.599999999999997868, 0.000000000000000000, 0.3750000000000059397 ) ) ;
#3202 = FACE_OUTER_BOUND ( 'NONE', #4061, .T. ) ;
#3203 = VECTOR ( 'NONE', #4031, 1000.000000000000000 ) ;
#3204 = AXIS2_PLACEMENT_3D ( 'NONE', #2621, #3359, #2277 ) ;
#3205 = CARTESIAN_POINT ( 'NONE',  ( 1.599999999999994538, 0.09999999999999999167, 1.375000000000005995 ) ) ;
#3206 = VECTOR ( 'NONE', #1497, 1000.000000000000000 ) ;
#3207 = DIRECTION ( 'NONE',  ( 3.491481338843133355E-15, 0.000000000000000000, -1.000000000000000000 ) ) ;
#3208 = VECTOR ( 'NONE', #1743, 1000.000000000000000 ) ;
#3209 = DIRECTION ( 'NONE',  ( 4.575683511328639367E-15, 0.000000000000000000, -1.000000000000000000 ) ) ;
#3210 = CARTESIAN_POINT ( 'NONE',  ( -1.999999999999996225, 0.5716990566028307130, -0.8750000000000055511 ) ) ;
#3211 = EDGE_LOOP ( 'NONE', ( #2439, #2106, #2804, #2984 ) ) ;
#3212 = VERTEX_POINT ( 'NONE', #2658 ) ;
#3213 = CARTESIAN_POINT ( 'NONE',  ( -1.999999999999998668, 0.000000000000000000, -0.1250000000000062450 ) ) ;
#3214 = VECTOR ( 'NONE', #3965, 1000.000000000000000 ) ;
#3215 = PRESENTATION_STYLE_ASSIGNMENT (( #1592 ) ) ;
#3216 = CARTESIAN_POINT ( 'NONE',  ( -1.249999999999986677, 0.1000000000000000056, -1.250000000000011990 ) ) ;
#3217 = DIRECTION ( 'NONE',  ( -0.000000000000000000, -1.000000000000000000, 0.000000000000000000 ) ) ;
#3218 = EDGE_LOOP ( 'NONE', ( #1932, #2784, #2131, #4075, #1727 ) ) ;
#3219 = CARTESIAN_POINT ( 'NONE',  ( -1.600000000000001865, 0.000000000000000000, 0.6249999999999962252 ) ) ;
#3220 = EDGE_LOOP ( 'NONE', ( #1097, #3323, #3985, #4040 ) ) ;
#3221 = ORIENTED_EDGE ( 'NONE', *, *, #1173, .F. ) ;
#3222 = SURFACE_STYLE_USAGE ( .BOTH. , #3585 ) ;
#3223 = CARTESIAN_POINT ( 'NONE',  ( -1.599999999999995648, 0.1000000000000000056, -1.125000000000004885 ) ) ;
#3224 = ORIENTED_EDGE ( 'NONE', *, *, #4556, .T. ) ;
#3225 = ORIENTED_EDGE ( 'NONE', *, *, #3191, .T. ) ;
#3226 = EDGE_CURVE ( 'NONE', #4512, #2669, #4579, .T. ) ;
#3227 = CARTESIAN_POINT ( 'NONE',  ( -1.999999999999996225, 0.000000000000000000, -0.8750000000000055511 ) ) ;
#3228 = CARTESIAN_POINT ( 'NONE',  ( -1.999999999999998668, 0.1000000000000000056, -0.1250000000000062450 ) ) ;
#3229 = CARTESIAN_POINT ( 'NONE',  ( 1.599999999999998757, 0.000000000000000000, 0.1250000000000069944 ) ) ;
#3230 = LINE ( 'NONE', #3993, #4065 ) ;
#3231 = DIRECTION ( 'NONE',  ( 3.491481338843133355E-15, 0.000000000000000000, -1.000000000000000000 ) ) ;
#3232 = SURFACE_SIDE_STYLE ('',( #764 ) ) ;
#3233 = ORIENTED_EDGE ( 'NONE', *, *, #4650, .T. ) ;
#3234 = ORIENTED_EDGE ( 'NONE', *, *, #2612, .T. ) ;
#3235 = ADVANCED_FACE ( 'NONE', ( #399 ), #4557, .T. ) ;
#3236 = CARTESIAN_POINT ( 'NONE',  ( -2.000000000000005773, 0.000000000000000000, 1.374999999999993783 ) ) ;
#3237 = SURFACE_STYLE_USAGE ( .BOTH. , #1334 ) ;
#3238 = DIRECTION ( 'NONE',  ( -3.491481338843133355E-15, 0.000000000000000000, 1.000000000000000000 ) ) ;
#3239 = LINE ( 'NONE', #2404, #1700 ) ;
#3240 = VERTEX_POINT ( 'NONE', #50 ) ;
#3241 = CARTESIAN_POINT ( 'NONE',  ( -1.562969075405719499, 0.8000000000000000444, -1.700970243169392049 ) ) ;
#3242 = LINE ( 'NONE', #4740, #4915 ) ;
#3243 = ORIENTED_EDGE ( 'NONE', *, *, #10, .T. ) ;
#3244 = LINE ( 'NONE', #971, #1542 ) ;
#3245 = ORIENTED_EDGE ( 'NONE', *, *, #1791, .F. ) ;
#3246 = CARTESIAN_POINT ( 'NONE',  ( 1.599999999999993650, 0.1000000000000000056, 1.625000000000007105 ) ) ;
#3247 = ORIENTED_EDGE ( 'NONE', *, *, #4288, .T. ) ;
#3248 = ORIENTED_EDGE ( 'NONE', *, *, #4341, .T. ) ;
#3249 = CARTESIAN_POINT ( 'NONE',  ( -1.600000000000005196, 0.5716990566028307130, 1.624999999999996225 ) ) ;
#3250 = ORIENTED_EDGE ( 'NONE', *, *, #3762, .T. ) ;
#3251 = EDGE_CURVE ( 'NONE', #4151, #866, #4143, .T. ) ;
#3252 = ADVANCED_FACE ( 'NONE', ( #3088 ), #1189, .F. ) ;
#3253 = DIRECTION ( 'NONE',  ( 0.000000000000000000, 1.000000000000000000, 0.000000000000000000 ) ) ;
#3254 = AXIS2_PLACEMENT_3D ( 'NONE', #967, #3582, #2083 ) ;
#3255 = DIRECTION ( 'NONE',  ( -1.000000000000000000, 0.000000000000000000, -3.491481338843133355E-15 ) ) ;
#3256 = CARTESIAN_POINT ( 'NONE',  ( 1.599999999999996980, 0.5716990566028307130, 0.6250000000000071054 ) ) ;
#3257 = DIRECTION ( 'NONE',  ( -1.000000000000000000, 0.000000000000000000, -3.491481338843133750E-15 ) ) ;
#3258 = EDGE_LOOP ( 'NONE', ( #795, #4425, #2166, #775 ) ) ;
#3259 = VERTEX_POINT ( 'NONE', #3045 ) ;
#3260 = LINE ( 'NONE', #2897, #4270 ) ;
#3261 = FILL_AREA_STYLE_COLOUR ( '', #729 ) ;
#3262 = LINE ( 'NONE', #643, #2657 ) ;
#3263 = CARTESIAN_POINT ( 'NONE',  ( 1.999999999999997780, 0.1000000000000000056, 0.3750000000000073275 ) ) ;
#3264 = VECTOR ( 'NONE', #1133, 1000.000000000000000 ) ;
#3265 = EDGE_CURVE ( 'NONE', #4151, #969, #2701, .T. ) ;
#3266 = FACE_OUTER_BOUND ( 'NONE', #1308, .T. ) ;
#3267 = CARTESIAN_POINT ( 'NONE',  ( -1.562969075405719499, 0.6999999999999999556, -1.700970243169392049 ) ) ;
#3268 = AXIS2_PLACEMENT_3D ( 'NONE', #776, #1532, #2343 ) ;
#3269 = FILL_AREA_STYLE_COLOUR ( '', #1939 ) ;
#3270 = ORIENTED_EDGE ( 'NONE', *, *, #610, .F. ) ;
#3271 = CARTESIAN_POINT ( 'NONE',  ( -1.600000000000001865, 0.1000000000000000056, 0.6249999999999962252 ) ) ;
#3272 = EDGE_LOOP ( 'NONE', ( #4472, #3447, #606, #1563 ) ) ;
#3273 = ORIENTED_EDGE ( 'NONE', *, *, #3132, .F. ) ;
#3274 = ADVANCED_FACE ( 'NONE', ( #3437 ), #4538, .F. ) ;
#3275 = VECTOR ( 'NONE', #4727, 1000.000000000000000 ) ;
#3276 = ORIENTED_EDGE ( 'NONE', *, *, #3036, .T. ) ;
#3277 = VECTOR ( 'NONE', #2808, 1000.000000000000000 ) ;
#3278 = CARTESIAN_POINT ( 'NONE',  ( -1.600000000000002753, 0.1000000000000000056, 0.8749999999999951150 ) ) ;
#3279 = VECTOR ( 'NONE', #251, 1000.000000000000000 ) ;
#3280 = ADVANCED_FACE ( 'NONE', ( #2726 ), #4159, .T. ) ;
#3281 = EDGE_CURVE ( 'NONE', #2244, #2432, #3066, .T. ) ;
#3282 = LINE ( 'NONE', #4066, #1060 ) ;
#3283 = DIRECTION ( 'NONE',  ( -1.000000000000000000, 0.000000000000000000, -3.491481338843133750E-15 ) ) ;
#3284 = ORIENTED_EDGE ( 'NONE', *, *, #3523, .F. ) ;
#3285 = LINE ( 'NONE', #1007, #1675 ) ;
#3286 =( GEOMETRIC_REPRESENTATION_CONTEXT ( 3 ) GLOBAL_UNCERTAINTY_ASSIGNED_CONTEXT ( ( #3963 ) ) GLOBAL_UNIT_ASSIGNED_CONTEXT ( ( #3926, #107, #1625 ) ) REPRESENTATION_CONTEXT ( 'NONE', 'WORKASPACE' ) );
#3287 = AXIS2_PLACEMENT_3D ( 'NONE', #2533, #4024, #620 ) ;
#3288 = EDGE_CURVE ( 'NONE', #3394, #1570, #1855, .T. ) ;
#3289 = DIRECTION ( 'NONE',  ( 1.000000000000000000, 0.000000000000000000, 3.491481338843133355E-15 ) ) ;
#3290 = SURFACE_STYLE_FILL_AREA ( #4836 ) ;
#3291 = ORIENTED_EDGE ( 'NONE', *, *, #2805, .T. ) ;
#3292 = CARTESIAN_POINT ( 'NONE',  ( 1.999999999999994449, 0.5716990566028307130, 1.375000000000007327 ) ) ;
#3293 = DIRECTION ( 'NONE',  ( -1.000000000000000000, 0.000000000000000000, -3.491481338843133750E-15 ) ) ;
#3294 = ORIENTED_EDGE ( 'NONE', *, *, #239, .F. ) ;
#3295 = SURFACE_SIDE_STYLE ('',( #1422 ) ) ;
#3296 = CARTESIAN_POINT ( 'NONE',  ( -1.599999999999996536, 0.1000000000000000056, -0.8750000000000037748 ) ) ;
#3297 = ORIENTED_EDGE ( 'NONE', *, *, #1511, .F. ) ;
#3298 = FACE_OUTER_BOUND ( 'NONE', #2033, .T. ) ;
#3299 = ORIENTED_EDGE ( 'NONE', *, *, #2240, .F. ) ;
#3300 = ORIENTED_EDGE ( 'NONE', *, *, #2538, .T. ) ;
#3301 = AXIS2_PLACEMENT_3D ( 'NONE', #1258, #3189, #468 ) ;
#3302 = EDGE_CURVE ( 'NONE', #4468, #128, #1093, .T. ) ;
#3303 = ORIENTED_EDGE ( 'NONE', *, *, #4508, .F. ) ;
#3304 = LINE ( 'NONE', #3665, #327 ) ;
#3305 = LINE ( 'NONE', #4731, #1527 ) ;
#3306 = DIRECTION ( 'NONE',  ( -0.000000000000000000, -1.000000000000000000, -0.000000000000000000 ) ) ;
#3307 = CARTESIAN_POINT ( 'NONE',  ( -1.562969075405719499, 0.6999999999999999556, -1.549137490667618522 ) ) ;
#3308 = CARTESIAN_POINT ( 'NONE',  ( -2.000000000000007994, 0.000000000000000000, 1.999999999999992228 ) ) ;
#3309 = FILL_AREA_STYLE ('',( #1799 ) ) ;
#3310 = CARTESIAN_POINT ( 'NONE',  ( -1.562969075405719499, 0.8000000000000000444, -1.549137490667618522 ) ) ;
#3311 =( NAMED_UNIT ( * ) SI_UNIT ( $, .STERADIAN. ) SOLID_ANGLE_UNIT ( ) );
#3312 = ORIENTED_EDGE ( 'NONE', *, *, #4626, .F. ) ;
#3313 = ADVANCED_FACE ( 'NONE', ( #3554 ), #2775, .F. ) ;
#3314 = CARTESIAN_POINT ( 'NONE',  ( -1.999999999999999556, 0.1000000000000000056, 0.1249999999999944211 ) ) ;
#3315 = CARTESIAN_POINT ( 'NONE',  ( -1.600000000000005196, 0.1000000000000000056, 1.624999999999996225 ) ) ;
#3316 = ORIENTED_EDGE ( 'NONE', *, *, #749, .T. ) ;
#3317 = FACE_OUTER_BOUND ( 'NONE', #4363, .T. ) ;
#3318 = EDGE_CURVE ( 'NONE', #3049, #680, #2824, .T. ) ;
#3319 = DIRECTION ( 'NONE',  ( 0.000000000000000000, -1.000000000000000000, 0.000000000000000000 ) ) ;
#3320 = DIRECTION ( 'NONE',  ( -3.491481338843133355E-15, 0.000000000000000000, 1.000000000000000000 ) ) ;
#3321 = VERTEX_POINT ( 'NONE', #2028 ) ;
#3322 = CARTESIAN_POINT ( 'NONE',  ( 1.600000000000003197, 0.1000000000000000056, -1.124999999999994005 ) ) ;
#3323 = ORIENTED_EDGE ( 'NONE', *, *, #4322, .F. ) ;
#3324 = EDGE_LOOP ( 'NONE', ( #3583, #1011, #1472, #1199 ) ) ;
#3325 = EDGE_CURVE ( 'NONE', #1785, #4790, #72, .T. ) ;
#3326 = ORIENTED_EDGE ( 'NONE', *, *, #2043, .T. ) ;
#3327 = LINE ( 'NONE', #3378, #2812 ) ;
#3328 = LINE ( 'NONE', #367, #2798 ) ;
#3329 = DIRECTION ( 'NONE',  ( -0.000000000000000000, -1.000000000000000000, 0.000000000000000000 ) ) ;
#3330 = CARTESIAN_POINT ( 'NONE',  ( 1.600000000000004752, 0.5716990566028307130, -1.624999999999994005 ) ) ;
#3331 = DIRECTION ( 'NONE',  ( -0.000000000000000000, -1.000000000000000000, 0.000000000000000000 ) ) ;
#3332 = VERTEX_POINT ( 'NONE', #1697 ) ;
#3333 = DIRECTION ( 'NONE',  ( 1.000000000000000000, 0.000000000000000000, 3.491481338843133355E-15 ) ) ;
#3334 = FACE_OUTER_BOUND ( 'NONE', #4849, .T. ) ;
#3335 = EDGE_CURVE ( 'NONE', #1246, #2955, #177, .T. ) ;
#3336 = EDGE_CURVE ( 'NONE', #1746, #2857, #1618, .T. ) ;
#3337 = DIRECTION ( 'NONE',  ( -3.491481338843133355E-15, 0.000000000000000000, 1.000000000000000000 ) ) ;
#3338 = CARTESIAN_POINT ( 'NONE',  ( -1.600000000000001865, 0.09999999999999999167, 0.6249999999999962252 ) ) ;
#3339 = ORIENTED_EDGE ( 'NONE', *, *, #1956, .T. ) ;
#3340 = CARTESIAN_POINT ( 'NONE',  ( 1.600000000000000533, 0.1000000000000000056, -0.3749999999999930056 ) ) ;
#3341 = LINE ( 'NONE', #2969, #4834 ) ;
#3342 = EDGE_LOOP ( 'NONE', ( #2504, #3247, #1292, #2309 ) ) ;
#3343 = PLANE ( 'NONE',  #2003 ) ;
#3344 = EDGE_CURVE ( 'NONE', #1018, #1827, #4279, .T. ) ;
#3345 = EDGE_CURVE ( 'NONE', #4734, #3074, #147, .T. ) ;
#3346 = VECTOR ( 'NONE', #4157, 1000.000000000000000 ) ;
#3347 = EDGE_CURVE ( 'NONE', #3075, #2810, #4631, .T. ) ;
#3348 = FACE_OUTER_BOUND ( 'NONE', #1220, .T. ) ;
#3349 = DIRECTION ( 'NONE',  ( 0.000000000000000000, 1.000000000000000000, 0.000000000000000000 ) ) ;
#3350 = ADVANCED_FACE ( 'NONE', ( #4680 ), #1216, .F. ) ;
#3351 = ORIENTED_EDGE ( 'NONE', *, *, #2082, .F. ) ;
#3352 = ORIENTED_EDGE ( 'NONE', *, *, #323, .F. ) ;
#3353 = PRESENTATION_LAYER_ASSIGNMENT (  '', '', ( #248 ) ) ;
#3354 = ORIENTED_EDGE ( 'NONE', *, *, #129, .F. ) ;
#3355 = CYLINDRICAL_SURFACE ( 'NONE', #2337, 0.1518327525017735269 ) ;
#3356 = ORIENTED_EDGE ( 'NONE', *, *, #302, .F. ) ;
#3357 = DIRECTION ( 'NONE',  ( -0.000000000000000000, -1.000000000000000000, 0.000000000000000000 ) ) ;
#3358 = VECTOR ( 'NONE', #4454, 1000.000000000000000 ) ;
#3359 = DIRECTION ( 'NONE',  ( 0.000000000000000000, 1.000000000000000000, 0.000000000000000000 ) ) ;
#3360 = DIRECTION ( 'NONE',  ( 3.708321773340234242E-15, 0.000000000000000000, -1.000000000000000000 ) ) ;
#3361 = LINE ( 'NONE', #4424, #2823 ) ;
#3362 = VECTOR ( 'NONE', #4265, 1000.000000000000000 ) ;
#3363 = ORIENTED_EDGE ( 'NONE', *, *, #1002, .T. ) ;
#3364 = VECTOR ( 'NONE', #4003, 1000.000000000000000 ) ;
#3365 = CARTESIAN_POINT ( 'NONE',  ( 1.999999999999995337, 0.1000000000000000056, 1.125000000000007994 ) ) ;
#3366 = VECTOR ( 'NONE', #1118, 1000.000000000000000 ) ;
#3367 = FACE_OUTER_BOUND ( 'NONE', #253, .T. ) ;
#3368 = DIRECTION ( 'NONE',  ( -0.000000000000000000, -1.000000000000000000, 0.000000000000000000 ) ) ;
#3369 = VERTEX_POINT ( 'NONE', #1997 ) ;
#3370 = CARTESIAN_POINT ( 'NONE',  ( 1.599999999999993650, 0.000000000000000000, 1.625000000000007105 ) ) ;
#3371 = DIRECTION ( 'NONE',  ( 0.000000000000000000, 1.000000000000000000, 0.000000000000000000 ) ) ;
#3372 = DIRECTION ( 'NONE',  ( -1.000000000000000000, 0.000000000000000000, -4.575683511328639367E-15 ) ) ;
#3373 = VECTOR ( 'NONE', #663, 1000.000000000000000 ) ;
#3374 = PLANE ( 'NONE',  #652 ) ;
#3375 = EDGE_LOOP ( 'NONE', ( #627, #2489, #4771, #4101 ) ) ;
#3376 = ORIENTED_EDGE ( 'NONE', *, *, #3770, .F. ) ;
#3377 = EDGE_LOOP ( 'NONE', ( #4591, #189, #1031, #3276 ) ) ;
#3378 = CARTESIAN_POINT ( 'NONE',  ( 1.999999999999992228, 0.000000000000000000, 2.000000000000006217 ) ) ;
#3379 = ORIENTED_EDGE ( 'NONE', *, *, #2470, .T. ) ;
#3380 = ADVANCED_FACE ( 'NONE', ( #124 ), #2378, .T. ) ;
#3381 = LINE ( 'NONE', #3009, #4052 ) ;
#3382 = LINE ( 'NONE', #4888, #4687 ) ;
#3383 = LINE ( 'NONE', #4890, #3732 ) ;
#3384 = PLANE ( 'NONE',  #4184 ) ;
#3385 = EDGE_CURVE ( 'NONE', #4099, #2731, #3508, .T. ) ;
#3386 = FACE_OUTER_BOUND ( 'NONE', #1571, .T. ) ;
#3387 = FACE_OUTER_BOUND ( 'NONE', #1460, .T. ) ;
#3388 = ORIENTED_EDGE ( 'NONE', *, *, #2933, .F. ) ;
#3389 = CARTESIAN_POINT ( 'NONE',  ( -1.600000000000001865, 0.000000000000000000, 0.6249999999999962252 ) ) ;
#3390 = CARTESIAN_POINT ( 'NONE',  ( -1.599999999999999201, 0.5716990566028307130, -0.1250000000000048295 ) ) ;
#3391 = CARTESIAN_POINT ( 'NONE',  ( -1.562969075405719499, 0.6999999999999999556, -1.549137490667618522 ) ) ;
#3392 = DIRECTION ( 'NONE',  ( 3.491481338843133355E-15, 0.000000000000000000, -1.000000000000000000 ) ) ;
#3393 = LINE ( 'NONE', #1053, #16 ) ;
#3394 = VERTEX_POINT ( 'NONE', #3892 ) ;
#3395 = EDGE_LOOP ( 'NONE', ( #2904, #3048, #2199, #4638 ) ) ;
#3396 = EDGE_CURVE ( 'NONE', #1321, #4238, #3533, .T. ) ;
#3397 = ORIENTED_EDGE ( 'NONE', *, *, #2990, .T. ) ;
#3398 = PLANE ( 'NONE',  #4768 ) ;
#3399 = ORIENTED_EDGE ( 'NONE', *, *, #3133, .F. ) ;
#3400 = LINE ( 'NONE', #2958, #1759 ) ;
#3401 = ADVANCED_FACE ( 'NONE', ( #2431 ), #4308, .T. ) ;
#3402 = CARTESIAN_POINT ( 'NONE',  ( -1.562969075405719499, 0.8000000000000000444, -1.397304738165844995 ) ) ;
#3403 = SURFACE_STYLE_USAGE ( .BOTH. , #3106 ) ;
#3404 = FACE_OUTER_BOUND ( 'NONE', #3586, .T. ) ;
#3405 = VERTEX_POINT ( 'NONE', #2053 ) ;
#3406 = EDGE_CURVE ( 'NONE', #4103, #341, #915, .T. ) ;
#3407 = CARTESIAN_POINT ( 'NONE',  ( 1.599999999999996980, 0.1000000000000000056, 0.6250000000000071054 ) ) ;
#3408 = EDGE_LOOP ( 'NONE', ( #4166, #1739, #4632, #939 ) ) ;
#3409 = FACE_OUTER_BOUND ( 'NONE', #3711, .T. ) ;
#3410 =( NAMED_UNIT ( * ) SI_UNIT ( $, .STERADIAN. ) SOLID_ANGLE_UNIT ( ) );
#3411 = CARTESIAN_POINT ( 'NONE',  ( 1.599999999999993650, 0.1000000000000000056, 1.625000000000007105 ) ) ;
#3412 = DIRECTION ( 'NONE',  ( -3.491481338843133355E-15, 0.000000000000000000, 1.000000000000000000 ) ) ;
#3413 = VECTOR ( 'NONE', #1073, 1000.000000000000000 ) ;
#3414 = CARTESIAN_POINT ( 'NONE',  ( 1.599999999999999645, 0.000000000000000000, -0.1249999999999940881 ) ) ;
#3415 = ORIENTED_EDGE ( 'NONE', *, *, #635, .T. ) ;
#3416 = ORIENTED_EDGE ( 'NONE', *, *, #186, .F. ) ;
#3417 = CLOSED_SHELL ( 'NONE', ( #455, #4656, #4142, #3280, #3776, #2690, #271 ) ) ;
#3418 = ORIENTED_EDGE ( 'NONE', *, *, #3336, .F. ) ;
#3419 = FACE_OUTER_BOUND ( 'NONE', #34, .T. ) ;
#3420 = VECTOR ( 'NONE', #4630, 1000.000000000000000 ) ;
#3421 = VERTEX_POINT ( 'NONE', #546 ) ;
#3422 = DIRECTION ( 'NONE',  ( -1.000000000000000000, 0.000000000000000000, -4.575683511328639367E-15 ) ) ;
#3423 = AXIS2_PLACEMENT_3D ( 'NONE', #2790, #1178, #2767 ) ;
#3424 = CARTESIAN_POINT ( 'NONE',  ( 1.599999999999999645, 0.000000000000000000, -0.1249999999999940881 ) ) ;
#3425 =( GEOMETRIC_REPRESENTATION_CONTEXT ( 3 ) GLOBAL_UNCERTAINTY_ASSIGNED_CONTEXT ( ( #244 ) ) GLOBAL_UNIT_ASSIGNED_CONTEXT ( ( #2557, #1272, #1654 ) ) REPRESENTATION_CONTEXT ( 'NONE', 'WORKASPACE' ) );
#3426 = PLANE ( 'NONE',  #2320 ) ;
#3427 = EDGE_CURVE ( 'NONE', #152, #4050, #2079, .T. ) ;
#3428 = AXIS2_PLACEMENT_3D ( 'NONE', #4423, #3669, #275 ) ;
#3429 = LINE ( 'NONE', #1847, #3825 ) ;
#3430 = CARTESIAN_POINT ( 'NONE',  ( -1.599999999999998312, 0.5716990566028307130, -0.3750000000000037748 ) ) ;
#3431 = SURFACE_STYLE_USAGE ( .BOTH. , #4913 ) ;
#3432 = DIRECTION ( 'NONE',  ( 0.000000000000000000, -1.000000000000000000, 0.000000000000000000 ) ) ;
#3433 = EDGE_CURVE ( 'NONE', #3369, #4182, #1312, .T. ) ;
#3434 = VECTOR ( 'NONE', #2189, 1000.000000000000000 ) ;
#3435 = DIRECTION ( 'NONE',  ( 3.491481338843133355E-15, 0.000000000000000000, -1.000000000000000000 ) ) ;
#3436 = VECTOR ( 'NONE', #3598, 1000.000000000000000 ) ;
#3437 = FACE_OUTER_BOUND ( 'NONE', #935, .T. ) ;
#3438 = LINE ( 'NONE', #148, #2893 ) ;
#3439 = VECTOR ( 'NONE', #4233, 1000.000000000000000 ) ;
#3440 = CARTESIAN_POINT ( 'NONE',  ( 2.000000000000003997, 0.5716990566028307130, -1.374999999999992006 ) ) ;
#3441 = ORIENTED_EDGE ( 'NONE', *, *, #4629, .F. ) ;
#3442 = EDGE_LOOP ( 'NONE', ( #734, #2962, #4190, #1859 ) ) ;
#3443 =( GEOMETRIC_REPRESENTATION_CONTEXT ( 3 ) GLOBAL_UNCERTAINTY_ASSIGNED_CONTEXT ( ( #4250 ) ) GLOBAL_UNIT_ASSIGNED_CONTEXT ( ( #3610, #258, #4390 ) ) REPRESENTATION_CONTEXT ( 'NONE', 'WORKASPACE' ) );
#3444 = VERTEX_POINT ( 'NONE', #2358 ) ;
#3445 = DIRECTION ( 'NONE',  ( -0.000000000000000000, -1.000000000000000000, 0.000000000000000000 ) ) ;
#3446 = EDGE_CURVE ( 'NONE', #1597, #4872, #444, .T. ) ;
#3447 = ORIENTED_EDGE ( 'NONE', *, *, #2725, .T. ) ;
#3448 = VERTEX_POINT ( 'NONE', #4911 ) ;
#3449 = MECHANICAL_DESIGN_GEOMETRIC_PRESENTATION_REPRESENTATION (  '', ( #2903 ), #4539 ) ;
#3450 = CARTESIAN_POINT ( 'NONE',  ( 1.599999999999993650, 0.000000000000000000, 1.625000000000007105 ) ) ;
#3451 = CARTESIAN_POINT ( 'NONE',  ( 1.600000000000002309, 0.1000000000000000056, -0.8749999999999930056 ) ) ;
#3452 = CARTESIAN_POINT ( 'NONE',  ( -1.600000000000000089, 0.000000000000000000, 0.1249999999999962669 ) ) ;
#3453 = LINE ( 'NONE', #4839, #2390 ) ;
#3454 = DIRECTION ( 'NONE',  ( 2.407279166357628921E-15, 0.000000000000000000, -1.000000000000000000 ) ) ;
#3455 = AXIS2_PLACEMENT_3D ( 'NONE', #2265, #1117, #2288 ) ;
#3456 = FACE_OUTER_BOUND ( 'NONE', #4494, .T. ) ;
#3457 =( NAMED_UNIT ( * ) SI_UNIT ( $, .STERADIAN. ) SOLID_ANGLE_UNIT ( ) );
#3458 = ORIENTED_EDGE ( 'NONE', *, *, #4636, .T. ) ;
#3459 = CARTESIAN_POINT ( 'NONE',  ( -1.600000000000003642, 0.5716990566028307130, 1.124999999999996225 ) ) ;
#3460 = DIRECTION ( 'NONE',  ( 0.000000000000000000, 1.000000000000000000, 0.000000000000000000 ) ) ;
#3461 = CARTESIAN_POINT ( 'NONE',  ( -1.599999999999997424, 0.000000000000000000, -0.6250000000000048850 ) ) ;
#3462 = EDGE_CURVE ( 'NONE', #1834, #3444, #3763, .T. ) ;
#3463 = CARTESIAN_POINT ( 'NONE',  ( -1.600000000000004308, 0.09999999999999999167, 1.374999999999995115 ) ) ;
#3464 = EDGE_LOOP ( 'NONE', ( #1263, #2486, #4006, #2308 ) ) ;
#3465 = ORIENTED_EDGE ( 'NONE', *, *, #2411, .T. ) ;
#3466 = VERTEX_POINT ( 'NONE', #2678 ) ;
#3467 = EDGE_CURVE ( 'NONE', #969, #697, #3784, .T. ) ;
#3468 = ORIENTED_EDGE ( 'NONE', *, *, #1051, .T. ) ;
#3469 = DIRECTION ( 'NONE',  ( 1.000000000000000000, 0.000000000000000000, 3.491481338843133355E-15 ) ) ;
#3470 = VERTEX_POINT ( 'NONE', #1069 ) ;
#3471 = ORIENTED_EDGE ( 'NONE', *, *, #7, .F. ) ;
#3472 = CARTESIAN_POINT ( 'NONE',  ( -1.600000000000000977, 0.5716990566028307130, 0.3749999999999951705 ) ) ;
#3473 = LINE ( 'NONE', #3806, #4779 ) ;
#3474 = DIRECTION ( 'NONE',  ( 0.000000000000000000, -1.000000000000000000, 0.000000000000000000 ) ) ;
#3475 = ADVANCED_FACE ( 'NONE', ( #2603 ), #392, .F. ) ;
#3476 = CARTESIAN_POINT ( 'NONE',  ( -1.599999999999994094, 0.1000000000000000056, -1.625000000000004885 ) ) ;
#3477 = CARTESIAN_POINT ( 'NONE',  ( -1.599999999999996536, 0.1000000000000000056, -0.8750000000000037748 ) ) ;
#3478 = CARTESIAN_POINT ( 'NONE',  ( 1.999999999999993561, 0.5716990566028307130, 1.625000000000007994 ) ) ;
#3479 = DIRECTION ( 'NONE',  ( -3.491481338843133355E-15, 0.000000000000000000, 1.000000000000000000 ) ) ;
#3480 = DIRECTION ( 'NONE',  ( -3.491481338843133355E-15, 0.000000000000000000, 1.000000000000000000 ) ) ;
#3481 = LINE ( 'NONE', #3531, #3504 ) ;
#3482 = EDGE_CURVE ( 'NONE', #681, #2397, #3429, .T. ) ;
#3483 = ADVANCED_FACE ( 'NONE', ( #3367 ), #1469, .T. ) ;
#3484 = DIRECTION ( 'NONE',  ( 1.000000000000000000, 0.000000000000000000, 2.407279166357628921E-15 ) ) ;
#3485 = ORIENTED_EDGE ( 'NONE', *, *, #2300, .F. ) ;
#3486 = CARTESIAN_POINT ( 'NONE',  ( -1.999999999999995337, 0.5716990566028307130, -1.125000000000006217 ) ) ;
#3487 = ORIENTED_EDGE ( 'NONE', *, *, #3633, .F. ) ;
#3488 = VERTEX_POINT ( 'NONE', #1636 ) ;
#3489 = EDGE_CURVE ( 'NONE', #3212, #1418, #2447, .T. ) ;
#3490 = ADVANCED_FACE ( 'NONE', ( #3884 ), #3837, .T. ) ;
#3491 = AXIS2_PLACEMENT_3D ( 'NONE', #4310, #4657, #2114 ) ;
#3492 = ORIENTED_EDGE ( 'NONE', *, *, #24, .T. ) ;
#3493 = LINE ( 'NONE', #2710, #3592 ) ;
#3494 = EDGE_LOOP ( 'NONE', ( #3125, #1080, #2162, #2364 ) ) ;
#3495 = ORIENTED_EDGE ( 'NONE', *, *, #985, .T. ) ;
#3496 = DIRECTION ( 'NONE',  ( -3.491481338843133355E-15, 0.000000000000000000, 1.000000000000000000 ) ) ;
#3497 = EDGE_CURVE ( 'NONE', #3321, #2434, #4648, .T. ) ;
#3498 = DIRECTION ( 'NONE',  ( 1.000000000000000000, 0.000000000000000000, 3.491481338843133355E-15 ) ) ;
#3499 = LINE ( 'NONE', #4273, #1188 ) ;
#3500 = VECTOR ( 'NONE', #2585, 1000.000000000000000 ) ;
#3501 = DIRECTION ( 'NONE',  ( 1.000000000000000000, -0.000000000000000000, 3.491481338843133355E-15 ) ) ;
#3502 = DIRECTION ( 'NONE',  ( -3.383061121594582912E-15, 0.000000000000000000, 1.000000000000000000 ) ) ;
#3503 = LINE ( 'NONE', #394, #580 ) ;
#3504 = VECTOR ( 'NONE', #70, 1000.000000000000000 ) ;
#3505 = CARTESIAN_POINT ( 'NONE',  ( -1.999999999999999556, 0.1000000000000000056, 0.1249999999999944211 ) ) ;
#3506 = DIRECTION ( 'NONE',  ( 0.000000000000000000, 1.000000000000000000, 0.000000000000000000 ) ) ;
#3507 = VECTOR ( 'NONE', #3078, 1000.000000000000000 ) ;
#3508 = LINE ( 'NONE', #3863, #1782 ) ;
#3509 = CARTESIAN_POINT ( 'NONE',  ( -1.562969075405719499, 0.6999999999999999556, -1.397304738165844995 ) ) ;
#3510 = VERTEX_POINT ( 'NONE', #1991 ) ;
#3511 = DIRECTION ( 'NONE',  ( 3.491481338843133355E-15, 0.000000000000000000, -1.000000000000000000 ) ) ;
#3512 = VECTOR ( 'NONE', #477, 1000.000000000000000 ) ;
#3513 = VERTEX_POINT ( 'NONE', #1252 ) ;
#3514 = ORIENTED_EDGE ( 'NONE', *, *, #4850, .F. ) ;
#3515 = AXIS2_PLACEMENT_3D ( 'NONE', #3061, #4552, #1158 ) ;
#3516 = CARTESIAN_POINT ( 'NONE',  ( -1.600000000000005196, 0.09999999999999999167, 1.624999999999996225 ) ) ;
#3517 = VECTOR ( 'NONE', #3921, 1000.000000000000000 ) ;
#3518 = EDGE_LOOP ( 'NONE', ( #3778, #899 ) ) ;
#3519 = LINE ( 'NONE', #997, #3120 ) ;
#3520 = ORIENTED_EDGE ( 'NONE', *, *, #4194, .T. ) ;
#3521 = ORIENTED_EDGE ( 'NONE', *, *, #2466, .T. ) ;
#3522 = DIRECTION ( 'NONE',  ( 3.491481338843133355E-15, 0.000000000000000000, -1.000000000000000000 ) ) ;
#3523 = EDGE_CURVE ( 'NONE', #846, #1653, #909, .T. ) ;
#3524 = LINE ( 'NONE', #4299, #2472 ) ;
#3525 = CARTESIAN_POINT ( 'NONE',  ( -1.999999999999993561, 0.1000000000000000056, -1.625000000000006217 ) ) ;
#3526 = DIRECTION ( 'NONE',  ( 0.000000000000000000, -1.000000000000000000, 0.000000000000000000 ) ) ;
#3527 = CARTESIAN_POINT ( 'NONE',  ( -1.562969075405719499, 0.8000000000000000444, -1.549137490667618522 ) ) ;
#3528 = DIRECTION ( 'NONE',  ( 0.000000000000000000, 1.000000000000000000, 0.000000000000000000 ) ) ;
#3529 = AXIS2_PLACEMENT_3D ( 'NONE', #1287, #864, #3145 ) ;
#3530 = DIRECTION ( 'NONE',  ( 3.491481338843133355E-15, 0.000000000000000000, -1.000000000000000000 ) ) ;
#3531 = CARTESIAN_POINT ( 'NONE',  ( -1.999999999999996225, 0.09999999999999999167, -0.8750000000000055511 ) ) ;
#3532 = EDGE_CURVE ( 'NONE', #944, #3589, #66, .T. ) ;
#3533 = LINE ( 'NONE', #1643, #2034 ) ;
#3534 = ORIENTED_EDGE ( 'NONE', *, *, #2672, .F. ) ;
#3535 = LINE ( 'NONE', #3486, #460 ) ;
#3536 = ORIENTED_EDGE ( 'NONE', *, *, #2366, .T. ) ;
#3537 = ORIENTED_EDGE ( 'NONE', *, *, #1572, .F. ) ;
#3538 = DIRECTION ( 'NONE',  ( 3.491481338843133355E-15, 0.000000000000000000, -1.000000000000000000 ) ) ;
#3539 = VERTEX_POINT ( 'NONE', #2720 ) ;
#3540 = LINE ( 'NONE', #3874, #182 ) ;
#3541 = ORIENTED_EDGE ( 'NONE', *, *, #1157, .F. ) ;
#3542 = EDGE_LOOP ( 'NONE', ( #3749, #2613, #1067, #2435 ) ) ;
#3543 = DIRECTION ( 'NONE',  ( -0.000000000000000000, -1.000000000000000000, 0.000000000000000000 ) ) ;
#3544 = EDGE_CURVE ( 'NONE', #4543, #1271, #1211, .T. ) ;
#3545 = CARTESIAN_POINT ( 'NONE',  ( 0.000000000000000000, 0.1000000000000000056, 0.000000000000000000 ) ) ;
#3546 = DIRECTION ( 'NONE',  ( -0.000000000000000000, -1.000000000000000000, 0.000000000000000000 ) ) ;
#3547 = FACE_OUTER_BOUND ( 'NONE', #3118, .T. ) ;
#3548 = EDGE_CURVE ( 'NONE', #1981, #3663, #4301, .T. ) ;
#3549 = PLANE ( 'NONE',  #2973 ) ;
#3550 = LINE ( 'NONE', #140, #349 ) ;
#3551 =( LENGTH_UNIT ( ) NAMED_UNIT ( * ) SI_UNIT ( .MILLI., .METRE. ) );
#3552 = CARTESIAN_POINT ( 'NONE',  ( 1.600000000000000533, 0.000000000000000000, -0.3749999999999930056 ) ) ;
#3553 = PRESENTATION_STYLE_ASSIGNMENT (( #3890 ) ) ;
#3554 = FACE_OUTER_BOUND ( 'NONE', #1421, .T. ) ;
#3555 = DIRECTION ( 'NONE',  ( -3.491481338843133355E-15, 0.000000000000000000, 1.000000000000000000 ) ) ;
#3556 = ORIENTED_EDGE ( 'NONE', *, *, #2538, .F. ) ;
#3557 = CARTESIAN_POINT ( 'NONE',  ( 1.599999999999995204, 0.000000000000000000, 1.125000000000007105 ) ) ;
#3558 = ORIENTED_EDGE ( 'NONE', *, *, #2772, .T. ) ;
#3559 = ORIENTED_EDGE ( 'NONE', *, *, #1710, .F. ) ;
#3560 = VERTEX_POINT ( 'NONE', #832 ) ;
#3561 = DIRECTION ( 'NONE',  ( 3.491481338843133355E-15, 0.000000000000000000, -1.000000000000000000 ) ) ;
#3562 = ORIENTED_EDGE ( 'NONE', *, *, #4626, .T. ) ;
#3563 = ORIENTED_EDGE ( 'NONE', *, *, #2831, .F. ) ;
#3564 = FACE_OUTER_BOUND ( 'NONE', #2105, .T. ) ;
#3565 = LINE ( 'NONE', #2840, #3116 ) ;
#3566 = CARTESIAN_POINT ( 'NONE',  ( 1.600000000000000533, 0.09999999999999999167, -0.3749999999999930056 ) ) ;
#3567 = LINE ( 'NONE', #1303, #948 ) ;
#3568 = VECTOR ( 'NONE', #3480, 1000.000000000000000 ) ;
#3569 = PLANE ( 'NONE',  #2338 ) ;
#3570 = DIRECTION ( 'NONE',  ( 0.000000000000000000, -1.000000000000000000, 0.000000000000000000 ) ) ;
#3571 = CARTESIAN_POINT ( 'NONE',  ( -2.000000000000007994, 0.000000000000000000, 1.999999999999992228 ) ) ;
#3572 = ORIENTED_EDGE ( 'NONE', *, *, #106, .F. ) ;
#3573 = VERTEX_POINT ( 'NONE', #3139 ) ;
#3574 = EDGE_CURVE ( 'NONE', #1246, #793, #883, .T. ) ;
#3575 = VECTOR ( 'NONE', #3809, 1000.000000000000000 ) ;
#3576 = CARTESIAN_POINT ( 'NONE',  ( 1.600000000000004086, 0.09999999999999999167, -1.374999999999992895 ) ) ;
#3577 = COLOUR_RGB ( '',0.7921568627450980005, 0.8196078431372548767, 0.9333333333333333481 ) ;
#3578 = CARTESIAN_POINT ( 'NONE',  ( 1.999999999999992228, 0.000000000000000000, 2.000000000000006217 ) ) ;
#3579 = LINE ( 'NONE', #2825, #2421 ) ;
#3580 = VERTEX_POINT ( 'NONE', #2373 ) ;
#3581 = ADVANCED_FACE ( 'NONE', ( #2047 ), #3549, .T. ) ;
#3582 = DIRECTION ( 'NONE',  ( -1.000000000000000000, 0.000000000000000000, -3.491481338843133355E-15 ) ) ;
#3583 = ORIENTED_EDGE ( 'NONE', *, *, #1352, .F. ) ;
#3584 = ORIENTED_EDGE ( 'NONE', *, *, #4247, .T. ) ;
#3585 = SURFACE_SIDE_STYLE ('',( #4689 ) ) ;
#3586 = EDGE_LOOP ( 'NONE', ( #1866, #4011, #616, #2414 ) ) ;
#3587 = AXIS2_PLACEMENT_3D ( 'NONE', #3014, #2721, #763 ) ;
#3588 = LINE ( 'NONE', #3271, #487 ) ;
#3589 = VERTEX_POINT ( 'NONE', #91 ) ;
#3590 = VERTEX_POINT ( 'NONE', #1971 ) ;
#3591 = DIRECTION ( 'NONE',  ( 3.491481338843133355E-15, 0.000000000000000000, -1.000000000000000000 ) ) ;
#3592 = VECTOR ( 'NONE', #1651, 1000.000000000000000 ) ;
#3593 = AXIS2_PLACEMENT_3D ( 'NONE', #3310, #4811, #1416 ) ;
#3594 = EDGE_CURVE ( 'NONE', #4311, #236, #1659, .T. ) ;
#3595 = CARTESIAN_POINT ( 'NONE',  ( -1.562969075405719499, 0.8000000000000000444, -1.700970243169392049 ) ) ;
#3596 = FACE_OUTER_BOUND ( 'NONE', #2237, .T. ) ;
#3597 = VECTOR ( 'NONE', #2393, 1000.000000000000000 ) ;
#3598 = DIRECTION ( 'NONE',  ( -3.491481338843133355E-15, 0.000000000000000000, 1.000000000000000000 ) ) ;
#3599 = LINE ( 'NONE', #200, #4199 ) ;
#3600 =( NAMED_UNIT ( * ) PLANE_ANGLE_UNIT ( ) SI_UNIT ( $, .RADIAN. ) );
#3601 = ORIENTED_EDGE ( 'NONE', *, *, #4499, .T. ) ;
#3602 = ORIENTED_EDGE ( 'NONE', *, *, #4850, .T. ) ;
#3603 = CARTESIAN_POINT ( 'NONE',  ( 1.300000000000005818, 4.069886648255841344, -1.499999999999995337 ) ) ;
#3604 = AXIS2_PLACEMENT_3D ( 'NONE', #2198, #1363, #2894 ) ;
#3605 = ORIENTED_EDGE ( 'NONE', *, *, #2838, .T. ) ;
#3606 = CARTESIAN_POINT ( 'NONE',  ( 0.000000000000000000, 0.1000000000000000056, 0.000000000000000000 ) ) ;
#3607 = ORIENTED_EDGE ( 'NONE', *, *, #4702, .F. ) ;
#3608 = ORIENTED_EDGE ( 'NONE', *, *, #4810, .T. ) ;
#3609 = EDGE_CURVE ( 'NONE', #998, #4528, #119, .T. ) ;
#3610 =( LENGTH_UNIT ( ) NAMED_UNIT ( * ) SI_UNIT ( .MILLI., .METRE. ) );
#3611 = CARTESIAN_POINT ( 'NONE',  ( 2.000000000000002220, 0.1000000000000000056, -0.8749999999999921174 ) ) ;
#3612 = VERTEX_POINT ( 'NONE', #440 ) ;
#3613 = ORIENTED_EDGE ( 'NONE', *, *, #106, .T. ) ;
#3614 = ADVANCED_FACE ( 'NONE', ( #3083 ), #538, .T. ) ;
#3615 = DIRECTION ( 'NONE',  ( -3.491481338843133355E-15, 0.000000000000000000, 1.000000000000000000 ) ) ;
#3616 = VERTEX_POINT ( 'NONE', #46 ) ;
#3617 = DIRECTION ( 'NONE',  ( -0.000000000000000000, -1.000000000000000000, 0.000000000000000000 ) ) ;
#3618 = CARTESIAN_POINT ( 'NONE',  ( -0.9999999999999928946, 4.069886648255841344, -1.500000000000003331 ) ) ;
#3619 = ADVANCED_FACE ( 'NONE', ( #488 ), #1560, .F. ) ;
#3620 = FACE_OUTER_BOUND ( 'NONE', #3494, .T. ) ;
#3621 = DIRECTION ( 'NONE',  ( -1.000000000000000000, 0.000000000000000000, -3.491481338843133355E-15 ) ) ;
#3622 = ORIENTED_EDGE ( 'NONE', *, *, #4883, .F. ) ;
#3623 = ORIENTED_EDGE ( 'NONE', *, *, #3427, .F. ) ;
#3624 = DIRECTION ( 'NONE',  ( -0.000000000000000000, -1.000000000000000000, 0.000000000000000000 ) ) ;
#3625 = CARTESIAN_POINT ( 'NONE',  ( -1.600000000000000089, 0.09999999999999999167, 0.1249999999999962669 ) ) ;
#3626 = CARTESIAN_POINT ( 'NONE',  ( -2.000000000000004885, 0.1000000000000000056, 1.624999999999994449 ) ) ;
#3627 = CARTESIAN_POINT ( 'NONE',  ( 1.300000000000005818, 0.1000000000000002554, -1.499999999999994893 ) ) ;
#3628 = DIRECTION ( 'NONE',  ( 1.000000000000000000, 0.000000000000000000, 2.407279166357628921E-15 ) ) ;
#3629 = ADVANCED_FACE ( 'NONE', ( #4248 ), #1587, .F. ) ;
#3630 = DIRECTION ( 'NONE',  ( 1.000000000000000000, 0.000000000000000000, 4.575683511328639367E-15 ) ) ;
#3631 = PLANE ( 'NONE',  #1793 ) ;
#3632 = CARTESIAN_POINT ( 'NONE',  ( -1.999999999999997113, 0.1000000000000000056, -0.6250000000000062172 ) ) ;
#3633 = EDGE_CURVE ( 'NONE', #680, #765, #563, .T. ) ;
#3634 = VERTEX_POINT ( 'NONE', #4398 ) ;
#3635 = ORIENTED_EDGE ( 'NONE', *, *, #2117, .T. ) ;
#3636 = EDGE_CURVE ( 'NONE', #1316, #4401, #2500, .T. ) ;
#3637 = EDGE_CURVE ( 'NONE', #4882, #2821, #2572, .T. ) ;
#3638 = ORIENTED_EDGE ( 'NONE', *, *, #2953, .T. ) ;
#3639 = EDGE_CURVE ( 'NONE', #1978, #1121, #4803, .T. ) ;
#3640 = PLANE ( 'NONE',  #1841 ) ;
#3641 = VECTOR ( 'NONE', #645, 1000.000000000000000 ) ;
#3642 = PLANE ( 'NONE',  #1124 ) ;
#3643 = CARTESIAN_POINT ( 'NONE',  ( -2.000000000000007994, 0.000000000000000000, 1.999999999999992228 ) ) ;
#3644 = ORIENTED_EDGE ( 'NONE', *, *, #1470, .T. ) ;
#3645 = ORIENTED_EDGE ( 'NONE', *, *, #302, .T. ) ;
#3646 = CARTESIAN_POINT ( 'NONE',  ( 1.299999999999994937, 0.000000000000000000, 1.500000000000004885 ) ) ;
#3647 =( NAMED_UNIT ( * ) SI_UNIT ( $, .STERADIAN. ) SOLID_ANGLE_UNIT ( ) );
#3648 = LINE ( 'NONE', #4760, #185 ) ;
#3649 = PLANE ( 'NONE',  #100 ) ;
#3650 = VECTOR ( 'NONE', #4551, 1000.000000000000000 ) ;
#3651 = ORIENTED_EDGE ( 'NONE', *, *, #517, .T. ) ;
#3652 = CARTESIAN_POINT ( 'NONE',  ( -1.600000000000003642, 0.000000000000000000, 1.124999999999996225 ) ) ;
#3653 = CARTESIAN_POINT ( 'NONE',  ( 1.599999999999997868, 0.000000000000000000, 0.3750000000000059397 ) ) ;
#3654 = ORIENTED_EDGE ( 'NONE', *, *, #4288, .F. ) ;
#3655 = VECTOR ( 'NONE', #13, 1000.000000000000000 ) ;
#3656 = CARTESIAN_POINT ( 'NONE',  ( 1.600000000000004086, 0.09999999999999999167, -1.374999999999992895 ) ) ;
#3657 = VERTEX_POINT ( 'NONE', #1328 ) ;
#3658 = CARTESIAN_POINT ( 'NONE',  ( -1.999999999999994449, 0.5716990566028307130, -1.375000000000005551 ) ) ;
#3659 = VECTOR ( 'NONE', #4817, 1000.000000000000000 ) ;
#3660 = ORIENTED_EDGE ( 'NONE', *, *, #4448, .F. ) ;
#3661 = ORIENTED_EDGE ( 'NONE', *, *, #1114, .T. ) ;
#3662 = VECTOR ( 'NONE', #2986, 1000.000000000000000 ) ;
#3663 = VERTEX_POINT ( 'NONE', #2843 ) ;
#3664 = VECTOR ( 'NONE', #338, 1000.000000000000000 ) ;
#3665 = CARTESIAN_POINT ( 'NONE',  ( 2.000000000000000444, 0.000000000000000000, -0.3749999999999920619 ) ) ;
#3666 = VECTOR ( 'NONE', #4084, 1000.000000000000000 ) ;
#3667 = EDGE_CURVE ( 'NONE', #3634, #4641, #3282, .T. ) ;
#3668 = DIRECTION ( 'NONE',  ( -1.000000000000000000, 0.000000000000000000, -3.491481338843133750E-15 ) ) ;
#3669 = DIRECTION ( 'NONE',  ( 0.000000000000000000, 1.000000000000000000, 0.000000000000000000 ) ) ;
#3670 = DIRECTION ( 'NONE',  ( 1.000000000000000000, 0.000000000000000000, 4.575683511328639367E-15 ) ) ;
#3671 = DIRECTION ( 'NONE',  ( -3.636041628507867543E-15, 0.000000000000000000, 1.000000000000000000 ) ) ;
#3672 = VECTOR ( 'NONE', #4029, 1000.000000000000000 ) ;
#3673 = COLOUR_RGB ( '',0.7921568627450980005, 0.8196078431372548767, 0.9333333333333333481 ) ;
#3674 = DIRECTION ( 'NONE',  ( -1.000000000000000000, 0.000000000000000000, -3.491481338843133355E-15 ) ) ;
#3675 = FACE_OUTER_BOUND ( 'NONE', #4516, .T. ) ;
#3676 = CARTESIAN_POINT ( 'NONE',  ( 1.999999999999997780, 0.5716990566028307130, 0.3750000000000073275 ) ) ;
#3677 = DIRECTION ( 'NONE',  ( 3.491481338843133355E-15, 0.000000000000000000, -1.000000000000000000 ) ) ;
#3678 = ORIENTED_EDGE ( 'NONE', *, *, #4789, .F. ) ;
#3679 = PLANE ( 'NONE',  #560 ) ;
#3680 = ADVANCED_FACE ( 'NONE', ( #2546 ), #1003, .T. ) ;
#3681 = CARTESIAN_POINT ( 'NONE',  ( -1.999999999999999556, 0.09999999999999999167, 0.1249999999999944211 ) ) ;
#3682 = CARTESIAN_POINT ( 'NONE',  ( -1.599999999999997424, 0.000000000000000000, -0.6250000000000048850 ) ) ;
#3683 = ORIENTED_EDGE ( 'NONE', *, *, #4444, .T. ) ;
#3684 = ORIENTED_EDGE ( 'NONE', *, *, #178, .F. ) ;
#3685 = STYLED_ITEM ( 'NONE', ( #1453 ), #3082 ) ;
#3686 = ORIENTED_EDGE ( 'NONE', *, *, #4194, .F. ) ;
#3687 = EDGE_CURVE ( 'NONE', #2510, #2407, #4323, .T. ) ;
#3688 = CARTESIAN_POINT ( 'NONE',  ( 2.000000000000004885, 0.09999999999999999167, -1.624999999999992673 ) ) ;
#3689 = CARTESIAN_POINT ( 'NONE',  ( 0.000000000000000000, 0.1000000000000000056, 0.000000000000000000 ) ) ;
#3690 = SURFACE_STYLE_USAGE ( .BOTH. , #665 ) ;
#3691 = DIRECTION ( 'NONE',  ( -3.491481338843133355E-15, 0.000000000000000000, 1.000000000000000000 ) ) ;
#3692 = ADVANCED_FACE ( 'NONE', ( #930 ), #638, .F. ) ;
#3693 = DIRECTION ( 'NONE',  ( 1.000000000000000000, 0.000000000000000000, 3.491481338843133355E-15 ) ) ;
#3694 = EDGE_CURVE ( 'NONE', #4796, #3797, #2170, .T. ) ;
#3695 = ADVANCED_FACE ( 'NONE', ( #4038 ), #3569, .T. ) ;
#3696 = CARTESIAN_POINT ( 'NONE',  ( -1.999999999999994449, 0.000000000000000000, -2.000000000000007994 ) ) ;
#3697 = DIRECTION ( 'NONE',  ( -1.000000000000000000, 0.000000000000000000, -3.491481338843133750E-15 ) ) ;
#3698 = CARTESIAN_POINT ( 'NONE',  ( 2.000000000000005773, 0.8000000000000003775, -1.999999999999994005 ) ) ;
#3699 = FACE_OUTER_BOUND ( 'NONE', #4519, .T. ) ;
#3700 = ORIENTED_EDGE ( 'NONE', *, *, #4105, .F. ) ;
#3701 = DIRECTION ( 'NONE',  ( 3.636041628507867543E-15, 0.000000000000000000, -1.000000000000000000 ) ) ;
#3702 = DIRECTION ( 'NONE',  ( -1.000000000000000000, 0.000000000000000000, -3.491481338843133355E-15 ) ) ;
#3703 = DIRECTION ( 'NONE',  ( 1.000000000000000000, 0.000000000000000000, 3.491481338843133355E-15 ) ) ;
#3704 = ORIENTED_EDGE ( 'NONE', *, *, #3544, .T. ) ;
#3705 = ORIENTED_EDGE ( 'NONE', *, *, #574, .T. ) ;
#3706 = ORIENTED_EDGE ( 'NONE', *, *, #3639, .F. ) ;
#3707 = DIRECTION ( 'NONE',  ( -1.000000000000000000, 0.000000000000000000, -3.491481338843133355E-15 ) ) ;
#3708 = PLANE ( 'NONE',  #3204 ) ;
#3709 = CARTESIAN_POINT ( 'NONE',  ( -1.300000000000005151, 0.1000000000000002554, 1.499999999999995781 ) ) ;
#3710 = CARTESIAN_POINT ( 'NONE',  ( 2.000000000000003553, 0.000000000000000000, -1.374999999999992006 ) ) ;
#3711 = EDGE_LOOP ( 'NONE', ( #1960, #973, #3127, #2493 ) ) ;
#3712 = CARTESIAN_POINT ( 'NONE',  ( -1.600000000000002753, 0.000000000000000000, 0.8749999999999951150 ) ) ;
#3713 = AXIS2_PLACEMENT_3D ( 'NONE', #893, #4007, #2056 ) ;
#3714 = FACE_OUTER_BOUND ( 'NONE', #3742, .T. ) ;
#3715 = CARTESIAN_POINT ( 'NONE',  ( -2.000000000000000444, 0.5716990566028307130, 0.3749999999999937828 ) ) ;
#3716 = CARTESIAN_POINT ( 'NONE',  ( 1.600000000000001421, 0.09999999999999999167, -0.6249999999999940048 ) ) ;
#3717 = VECTOR ( 'NONE', #1399, 1000.000000000000000 ) ;
#3718 = PLANE ( 'NONE',  #1350 ) ;
#3719 = CARTESIAN_POINT ( 'NONE',  ( -1.599999999999994094, 0.1000000000000000056, -1.625000000000004885 ) ) ;
#3720 = AXIS2_PLACEMENT_3D ( 'NONE', #3459, #3918, #515 ) ;
#3721 = DIRECTION ( 'NONE',  ( 0.000000000000000000, 1.000000000000000000, 0.000000000000000000 ) ) ;
#3722 = EDGE_CURVE ( 'NONE', #3828, #1883, #274, .T. ) ;
#3723 = LINE ( 'NONE', #651, #970 ) ;
#3724 = LINE ( 'NONE', #655, #3664 ) ;
#3725 = ORIENTED_EDGE ( 'NONE', *, *, #1738, .F. ) ;
#3726 = EDGE_LOOP ( 'NONE', ( #305, #290, #3904, #550 ) ) ;
#3727 = VECTOR ( 'NONE', #2842, 1000.000000000000000 ) ;
#3728 = VECTOR ( 'NONE', #2529, 1000.000000000000000 ) ;
#3729 = ORIENTED_EDGE ( 'NONE', *, *, #693, .F. ) ;
#3730 = DIRECTION ( 'NONE',  ( -3.491481338843133355E-15, 0.000000000000000000, 1.000000000000000000 ) ) ;
#3731 = DIRECTION ( 'NONE',  ( 1.000000000000000000, 0.000000000000000000, 4.575683511328639367E-15 ) ) ;
#3732 = VECTOR ( 'NONE', #3360, 1000.000000000000000 ) ;
#3733 = EDGE_CURVE ( 'NONE', #3049, #3054, #4422, .T. ) ;
#3734 = DIRECTION ( 'NONE',  ( 0.000000000000000000, -1.000000000000000000, 0.000000000000000000 ) ) ;
#3735 = PLANE ( 'NONE',  #3604 ) ;
#3736 = VECTOR ( 'NONE', #1755, 1000.000000000000000 ) ;
#3737 = VECTOR ( 'NONE', #1135, 1000.000000000000000 ) ;
#3738 = DIRECTION ( 'NONE',  ( 3.491481338843133355E-15, 0.000000000000000000, -1.000000000000000000 ) ) ;
#3739 = AXIS2_PLACEMENT_3D ( 'NONE', #1545, #2702, #2776 ) ;
#3740 = CARTESIAN_POINT ( 'NONE',  ( -1.999999999999997780, 0.000000000000000000, -0.3750000000000056066 ) ) ;
#3741 = FACE_OUTER_BOUND ( 'NONE', #2368, .T. ) ;
#3742 = EDGE_LOOP ( 'NONE', ( #4723, #1086, #746, #4819 ) ) ;
#3743 = CARTESIAN_POINT ( 'NONE',  ( 1.600000000000003197, 0.5716990566028307130, -1.124999999999994005 ) ) ;
#3744 = MECHANICAL_DESIGN_GEOMETRIC_PRESENTATION_REPRESENTATION (  '', ( #2424 ), #1380 ) ;
#3745 = DIRECTION ( 'NONE',  ( 0.000000000000000000, 0.000000000000000000, 1.000000000000000000 ) ) ;
#3746 = PRESENTATION_LAYER_ASSIGNMENT (  '', '', ( #1134 ) ) ;
#3747 = CARTESIAN_POINT ( 'NONE',  ( -1.599999999999996536, 0.5716990566028307130, -0.8750000000000037748 ) ) ;
#3748 = CARTESIAN_POINT ( 'NONE',  ( 2.000000000000003109, 0.1000000000000000056, -1.124999999999992673 ) ) ;
#3749 = ORIENTED_EDGE ( 'NONE', *, *, #2838, .F. ) ;
#3750 = EDGE_LOOP ( 'NONE', ( #978, #2184, #4618, #3798 ) ) ;
#3751 = EDGE_CURVE ( 'NONE', #2432, #366, #3305, .T. ) ;
#3752 = VERTEX_POINT ( 'NONE', #2863 ) ;
#3753 = VECTOR ( 'NONE', #725, 1000.000000000000000 ) ;
#3754 = FACE_OUTER_BOUND ( 'NONE', #4443, .T. ) ;
#3755 = ADVANCED_FACE ( 'NONE', ( #1690 ), #980, .T. ) ;
#3756 = ORIENTED_EDGE ( 'NONE', *, *, #3973, .F. ) ;
#3757 = CARTESIAN_POINT ( 'NONE',  ( -1.599999999999998312, 0.1000000000000000056, -0.3750000000000037748 ) ) ;
#3758 = LINE ( 'NONE', #619, #4451 ) ;
#3759 = LINE ( 'NONE', #713, #4847 ) ;
#3760 =( NAMED_UNIT ( * ) SI_UNIT ( $, .STERADIAN. ) SOLID_ANGLE_UNIT ( ) );
#3761 = LINE ( 'NONE', #19, #474 ) ;
#3762 = EDGE_CURVE ( 'NONE', #3510, #3924, #2473, .T. ) ;
#3763 = LINE ( 'NONE', #4480, #1131 ) ;
#3764 = FACE_OUTER_BOUND ( 'NONE', #3324, .T. ) ;
#3765 = FILL_AREA_STYLE ('',( #1898 ) ) ;
#3766 = VERTEX_POINT ( 'NONE', #199 ) ;
#3767 = CARTESIAN_POINT ( 'NONE',  ( -1.299999999999995159, 4.069886648255841344, -1.200000000000003952 ) ) ;
#3768 = CARTESIAN_POINT ( 'NONE',  ( -1.999999999999996225, 0.000000000000000000, -0.8750000000000055511 ) ) ;
#3769 = DIRECTION ( 'NONE',  ( 1.000000000000000000, 0.000000000000000000, 3.491481338843133355E-15 ) ) ;
#3770 = EDGE_CURVE ( 'NONE', #1883, #2876, #3230, .T. ) ;
#3771 = DIRECTION ( 'NONE',  ( 3.491481338843133355E-15, 0.000000000000000000, -1.000000000000000000 ) ) ;
#3772 = ORIENTED_EDGE ( 'NONE', *, *, #223, .T. ) ;
#3773 = ORIENTED_EDGE ( 'NONE', *, *, #1572, .T. ) ;
#3774 = ADVANCED_FACE ( 'NONE', ( #3620 ), #3642, .F. ) ;
#3775 = ORIENTED_EDGE ( 'NONE', *, *, #1203, .F. ) ;
#3776 = ADVANCED_FACE ( 'NONE', ( #14 ), #317, .T. ) ;
#3777 = DIRECTION ( 'NONE',  ( 1.000000000000000000, 0.000000000000000000, 3.491481338843133355E-15 ) ) ;
#3778 = ORIENTED_EDGE ( 'NONE', *, *, #3190, .T. ) ;
#3779 = LINE ( 'NONE', #1868, #3032 ) ;
#3780 = CARTESIAN_POINT ( 'NONE',  ( 1.599999999999996980, 0.1000000000000000056, 0.6250000000000071054 ) ) ;
#3781 = EDGE_CURVE ( 'NONE', #81, #505, #4549, .T. ) ;
#3782 = CARTESIAN_POINT ( 'NONE',  ( -1.300000000000005151, 0.000000000000000000, 1.499999999999995781 ) ) ;
#3783 = AXIS2_PLACEMENT_3D ( 'NONE', #1143, #2307, #3795 ) ;
#3784 = LINE ( 'NONE', #2255, #4615 ) ;
#3785 = DIRECTION ( 'NONE',  ( 0.000000000000000000, -1.000000000000000000, 0.000000000000000000 ) ) ;
#3786 = PRESENTATION_STYLE_ASSIGNMENT (( #4505 ) ) ;
#3787 = EDGE_LOOP ( 'NONE', ( #2755, #3654, #356, #2205 ) ) ;
#3788 = LINE ( 'NONE', #766, #241 ) ;
#3789 = LINE ( 'NONE', #3817, #4441 ) ;
#3790 = MECHANICAL_DESIGN_GEOMETRIC_PRESENTATION_REPRESENTATION (  '', ( #1986 ), #1658 ) ;
#3791 = ADVANCED_FACE ( 'NONE', ( #2673 ), #4859, .F. ) ;
#3792 = CARTESIAN_POINT ( 'NONE',  ( 1.600000000000000533, 0.09999999999999999167, -0.3749999999999930056 ) ) ;
#3793 = CARTESIAN_POINT ( 'NONE',  ( -1.600000000000002753, 0.000000000000000000, 0.8749999999999951150 ) ) ;
#3794 = CLOSED_SHELL ( 'NONE', ( #2215, #1952, #433, #307, #1146, #1989 ) ) ;
#3795 = DIRECTION ( 'NONE',  ( -1.000000000000000000, 0.000000000000000000, -4.575683511328639367E-15 ) ) ;
#3796 = VERTEX_POINT ( 'NONE', #368 ) ;
#3797 = VERTEX_POINT ( 'NONE', #2598 ) ;
#3798 = ORIENTED_EDGE ( 'NONE', *, *, #4287, .F. ) ;
#3799 = LINE ( 'NONE', #4290, #3512 ) ;
#3800 = VECTOR ( 'NONE', #3017, 1000.000000000000000 ) ;
#3801 = ORIENTED_EDGE ( 'NONE', *, *, #4055, .F. ) ;
#3802 = EDGE_LOOP ( 'NONE', ( #1482, #435, #1936, #2032 ) ) ;
#3803 = FACE_OUTER_BOUND ( 'NONE', #4122, .T. ) ;
#3804 = AXIS2_PLACEMENT_3D ( 'NONE', #1128, #2297, #348 ) ;
#3805 = CARTESIAN_POINT ( 'NONE',  ( -1.599999999999994982, 0.000000000000000000, -1.375000000000003775 ) ) ;
#3806 = CARTESIAN_POINT ( 'NONE',  ( -1.600000000000003642, 0.1000000000000000056, 1.124999999999996225 ) ) ;
#3807 = LINE ( 'NONE', #1155, #3872 ) ;
#3808 = VECTOR ( 'NONE', #3144, 1000.000000000000000 ) ;
#3809 = DIRECTION ( 'NONE',  ( 3.491481338843133355E-15, 0.000000000000000000, -1.000000000000000000 ) ) ;
#3810 = ADVANCED_FACE ( 'NONE', ( #350 ), #1130, .F. ) ;
#3811 = UNCERTAINTY_MEASURE_WITH_UNIT (LENGTH_MEASURE( 1.000000000000000082E-05 ), #352, 'distance_accuracy_value', 'NONE');
#3812 = DIRECTION ( 'NONE',  ( 1.000000000000000000, 0.000000000000000000, 3.491481338843133355E-15 ) ) ;
#3813 = SURFACE_STYLE_FILL_AREA ( #442 ) ;
#3814 = EDGE_CURVE ( 'NONE', #3444, #202, #1815, .T. ) ;
#3815 = CARTESIAN_POINT ( 'NONE',  ( -2.000000000000007994, 7.256854249492380227, 1.999999999999992228 ) ) ;
#3816 = VECTOR ( 'NONE', #753, 1000.000000000000000 ) ;
#3817 = CARTESIAN_POINT ( 'NONE',  ( -1.599999999999996536, 0.1000000000000000056, -0.8750000000000037748 ) ) ;
#3818 = VECTOR ( 'NONE', #3238, 1000.000000000000000 ) ;
#3819 = DIRECTION ( 'NONE',  ( 0.000000000000000000, 0.000000000000000000, 1.000000000000000000 ) ) ;
#3820 = PLANE ( 'NONE',  #738 ) ;
#3821 = ORIENTED_EDGE ( 'NONE', *, *, #312, .T. ) ;
#3822 = ORIENTED_EDGE ( 'NONE', *, *, #990, .T. ) ;
#3823 = VERTEX_POINT ( 'NONE', #712 ) ;
#3824 = EDGE_CURVE ( 'NONE', #1981, #3634, #3057, .T. ) ;
#3825 = VECTOR ( 'NONE', #21, 1000.000000000000000 ) ;
#3826 = ORIENTED_EDGE ( 'NONE', *, *, #3013, .T. ) ;
#3827 = CARTESIAN_POINT ( 'NONE',  ( 0.000000000000000000, 0.1000000000000000056, 0.000000000000000000 ) ) ;
#3828 = VERTEX_POINT ( 'NONE', #2991 ) ;
#3829 = ORIENTED_EDGE ( 'NONE', *, *, #4240, .F. ) ;
#3830 = DIRECTION ( 'NONE',  ( 1.000000000000000000, 0.000000000000000000, 3.491481338843133355E-15 ) ) ;
#3831 = LINE ( 'NONE', #1149, #4521 ) ;
#3832 = CARTESIAN_POINT ( 'NONE',  ( 1.999999999999995337, 0.000000000000000000, 1.125000000000007994 ) ) ;
#3833 = ADVANCED_FACE ( 'NONE', ( #3034 ), #2298, .T. ) ;
#3834 = EDGE_CURVE ( 'NONE', #2221, #3421, #4475, .T. ) ;
#3835 = CARTESIAN_POINT ( 'NONE',  ( 1.600000000000000533, 0.000000000000000000, -0.3749999999999930056 ) ) ;
#3836 = DIRECTION ( 'NONE',  ( 3.491481338843133355E-15, 0.000000000000000000, -1.000000000000000000 ) ) ;
#3837 = PLANE ( 'NONE',  #4865 ) ;
#3838 = DIRECTION ( 'NONE',  ( -3.708321773340234242E-15, 0.000000000000000000, 1.000000000000000000 ) ) ;
#3839 = EDGE_CURVE ( 'NONE', #1221, #4872, #3382, .T. ) ;
#3840 = EDGE_CURVE ( 'NONE', #1860, #2492, #3010, .T. ) ;
#3841 = EDGE_CURVE ( 'NONE', #4611, #1270, #1084, .T. ) ;
#3842 = CARTESIAN_POINT ( 'NONE',  ( 1.599999999999999645, 0.5716990566028307130, -0.1249999999999940881 ) ) ;
#3843 = FILL_AREA_STYLE ('',( #3943 ) ) ;
#3844 = EDGE_CURVE ( 'NONE', #3612, #1827, #1842, .T. ) ;
#3845 = CARTESIAN_POINT ( 'NONE',  ( 1.600000000000002309, 0.000000000000000000, -0.8749999999999930056 ) ) ;
#3846 = CARTESIAN_POINT ( 'NONE',  ( -1.600000000000000977, 0.1000000000000000056, 0.3749999999999951705 ) ) ;
#3847 = ORIENTED_EDGE ( 'NONE', *, *, #4883, .T. ) ;
#3848 = EDGE_CURVE ( 'NONE', #2981, #4546, #1065, .T. ) ;
#3849 = FACE_OUTER_BOUND ( 'NONE', #2460, .T. ) ;
#3850 = VERTEX_POINT ( 'NONE', #2248 ) ;
#3851 = ORIENTED_EDGE ( 'NONE', *, *, #2817, .F. ) ;
#3852 = EDGE_LOOP ( 'NONE', ( #3929, #2847, #3173, #4304 ) ) ;
#3853 = DIRECTION ( 'NONE',  ( -0.000000000000000000, -1.000000000000000000, 0.000000000000000000 ) ) ;
#3854 = VERTEX_POINT ( 'NONE', #4128 ) ;
#3855 = CARTESIAN_POINT ( 'NONE',  ( -1.999999999999999556, 0.000000000000000000, 0.1249999999999944211 ) ) ;
#3856 = DIRECTION ( 'NONE',  ( 0.000000000000000000, -0.000000000000000000, 1.000000000000000000 ) ) ;
#3857 = PLANE ( 'NONE',  #2566 ) ;
#3858 = CARTESIAN_POINT ( 'NONE',  ( 1.600000000000002309, 0.1000000000000000056, -0.8749999999999930056 ) ) ;
#3859 = DIRECTION ( 'NONE',  ( 0.000000000000000000, 0.000000000000000000, -1.000000000000000000 ) ) ;
#3860 = DIRECTION ( 'NONE',  ( 0.000000000000000000, -1.000000000000000000, 0.000000000000000000 ) ) ;
#3861 = LINE ( 'NONE', #3552, #77 ) ;
#3862 = PLANE ( 'NONE',  #562 ) ;
#3863 = CARTESIAN_POINT ( 'NONE',  ( 1.999999999999992228, 0.8000000000000003775, 2.000000000000006217 ) ) ;
#3864 = CARTESIAN_POINT ( 'NONE',  ( -2.000000000000003109, 0.09999999999999999167, 1.124999999999994449 ) ) ;
#3865 = ORIENTED_EDGE ( 'NONE', *, *, #4718, .F. ) ;
#3866 = LINE ( 'NONE', #2361, #2633 ) ;
#3867 = VECTOR ( 'NONE', #1262, 1000.000000000000114 ) ;
#3868 = ORIENTED_EDGE ( 'NONE', *, *, #3325, .T. ) ;
#3869 = ORIENTED_EDGE ( 'NONE', *, *, #995, .F. ) ;
#3870 = PRODUCT_DEFINITION_SHAPE ( 'NONE', 'NONE',  #1816 ) ;
#3871 = EDGE_CURVE ( 'NONE', #577, #2876, #2647, .T. ) ;
#3872 = VECTOR ( 'NONE', #4550, 1000.000000000000000 ) ;
#3873 = PRESENTATION_STYLE_ASSIGNMENT (( #2488 ) ) ;
#3874 = CARTESIAN_POINT ( 'NONE',  ( -1.599999999999994094, 0.1000000000000000056, -1.625000000000004885 ) ) ;
#3875 = ORIENTED_EDGE ( 'NONE', *, *, #2319, .F. ) ;
#3876 = ORIENTED_EDGE ( 'NONE', *, *, #2196, .T. ) ;
#3877 = DIRECTION ( 'NONE',  ( -3.491481338843133355E-15, 0.000000000000000000, 1.000000000000000000 ) ) ;
#3878 = DIRECTION ( 'NONE',  ( -3.383061121594582912E-15, 0.000000000000000000, 1.000000000000000000 ) ) ;
#3879 = VECTOR ( 'NONE', #298, 1000.000000000000000 ) ;
#3880 = CARTESIAN_POINT ( 'NONE',  ( 1.999999999999996225, 0.1000000000000000056, 0.8750000000000073275 ) ) ;
#3881 = CARTESIAN_POINT ( 'NONE',  ( 1.599999999999998757, 0.09999999999999999167, 0.1250000000000069944 ) ) ;
#3882 = ADVANCED_FACE ( 'NONE', ( #740 ), #3708, .T. ) ;
#3883 = COLOUR_RGB ( '',0.7921568627450980005, 0.8196078431372548767, 0.9333333333333333481 ) ;
#3884 = FACE_OUTER_BOUND ( 'NONE', #1194, .T. ) ;
#3885 = CARTESIAN_POINT ( 'NONE',  ( 1.999999999999993561, 0.1000000000000000056, 1.625000000000007994 ) ) ;
#3886 = CARTESIAN_POINT ( 'NONE',  ( -2.000000000000007994, 0.8000000000000003775, 1.999999999999992228 ) ) ;
#3887 = AXIS2_PLACEMENT_3D ( 'NONE', #2209, #161, #3701 ) ;
#3888 = ORIENTED_EDGE ( 'NONE', *, *, #4010, .T. ) ;
#3889 = CARTESIAN_POINT ( 'NONE',  ( -1.600000000000002753, 0.09999999999999999167, 0.8749999999999951150 ) ) ;
#3890 = SURFACE_STYLE_USAGE ( .BOTH. , #4307 ) ;
#3891 = AXIS2_PLACEMENT_3D ( 'NONE', #1581, #3911, #457 ) ;
#3892 = CARTESIAN_POINT ( 'NONE',  ( 1.599999999999996092, 0.09999999999999999167, 0.8750000000000059952 ) ) ;
#3893 = FILL_AREA_STYLE_COLOUR ( '', #1613 ) ;
#3894 = EDGE_CURVE ( 'NONE', #3612, #207, #3758, .T. ) ;
#3895 = VERTEX_POINT ( 'NONE', #205 ) ;
#3896 = PLANE ( 'NONE',  #3783 ) ;
#3897 = VECTOR ( 'NONE', #1078, 1000.000000000000000 ) ;
#3898 = EDGE_CURVE ( 'NONE', #2088, #2006, #2900, .T. ) ;
#3899 = ORIENTED_EDGE ( 'NONE', *, *, #4860, .T. ) ;
#3900 = ORIENTED_EDGE ( 'NONE', *, *, #1901, .F. ) ;
#3901 = VECTOR ( 'NONE', #2819, 1000.000000000000000 ) ;
#3902 = DIRECTION ( 'NONE',  ( 0.000000000000000000, -1.000000000000000000, 0.000000000000000000 ) ) ;
#3903 = CARTESIAN_POINT ( 'NONE',  ( -1.600000000000003642, 0.1000000000000000056, 1.124999999999996225 ) ) ;
#3904 = ORIENTED_EDGE ( 'NONE', *, *, #4329, .T. ) ;
#3905 = ORIENTED_EDGE ( 'NONE', *, *, #1642, .T. ) ;
#3906 = EDGE_CURVE ( 'NONE', #2142, #1653, #2870, .T. ) ;
#3907 = CARTESIAN_POINT ( 'NONE',  ( 1.999999999999992228, 0.000000000000000000, 2.000000000000006217 ) ) ;
#3908 = MECHANICAL_DESIGN_GEOMETRIC_PRESENTATION_REPRESENTATION (  '', ( #498 ), #905 ) ;
#3909 = EDGE_CURVE ( 'NONE', #991, #2385, #4384, .T. ) ;
#3910 = VECTOR ( 'NONE', #3621, 1000.000000000000000 ) ;
#3911 = DIRECTION ( 'NONE',  ( 1.000000000000000000, 0.000000000000000000, 3.491481338843133355E-15 ) ) ;
#3912 = DIRECTION ( 'NONE',  ( -0.000000000000000000, -1.000000000000000000, 0.000000000000000000 ) ) ;
#3913 = DIRECTION ( 'NONE',  ( -0.7071067811865511255, -0.000000000000000000, 0.7071067811865440200 ) ) ;
#3914 = DIRECTION ( 'NONE',  ( 0.000000000000000000, -1.000000000000000000, 0.000000000000000000 ) ) ;
#3915 = CARTESIAN_POINT ( 'NONE',  ( -1.599999999999994982, 0.5716990566028307130, -1.375000000000003775 ) ) ;
#3916 = LINE ( 'NONE', #201, #3910 ) ;
#3917 = PRESENTATION_LAYER_ASSIGNMENT (  '', '', ( #3685 ) ) ;
#3918 = DIRECTION ( 'NONE',  ( -1.000000000000000000, 0.000000000000000000, -3.491481338843133355E-15 ) ) ;
#3919 = LINE ( 'NONE', #494, #332 ) ;
#3920 = DIRECTION ( 'NONE',  ( 0.000000000000000000, -1.000000000000000000, 0.000000000000000000 ) ) ;
#3921 = DIRECTION ( 'NONE',  ( 1.000000000000000000, 0.000000000000000000, 4.575683511328639367E-15 ) ) ;
#3922 = ORIENTED_EDGE ( 'NONE', *, *, #1642, .F. ) ;
#3923 = CARTESIAN_POINT ( 'NONE',  ( -1.249999999999986677, 0.000000000000000000, -1.250000000000011990 ) ) ;
#3924 = VERTEX_POINT ( 'NONE', #4089 ) ;
#3925 = VERTEX_POINT ( 'NONE', #4023 ) ;
#3926 =( LENGTH_UNIT ( ) NAMED_UNIT ( * ) SI_UNIT ( .MILLI., .METRE. ) );
#3927 = VERTEX_POINT ( 'NONE', #3626 ) ;
#3928 = CARTESIAN_POINT ( 'NONE',  ( -1.999999999999994449, 0.1000000000000000056, -1.375000000000005551 ) ) ;
#3929 = ORIENTED_EDGE ( 'NONE', *, *, #2046, .F. ) ;
#3930 = EDGE_LOOP ( 'NONE', ( #501, #2873, #3607, #345 ) ) ;
#3931 = CARTESIAN_POINT ( 'NONE',  ( -1.599999999999998312, 0.000000000000000000, -0.3750000000000037748 ) ) ;
#3932 = EDGE_CURVE ( 'NONE', #2432, #362, #4404, .T. ) ;
#3933 = ADVANCED_FACE ( 'NONE', ( #4461 ), #2135, .T. ) ;
#3934 = DIRECTION ( 'NONE',  ( 0.000000000000000000, -1.000000000000000000, 0.000000000000000000 ) ) ;
#3935 = CARTESIAN_POINT ( 'NONE',  ( -1.599999999999998312, 0.1000000000000000056, -0.3750000000000037748 ) ) ;
#3936 = EDGE_CURVE ( 'NONE', #4720, #1890, #2921, .T. ) ;
#3937 = DIRECTION ( 'NONE',  ( 0.000000000000000000, -1.000000000000000000, 0.000000000000000000 ) ) ;
#3938 = FACE_OUTER_BOUND ( 'NONE', #2537, .T. ) ;
#3939 = LINE ( 'NONE', #2820, #1705 ) ;
#3940 = EDGE_LOOP ( 'NONE', ( #1979, #1244, #4086, #3487 ) ) ;
#3941 = VERTEX_POINT ( 'NONE', #1038 ) ;
#3942 = CARTESIAN_POINT ( 'NONE',  ( -2.000000000000003997, 0.09999999999999999167, 1.374999999999993783 ) ) ;
#3943 = FILL_AREA_STYLE_COLOUR ( '', #1762 ) ;
#3944 = DIRECTION ( 'NONE',  ( 1.000000000000000000, 0.000000000000000000, 3.491481338843133355E-15 ) ) ;
#3945 = DIRECTION ( 'NONE',  ( 1.000000000000000000, -0.000000000000000000, 3.491481338843133355E-15 ) ) ;
#3946 = ORIENTED_EDGE ( 'NONE', *, *, #778, .T. ) ;
#3947 = CARTESIAN_POINT ( 'NONE',  ( -1.999999999999996225, 0.1000000000000000056, -0.8750000000000055511 ) ) ;
#3948 = ORIENTED_EDGE ( 'NONE', *, *, #662, .F. ) ;
#3949 = ORIENTED_EDGE ( 'NONE', *, *, #2232, .F. ) ;
#3950 = EDGE_CURVE ( 'NONE', #1223, #4236, #669, .T. ) ;
#3951 = SURFACE_SIDE_STYLE ('',( #2004 ) ) ;
#3952 = ORIENTED_EDGE ( 'NONE', *, *, #4725, .T. ) ;
#3953 = VECTOR ( 'NONE', #4332, 1000.000000000000000 ) ;
#3954 = CARTESIAN_POINT ( 'NONE',  ( -1.999999999999997780, 0.1000000000000000056, -0.3750000000000056066 ) ) ;
#3955 = ORIENTED_EDGE ( 'NONE', *, *, #4502, .T. ) ;
#3956 = ORIENTED_EDGE ( 'NONE', *, *, #2709, .T. ) ;
#3957 = CARTESIAN_POINT ( 'NONE',  ( -1.599999999999998312, 0.1000000000000000056, -0.3750000000000037748 ) ) ;
#3958 = FACE_OUTER_BOUND ( 'NONE', #896, .T. ) ;
#3959 = VECTOR ( 'NONE', #1825, 1000.000000000000000 ) ;
#3960 = DIRECTION ( 'NONE',  ( -1.000000000000000000, 0.000000000000000000, -3.491481338843133750E-15 ) ) ;
#3961 = VECTOR ( 'NONE', #4651, 1000.000000000000000 ) ;
#3962 = DIRECTION ( 'NONE',  ( -1.000000000000000000, 0.000000000000000000, -3.491481338843133355E-15 ) ) ;
#3963 = UNCERTAINTY_MEASURE_WITH_UNIT (LENGTH_MEASURE( 1.000000000000000082E-05 ), #3926, 'distance_accuracy_value', 'NONE');
#3964 = CARTESIAN_POINT ( 'NONE',  ( -1.999999999999994449, 7.256854249492380227, -2.000000000000007994 ) ) ;
#3965 = DIRECTION ( 'NONE',  ( -3.491481338843133355E-15, 0.000000000000000000, 1.000000000000000000 ) ) ;
#3966 = VERTEX_POINT ( 'NONE', #2939 ) ;
#3967 = ORIENTED_EDGE ( 'NONE', *, *, #2465, .F. ) ;
#3968 = VECTOR ( 'NONE', #3960, 1000.000000000000000 ) ;
#3969 = CARTESIAN_POINT ( 'NONE',  ( 0.000000000000000000, 0.1000000000000000056, 0.000000000000000000 ) ) ;
#3970 = EDGE_CURVE ( 'NONE', #363, #1290, #2153, .T. ) ;
#3971 = VECTOR ( 'NONE', #1015, 1000.000000000000000 ) ;
#3972 = DIRECTION ( 'NONE',  ( 2.407279166357628921E-15, 0.000000000000000000, -1.000000000000000000 ) ) ;
#3973 = EDGE_CURVE ( 'NONE', #203, #342, #2578, .T. ) ;
#3974 = ORIENTED_EDGE ( 'NONE', *, *, #2919, .F. ) ;
#3975 = PLANE ( 'NONE',  #2235 ) ;
#3976 = DIRECTION ( 'NONE',  ( 0.000000000000000000, -1.000000000000000000, 0.000000000000000000 ) ) ;
#3977 = ORIENTED_EDGE ( 'NONE', *, *, #3840, .F. ) ;
#3978 = AXIS2_PLACEMENT_3D ( 'NONE', #4861, #2993, #4476 ) ;
#3979 = EDGE_CURVE ( 'NONE', #4543, #895, #3262, .T. ) ;
#3980 = VECTOR ( 'NONE', #2212, 1000.000000000000000 ) ;
#3981 = ORIENTED_EDGE ( 'NONE', *, *, #2747, .T. ) ;
#3982 = VECTOR ( 'NONE', #419, 1000.000000000000000 ) ;
#3983 = PLANE ( 'NONE',  #4207 ) ;
#3984 = ORIENTED_EDGE ( 'NONE', *, *, #1063, .T. ) ;
#3985 = ORIENTED_EDGE ( 'NONE', *, *, #2311, .T. ) ;
#3986 = CARTESIAN_POINT ( 'NONE',  ( -1.600000000000003642, 0.000000000000000000, 1.124999999999996225 ) ) ;
#3987 = VECTOR ( 'NONE', #1190, 1000.000000000000000 ) ;
#3988 = EDGE_CURVE ( 'NONE', #1597, #362, #3648, .T. ) ;
#3989 = ORIENTED_EDGE ( 'NONE', *, *, #475, .F. ) ;
#3990 = MECHANICAL_DESIGN_GEOMETRIC_PRESENTATION_REPRESENTATION (  '', ( #741 ), #2588 ) ;
#3991 = DIRECTION ( 'NONE',  ( -3.491481338843133355E-15, 0.000000000000000000, 1.000000000000000000 ) ) ;
#3992 = AXIS2_PLACEMENT_3D ( 'NONE', #4202, #810, #2352 ) ;
#3993 = CARTESIAN_POINT ( 'NONE',  ( 1.599999999999996980, 0.000000000000000000, 0.6250000000000071054 ) ) ;
#3994 = EDGE_CURVE ( 'NONE', #3941, #347, #1070, .T. ) ;
#3995 = LINE ( 'NONE', #1744, #1044 ) ;
#3996 = VERTEX_POINT ( 'NONE', #1445 ) ;
#3997 = ORIENTED_EDGE ( 'NONE', *, *, #2765, .F. ) ;
#3998 = CARTESIAN_POINT ( 'NONE',  ( 1.599999999999993650, 0.5716990566028307130, 1.625000000000007105 ) ) ;
#3999 = ADVANCED_FACE ( 'NONE', ( #2203 ), #1371, .T. ) ;
#4000 = VECTOR ( 'NONE', #1566, 1000.000000000000000 ) ;
#4001 = EDGE_CURVE ( 'NONE', #765, #4682, #695, .T. ) ;
#4002 = ADVANCED_FACE ( 'NONE', ( #1721, #1337 ), #4787, .F. ) ;
#4003 = DIRECTION ( 'NONE',  ( 0.000000000000000000, -1.000000000000000000, 0.000000000000000000 ) ) ;
#4004 = FACE_OUTER_BOUND ( 'NONE', #1298, .T. ) ;
#4005 = EDGE_CURVE ( 'NONE', #149, #2639, #3044, .T. ) ;
#4006 = ORIENTED_EDGE ( 'NONE', *, *, #2751, .F. ) ;
#4007 = DIRECTION ( 'NONE',  ( 1.000000000000000000, 0.000000000000000000, 3.383061121594582912E-15 ) ) ;
#4008 = ORIENTED_EDGE ( 'NONE', *, *, #1002, .F. ) ;
#4009 = ORIENTED_EDGE ( 'NONE', *, *, #1956, .F. ) ;
#4010 = EDGE_CURVE ( 'NONE', #3580, #958, #2256, .T. ) ;
#4011 = ORIENTED_EDGE ( 'NONE', *, *, #370, .T. ) ;
#4012 = LINE ( 'NONE', #582, #732 ) ;
#4013 = VERTEX_POINT ( 'NONE', #1848 ) ;
#4014 = VERTEX_POINT ( 'NONE', #2327 ) ;
#4015 = ORIENTED_EDGE ( 'NONE', *, *, #381, .T. ) ;
#4016 = FACE_OUTER_BOUND ( 'NONE', #1718, .T. ) ;
#4017 = ADVANCED_FACE ( 'NONE', ( #3764 ), #811, .F. ) ;
#4018 = CARTESIAN_POINT ( 'NONE',  ( -1.600000000000001865, 0.000000000000000000, 0.6249999999999962252 ) ) ;
#4019 = UNCERTAINTY_MEASURE_WITH_UNIT (LENGTH_MEASURE( 1.000000000000000082E-05 ), #4875, 'distance_accuracy_value', 'NONE');
#4020 = DIRECTION ( 'NONE',  ( -1.000000000000000000, 0.000000000000000000, -3.491481338843133750E-15 ) ) ;
#4021 = EDGE_LOOP ( 'NONE', ( #2120, #3821, #1788, #2085 ) ) ;
#4022 = LINE ( 'NONE', #2175, #2872 ) ;
#4023 = CARTESIAN_POINT ( 'NONE',  ( 1.600000000000002309, 0.000000000000000000, -0.8749999999999930056 ) ) ;
#4024 = DIRECTION ( 'NONE',  ( 2.407279166357628921E-15, 0.000000000000000000, -1.000000000000000000 ) ) ;
#4025 = ORIENTED_EDGE ( 'NONE', *, *, #144, .F. ) ;
#4026 = CARTESIAN_POINT ( 'NONE',  ( 0.000000000000000000, 0.000000000000000000, 0.000000000000000000 ) ) ;
#4027 = DIRECTION ( 'NONE',  ( -1.000000000000000000, 0.000000000000000000, -3.491481338843133355E-15 ) ) ;
#4028 = ORIENTED_EDGE ( 'NONE', *, *, #3497, .F. ) ;
#4029 = DIRECTION ( 'NONE',  ( -3.491481338843133355E-15, 0.000000000000000000, 1.000000000000000000 ) ) ;
#4030 = ORIENTED_EDGE ( 'NONE', *, *, #690, .T. ) ;
#4031 = DIRECTION ( 'NONE',  ( 1.000000000000000000, 0.000000000000000000, 2.407279166357628921E-15 ) ) ;
#4032 = ORIENTED_EDGE ( 'NONE', *, *, #1798, .F. ) ;
#4033 = ORIENTED_EDGE ( 'NONE', *, *, #3467, .F. ) ;
#4034 = EDGE_CURVE ( 'NONE', #3466, #1148, #2301, .T. ) ;
#4035 = ORIENTED_EDGE ( 'NONE', *, *, #4322, .T. ) ;
#4036 = CARTESIAN_POINT ( 'NONE',  ( 1.599999999999996092, 0.000000000000000000, 0.8750000000000059952 ) ) ;
#4037 = VECTOR ( 'NONE', #1712, 1000.000000000000000 ) ;
#4038 = FACE_OUTER_BOUND ( 'NONE', #672, .T. ) ;
#4039 = FACE_OUTER_BOUND ( 'NONE', #75, .T. ) ;
#4040 = ORIENTED_EDGE ( 'NONE', *, *, #3026, .T. ) ;
#4041 = ADVANCED_FACE ( 'NONE', ( #3456 ), #4575, .F. ) ;
#4042 = DIRECTION ( 'NONE',  ( -1.000000000000000000, 0.000000000000000000, -3.491481338843133355E-15 ) ) ;
#4043 = DIRECTION ( 'NONE',  ( -1.000000000000000000, 0.000000000000000000, -4.575683511328639367E-15 ) ) ;
#4044 = AXIS2_PLACEMENT_3D ( 'NONE', #304, #1753, #1826 ) ;
#4045 = CARTESIAN_POINT ( 'NONE',  ( 0.000000000000000000, 0.000000000000000000, 0.000000000000000000 ) ) ;
#4046 = AXIS2_PLACEMENT_3D ( 'NONE', #2303, #3371, #4507 ) ;
#4047 = ORIENTED_EDGE ( 'NONE', *, *, #4752, .T. ) ;
#4048 = LINE ( 'NONE', #1012, #1428 ) ;
#4049 = CARTESIAN_POINT ( 'NONE',  ( 1.999999999999993561, 0.1000000000000000056, 1.625000000000007994 ) ) ;
#4050 = VERTEX_POINT ( 'NONE', #2283 ) ;
#4051 = FACE_OUTER_BOUND ( 'NONE', #3258, .T. ) ;
#4052 = VECTOR ( 'NONE', #737, 1000.000000000000000 ) ;
#4053 = LINE ( 'NONE', #4095, #3672 ) ;
#4054 = ORIENTED_EDGE ( 'NONE', *, *, #223, .F. ) ;
#4055 = EDGE_CURVE ( 'NONE', #704, #902, #1539, .T. ) ;
#4056 = DIRECTION ( 'NONE',  ( -0.000000000000000000, -1.000000000000000000, 0.000000000000000000 ) ) ;
#4057 = VECTOR ( 'NONE', #1805, 1000.000000000000000 ) ;
#4058 = ORIENTED_EDGE ( 'NONE', *, *, #2232, .T. ) ;
#4059 = ORIENTED_EDGE ( 'NONE', *, *, #871, .T. ) ;
#4060 = PRESENTATION_LAYER_ASSIGNMENT (  '', '', ( #800 ) ) ;
#4061 = EDGE_LOOP ( 'NONE', ( #1165, #1928, #1650, #256 ) ) ;
#4062 = EDGE_CURVE ( 'NONE', #957, #3332, #354, .T. ) ;
#4063 = AXIS2_PLACEMENT_3D ( 'NONE', #4165, #294, #1813 ) ;
#4064 = CARTESIAN_POINT ( 'NONE',  ( -1.300000000000005151, 4.069886648255841344, 1.499999999999995781 ) ) ;
#4065 = VECTOR ( 'NONE', #2146, 1000.000000000000000 ) ;
#4066 = CARTESIAN_POINT ( 'NONE',  ( 1.999999999999997113, 0.09999999999999999167, 0.6250000000000078826 ) ) ;
#4067 = VECTOR ( 'NONE', #2660, 1000.000000000000000 ) ;
#4068 = FACE_OUTER_BOUND ( 'NONE', #2505, .T. ) ;
#4069 = ORIENTED_EDGE ( 'NONE', *, *, #2282, .T. ) ;
#4070 = FACE_OUTER_BOUND ( 'NONE', #4903, .T. ) ;
#4071 = MECHANICAL_DESIGN_GEOMETRIC_PRESENTATION_REPRESENTATION (  '', ( #4459 ), #2192 ) ;
#4072 = CARTESIAN_POINT ( 'NONE',  ( 1.600000000000004752, 0.1000000000000000056, -1.624999999999994005 ) ) ;
#4073 = FACE_OUTER_BOUND ( 'NONE', #922, .T. ) ;
#4074 = ORIENTED_EDGE ( 'NONE', *, *, #3936, .F. ) ;
#4075 = ORIENTED_EDGE ( 'NONE', *, *, #1893, .F. ) ;
#4076 = CARTESIAN_POINT ( 'NONE',  ( -1.047444401652940007E-14, 0.1000000000000000056, 3.000000000000000000 ) ) ;
#4077 = FACE_OUTER_BOUND ( 'NONE', #4260, .T. ) ;
#4078 = ORIENTED_EDGE ( 'NONE', *, *, #739, .T. ) ;
#4079 = LINE ( 'NONE', #3748, #3980 ) ;
#4080 = ORIENTED_EDGE ( 'NONE', *, *, #837, .T. ) ;
#4081 = ORIENTED_EDGE ( 'NONE', *, *, #4185, .F. ) ;
#4082 = VERTEX_POINT ( 'NONE', #47 ) ;
#4083 = CARTESIAN_POINT ( 'NONE',  ( -1.599999999999994982, 0.1000000000000000056, -1.375000000000003775 ) ) ;
#4084 = DIRECTION ( 'NONE',  ( -0.000000000000000000, -1.000000000000000000, 0.000000000000000000 ) ) ;
#4085 = PRESENTATION_STYLE_ASSIGNMENT (( #3690 ) ) ;
#4086 = ORIENTED_EDGE ( 'NONE', *, *, #4001, .F. ) ;
#4087 = CARTESIAN_POINT ( 'NONE',  ( 1.999999999999998668, 0.5716990566028307130, 0.1250000000000079659 ) ) ;
#4088 = ADVANCED_FACE ( 'NONE', ( #3386 ), #4504, .F. ) ;
#4089 = CARTESIAN_POINT ( 'NONE',  ( -1.300000000000005151, 0.000000000000000000, 1.499999999999995781 ) ) ;
#4090 = LINE ( 'NONE', #1417, #815 ) ;
#4091 = EDGE_LOOP ( 'NONE', ( #3294, #868, #3170, #2057 ) ) ;
#4092 = PLANE ( 'NONE',  #2156 ) ;
#4093 = CARTESIAN_POINT ( 'NONE',  ( -1.562969075405719499, 0.8000000000000000444, -1.397304738165844995 ) ) ;
#4094 = DIRECTION ( 'NONE',  ( 1.000000000000000000, 0.000000000000000000, 4.575683511328639367E-15 ) ) ;
#4095 = CARTESIAN_POINT ( 'NONE',  ( -1.599999999999994982, 0.09999999999999999167, -1.375000000000003775 ) ) ;
#4096 = LINE ( 'NONE', #1454, #4453 ) ;
#4097 = CARTESIAN_POINT ( 'NONE',  ( -1.562969075405719499, 0.8000000000000000444, -1.549137490667618522 ) ) ;
#4098 = ORIENTED_EDGE ( 'NONE', *, *, #4348, .F. ) ;
#4099 = VERTEX_POINT ( 'NONE', #4892 ) ;
#4100 = ADVANCED_FACE ( 'NONE', ( #3714 ), #1490, .F. ) ;
#4101 = ORIENTED_EDGE ( 'NONE', *, *, #2253, .T. ) ;
#4102 = DIRECTION ( 'NONE',  ( -3.491481338843133355E-15, 0.000000000000000000, 1.000000000000000000 ) ) ;
#4103 = VERTEX_POINT ( 'NONE', #1183 ) ;
#4104 = FACE_OUTER_BOUND ( 'NONE', #4146, .T. ) ;
#4105 = EDGE_CURVE ( 'NONE', #1431, #1321, #4912, .T. ) ;
#4106 = DIRECTION ( 'NONE',  ( 0.000000000000000000, -1.000000000000000000, 0.000000000000000000 ) ) ;
#4107 = VECTOR ( 'NONE', #74, 1000.000000000000000 ) ;
#4108 = FACE_OUTER_BOUND ( 'NONE', #1501, .T. ) ;
#4109 = VECTOR ( 'NONE', #1610, 1000.000000000000000 ) ;
#4110 = CARTESIAN_POINT ( 'NONE',  ( 1.600000000000001421, 0.1000000000000000056, -0.6249999999999940048 ) ) ;
#4111 = CARTESIAN_POINT ( 'NONE',  ( 1.999999999999997113, 0.09999999999999999167, 0.6250000000000078826 ) ) ;
#4112 = ORIENTED_EDGE ( 'NONE', *, *, #3909, .F. ) ;
#4113 = EDGE_CURVE ( 'NONE', #4796, #1704, #4175, .T. ) ;
#4114 = CARTESIAN_POINT ( 'NONE',  ( 1.600000000000004086, 0.000000000000000000, -1.374999999999992895 ) ) ;
#4115 = CARTESIAN_POINT ( 'NONE',  ( 1.999999999999994449, 0.000000000000000000, 1.375000000000007327 ) ) ;
#4116 = VECTOR ( 'NONE', #1973, 1000.000000000000000 ) ;
#4117 = CARTESIAN_POINT ( 'NONE',  ( 1.600000000000004086, 0.000000000000000000, -1.374999999999992895 ) ) ;
#4118 = FACE_OUTER_BOUND ( 'NONE', #4659, .T. ) ;
#4119 = EDGE_LOOP ( 'NONE', ( #1703, #630, #1756, #657 ) ) ;
#4120 = ORIENTED_EDGE ( 'NONE', *, *, #4725, .F. ) ;
#4121 = VECTOR ( 'NONE', #240, 1000.000000000000000 ) ;
#4122 = EDGE_LOOP ( 'NONE', ( #3684, #3822, #583, #1413 ) ) ;
#4123 = DIRECTION ( 'NONE',  ( -0.000000000000000000, -1.000000000000000000, -0.000000000000000000 ) ) ;
#4124 = VERTEX_POINT ( 'NONE', #1471 ) ;
#4125 = EDGE_CURVE ( 'NONE', #3828, #577, #1090, .T. ) ;
#4126 = DIRECTION ( 'NONE',  ( -1.000000000000000000, 0.000000000000000000, -3.383061121594582912E-15 ) ) ;
#4127 =( GEOMETRIC_REPRESENTATION_CONTEXT ( 3 ) GLOBAL_UNCERTAINTY_ASSIGNED_CONTEXT ( ( #1232 ) ) GLOBAL_UNIT_ASSIGNED_CONTEXT ( ( #3056, #1152, #1605 ) ) REPRESENTATION_CONTEXT ( 'NONE', 'WORKASPACE' ) );
#4128 = CARTESIAN_POINT ( 'NONE',  ( -1.999999999999993561, 0.09999999999999999167, -1.625000000000006217 ) ) ;
#4129 = DIRECTION ( 'NONE',  ( 1.000000000000000000, 0.000000000000000000, 3.491481338843133355E-15 ) ) ;
#4130 = VECTOR ( 'NONE', #157, 1000.000000000000000 ) ;
#4131 = VECTOR ( 'NONE', #2532, 1000.000000000000000 ) ;
#4132 = DIRECTION ( 'NONE',  ( -1.000000000000000000, 0.000000000000000000, -3.491481338843133750E-15 ) ) ;
#4133 = ADVANCED_FACE ( 'NONE', ( #1514 ), #4135, .T. ) ;
#4134 = VECTOR ( 'NONE', #3555, 1000.000000000000000 ) ;
#4135 = PLANE ( 'NONE',  #963 ) ;
#4136 = FILL_AREA_STYLE_COLOUR ( '', #3673 ) ;
#4137 = ORIENTED_EDGE ( 'NONE', *, *, #4185, .T. ) ;
#4138 = CARTESIAN_POINT ( 'NONE',  ( 1.599999999999994538, 0.000000000000000000, 1.375000000000005995 ) ) ;
#4139 = VECTOR ( 'NONE', #4711, 1000.000000000000000 ) ;
#4140 = EDGE_CURVE ( 'NONE', #3996, #1652, #4531, .T. ) ;
#4141 = EDGE_CURVE ( 'NONE', #1261, #4528, #2679, .T. ) ;
#4142 = ADVANCED_FACE ( 'NONE', ( #1917 ), #22, .T. ) ;
#4143 = LINE ( 'NONE', #1475, #4150 ) ;
#4144 = VECTOR ( 'NONE', #245, 1000.000000000000000 ) ;
#4145 = LINE ( 'NONE', #1020, #3897 ) ;
#4146 = EDGE_LOOP ( 'NONE', ( #2091, #3399, #2174, #3563 ) ) ;
#4147 = ORIENTED_EDGE ( 'NONE', *, *, #3973, .T. ) ;
#4148 = EDGE_CURVE ( 'NONE', #3054, #183, #1692, .T. ) ;
#4149 = VERTEX_POINT ( 'NONE', #93 ) ;
#4150 = VECTOR ( 'NONE', #1520, 1000.000000000000000 ) ;
#4151 = VERTEX_POINT ( 'NONE', #4628 ) ;
#4152 = LINE ( 'NONE', #1483, #1996 ) ;
#4153 = CARTESIAN_POINT ( 'NONE',  ( 0.000000000000000000, 0.000000000000000000, 0.000000000000000000 ) ) ;
#4154 = CARTESIAN_POINT ( 'NONE',  ( -1.600000000000005196, 0.000000000000000000, 1.624999999999996225 ) ) ;
#4155 = ADVANCED_FACE ( 'NONE', ( #3938 ), #910, .F. ) ;
#4156 = CARTESIAN_POINT ( 'NONE',  ( -1.600000000000000089, 0.000000000000000000, 0.1249999999999962669 ) ) ;
#4157 = DIRECTION ( 'NONE',  ( 0.000000000000000000, -1.000000000000000000, 0.000000000000000000 ) ) ;
#4158 = FILL_AREA_STYLE ('',( #3087 ) ) ;
#4159 = PLANE ( 'NONE',  #38 ) ;
#4160 = DIRECTION ( 'NONE',  ( -1.000000000000000000, 0.000000000000000000, -3.491481338843133750E-15 ) ) ;
#4161 = CARTESIAN_POINT ( 'NONE',  ( -1.600000000000000089, 0.1000000000000000056, 0.1249999999999962669 ) ) ;
#4162 = ORIENTED_EDGE ( 'NONE', *, *, #2624, .T. ) ;
#4163 = ORIENTED_EDGE ( 'NONE', *, *, #2568, .T. ) ;
#4164 = EDGE_LOOP ( 'NONE', ( #2944, #4613, #4120, #3352 ) ) ;
#4165 = CARTESIAN_POINT ( 'NONE',  ( 1.999999999999993561, 0.5716990566028307130, 1.625000000000007994 ) ) ;
#4166 = ORIENTED_EDGE ( 'NONE', *, *, #1951, .F. ) ;
#4167 = EDGE_CURVE ( 'NONE', #3488, #1706, #4276, .T. ) ;
#4168 = DIRECTION ( 'NONE',  ( 3.383061121594582912E-15, 0.000000000000000000, -1.000000000000000000 ) ) ;
#4169 = DIRECTION ( 'NONE',  ( 1.000000000000000000, 0.000000000000000000, 3.491481338843133355E-15 ) ) ;
#4170 = CARTESIAN_POINT ( 'NONE',  ( 1.600000000000002309, 0.5716990566028307130, -0.8749999999999930056 ) ) ;
#4171 = FACE_OUTER_BOUND ( 'NONE', #1430, .T. ) ;
#4172 = DIRECTION ( 'NONE',  ( 3.491481338843133355E-15, 0.000000000000000000, -1.000000000000000000 ) ) ;
#4173 = CARTESIAN_POINT ( 'NONE',  ( -1.600000000000000089, 0.5716990566028307130, 0.1249999999999962669 ) ) ;
#4174 = EDGE_CURVE ( 'NONE', #4506, #4050, #4704, .T. ) ;
#4175 = LINE ( 'NONE', #1949, #2891 ) ;
#4176 = CARTESIAN_POINT ( 'NONE',  ( -1.599999999999997424, 0.5716990566028307130, -0.6250000000000048850 ) ) ;
#4177 = DIRECTION ( 'NONE',  ( -1.000000000000000000, 0.000000000000000000, -3.491481338843133355E-15 ) ) ;
#4178 = VECTOR ( 'NONE', #44, 1000.000000000000000 ) ;
#4179 = EDGE_CURVE ( 'NONE', #1652, #1860, #1615, .T. ) ;
#4180 = DIRECTION ( 'NONE',  ( 1.000000000000000000, 0.000000000000000000, 3.491481338843133355E-15 ) ) ;
#4181 = DIRECTION ( 'NONE',  ( -1.000000000000000000, 0.000000000000000000, -4.575683511328639367E-15 ) ) ;
#4182 = VERTEX_POINT ( 'NONE', #4302 ) ;
#4183 = ORIENTED_EDGE ( 'NONE', *, *, #1327, .T. ) ;
#4184 = AXIS2_PLACEMENT_3D ( 'NONE', #4087, #716, #2299 ) ;
#4185 = EDGE_CURVE ( 'NONE', #450, #1316, #67, .T. ) ;
#4186 = EDGE_CURVE ( 'NONE', #3823, #1981, #2769, .T. ) ;
#4187 = ORIENTED_EDGE ( 'NONE', *, *, #960, .F. ) ;
#4188 = FACE_OUTER_BOUND ( 'NONE', #2907, .T. ) ;
#4189 = VECTOR ( 'NONE', #2570, 1000.000000000000000 ) ;
#4190 = ORIENTED_EDGE ( 'NONE', *, *, #4501, .F. ) ;
#4191 = CARTESIAN_POINT ( 'NONE',  ( -1.599999999999994094, 0.09999999999999999167, -1.625000000000004885 ) ) ;
#4192 = FACE_OUTER_BOUND ( 'NONE', #3375, .T. ) ;
#4193 = AXIS2_PLACEMENT_3D ( 'NONE', #1995, #4255, #2357 ) ;
#4194 = EDGE_CURVE ( 'NONE', #2641, #584, #171, .T. ) ;
#4195 = ADVANCED_FACE ( 'NONE', ( #2022 ), #1281, .T. ) ;
#4196 = PLANE ( 'NONE',  #1767 ) ;
#4197 = DIRECTION ( 'NONE',  ( 3.491481338843133355E-15, 0.000000000000000000, -1.000000000000000000 ) ) ;
#4198 = PLANE ( 'NONE',  #1831 ) ;
#4199 = VECTOR ( 'NONE', #1716, 1000.000000000000000 ) ;
#4200 = CARTESIAN_POINT ( 'NONE',  ( 1.299999999999994937, 0.1000000000000002554, 1.500000000000004885 ) ) ;
#4201 = VECTOR ( 'NONE', #3306, 1000.000000000000000 ) ;
#4202 = CARTESIAN_POINT ( 'NONE',  ( -1.300000000000005151, 4.069886648255841344, 1.499999999999995781 ) ) ;
#4203 = VECTOR ( 'NONE', #3368, 1000.000000000000000 ) ;
#4204 = DIRECTION ( 'NONE',  ( 0.000000000000000000, -1.000000000000000000, 0.000000000000000000 ) ) ;
#4205 =( NAMED_UNIT ( * ) PLANE_ANGLE_UNIT ( ) SI_UNIT ( $, .RADIAN. ) );
#4206 = DIRECTION ( 'NONE',  ( -3.491481338843133355E-15, 0.000000000000000000, 1.000000000000000000 ) ) ;
#4207 = AXIS2_PLACEMENT_3D ( 'NONE', #234, #4721, #1320 ) ;
#4208 = AXIS2_PLACEMENT_3D ( 'NONE', #2749, #3161, #3182 ) ;
#4209 = CARTESIAN_POINT ( 'NONE',  ( 1.600000000000001421, 0.000000000000000000, -0.6249999999999940048 ) ) ;
#4210 = LINE ( 'NONE', #3864, #2584 ) ;
#4211 = FACE_OUTER_BOUND ( 'NONE', #2132, .T. ) ;
#4212 = ORIENTED_EDGE ( 'NONE', *, *, #1058, .F. ) ;
#4213 = ORIENTED_EDGE ( 'NONE', *, *, #1840, .F. ) ;
#4214 = VECTOR ( 'NONE', #3914, 1000.000000000000000 ) ;
#4215 = PRESENTATION_LAYER_ASSIGNMENT (  '', '', ( #4866 ) ) ;
#4216 = ORIENTED_EDGE ( 'NONE', *, *, #1544, .T. ) ;
#4217 = CARTESIAN_POINT ( 'NONE',  ( 1.600000000000004752, 0.1000000000000000056, -1.624999999999994005 ) ) ;
#4218 = EDGE_LOOP ( 'NONE', ( #3865, #2896, #4074, #2912 ) ) ;
#4219 = ORIENTED_EDGE ( 'NONE', *, *, #658, .F. ) ;
#4220 = VECTOR ( 'NONE', #3670, 1000.000000000000000 ) ;
#4221 = CARTESIAN_POINT ( 'NONE',  ( 1.299999999999994937, 0.1000000000000002554, 1.500000000000004885 ) ) ;
#4222 = PLANE ( 'NONE',  #3891 ) ;
#4223 = SURFACE_STYLE_FILL_AREA ( #2743 ) ;
#4224 = PLANE ( 'NONE',  #549 ) ;
#4225 = DIRECTION ( 'NONE',  ( -1.000000000000000000, 0.000000000000000000, -3.491481338843133355E-15 ) ) ;
#4226 = CARTESIAN_POINT ( 'NONE',  ( -1.600000000000003642, 0.000000000000000000, 1.124999999999996225 ) ) ;
#4227 = DIRECTION ( 'NONE',  ( -3.491481338843133355E-15, 0.000000000000000000, 1.000000000000000000 ) ) ;
#4228 =( LENGTH_UNIT ( ) NAMED_UNIT ( * ) SI_UNIT ( .MILLI., .METRE. ) );
#4229 = LINE ( 'NONE', #94, #3568 ) ;
#4230 = EDGE_CURVE ( 'NONE', #1890, #1824, #2449, .T. ) ;
#4231 = DIRECTION ( 'NONE',  ( 0.000000000000000000, -1.000000000000000000, 0.000000000000000000 ) ) ;
#4232 = DIRECTION ( 'NONE',  ( -1.000000000000000000, 0.000000000000000000, -3.491481338843133355E-15 ) ) ;
#4233 = DIRECTION ( 'NONE',  ( -0.000000000000000000, -1.000000000000000000, 0.000000000000000000 ) ) ;
#4234 = ORIENTED_EDGE ( 'NONE', *, *, #3894, .F. ) ;
#4235 = CARTESIAN_POINT ( 'NONE',  ( -2.000000000000001332, 0.000000000000000000, 0.6249999999999944489 ) ) ;
#4236 = VERTEX_POINT ( 'NONE', #2844 ) ;
#4237 = ORIENTED_EDGE ( 'NONE', *, *, #3489, .T. ) ;
#4238 = VERTEX_POINT ( 'NONE', #4603 ) ;
#4239 = CARTESIAN_POINT ( 'NONE',  ( -1.600000000000002753, 0.09999999999999999167, 0.8749999999999951150 ) ) ;
#4240 = EDGE_CURVE ( 'NONE', #3663, #2970, #1254, .T. ) ;
#4241 = ORIENTED_EDGE ( 'NONE', *, *, #3871, .F. ) ;
#4242 = ORIENTED_EDGE ( 'NONE', *, *, #2511, .F. ) ;
#4243 = CARTESIAN_POINT ( 'NONE',  ( 1.599999999999995204, 0.1000000000000000056, 1.125000000000007105 ) ) ;
#4244 = CARTESIAN_POINT ( 'NONE',  ( -1.600000000000000977, 0.09999999999999999167, 0.3749999999999951705 ) ) ;
#4245 = LINE ( 'NONE', #2420, #863 ) ;
#4246 = CARTESIAN_POINT ( 'NONE',  ( -1.600000000000005196, 0.09999999999999999167, 1.624999999999996225 ) ) ;
#4247 = EDGE_CURVE ( 'NONE', #4717, #3152, #4251, .T. ) ;
#4248 = FACE_OUTER_BOUND ( 'NONE', #3726, .T. ) ;
#4249 = EDGE_CURVE ( 'NONE', #3152, #4372, #441, .T. ) ;
#4250 = UNCERTAINTY_MEASURE_WITH_UNIT (LENGTH_MEASURE( 1.000000000000000082E-05 ), #3610, 'distance_accuracy_value', 'NONE');
#4251 = LINE ( 'NONE', #2353, #20 ) ;
#4252 =( NAMED_UNIT ( * ) SI_UNIT ( $, .STERADIAN. ) SOLID_ANGLE_UNIT ( ) );
#4253 = VERTEX_POINT ( 'NONE', #120 ) ;
#4254 = CARTESIAN_POINT ( 'NONE',  ( -1.599999999999999201, 0.09999999999999999167, -0.1250000000000048295 ) ) ;
#4255 = DIRECTION ( 'NONE',  ( 0.000000000000000000, -1.000000000000000000, 0.000000000000000000 ) ) ;
#4256 = CARTESIAN_POINT ( 'NONE',  ( -1.600000000000000977, 0.1000000000000000056, 0.3749999999999951705 ) ) ;
#4257 = EDGE_CURVE ( 'NONE', #2639, #149, #1533, .T. ) ;
#4258 = CARTESIAN_POINT ( 'NONE',  ( 1.600000000000004752, 0.000000000000000000, -1.624999999999994005 ) ) ;
#4259 = ORIENTED_EDGE ( 'NONE', *, *, #1725, .T. ) ;
#4260 = EDGE_LOOP ( 'NONE', ( #1408, #3704, #4905, #1006 ) ) ;
#4261 = ORIENTED_EDGE ( 'NONE', *, *, #692, .F. ) ;
#4262 = ADVANCED_FACE ( 'NONE', ( #1637 ), #1212, .T. ) ;
#4263 = VECTOR ( 'NONE', #1557, 1000.000000000000000 ) ;
#4264 = ORIENTED_EDGE ( 'NONE', *, *, #3894, .T. ) ;
#4265 = DIRECTION ( 'NONE',  ( 3.383061121594582912E-15, 0.000000000000000000, -1.000000000000000000 ) ) ;
#4266 = ORIENTED_EDGE ( 'NONE', *, *, #3841, .T. ) ;
#4267 = CLOSED_SHELL ( 'NONE', ( #1424, #4474, #629, #2531, #3099, #3791 ) ) ;
#4268 = CARTESIAN_POINT ( 'NONE',  ( 1.600000000000003197, 0.5716990566028307130, -1.124999999999994005 ) ) ;
#4269 = LINE ( 'NONE', #4244, #1444 ) ;
#4270 = VECTOR ( 'NONE', #4328, 1000.000000000000000 ) ;
#4271 = CARTESIAN_POINT ( 'NONE',  ( -1.600000000000000977, 0.5716990566028307130, 0.3749999999999951705 ) ) ;
#4272 = CYLINDRICAL_SURFACE ( 'NONE', #1257, 0.1518327525017735269 ) ;
#4273 = CARTESIAN_POINT ( 'NONE',  ( -1.600000000000001865, 0.1000000000000000056, 0.6249999999999962252 ) ) ;
#4274 = VECTOR ( 'NONE', #486, 1000.000000000000000 ) ;
#4275 = DIRECTION ( 'NONE',  ( -3.491481338843133355E-15, 0.000000000000000000, 1.000000000000000000 ) ) ;
#4276 = LINE ( 'NONE', #4324, #4526 ) ;
#4277 = DIRECTION ( 'NONE',  ( -1.000000000000000000, 0.000000000000000000, -4.575683511328639367E-15 ) ) ;
#4278 = FILL_AREA_STYLE_COLOUR ( '', #4594 ) ;
#4279 = LINE ( 'NONE', #3216, #2832 ) ;
#4280 = PRESENTATION_STYLE_ASSIGNMENT (( #2800 ) ) ;
#4281 = EDGE_LOOP ( 'NONE', ( #2835, #2216, #1331, #1601 ) ) ;
#4282 = PLANE ( 'NONE',  #1341 ) ;
#4283 = AXIS2_PLACEMENT_3D ( 'NONE', #3126, #4617, #1627 ) ;
#4284 = ORIENTED_EDGE ( 'NONE', *, *, #4563, .F. ) ;
#4285 = ORIENTED_EDGE ( 'NONE', *, *, #1640, .F. ) ;
#4286 = VECTOR ( 'NONE', #371, 1000.000000000000000 ) ;
#4287 = EDGE_CURVE ( 'NONE', #4655, #4149, #2793, .T. ) ;
#4288 = EDGE_CURVE ( 'NONE', #4641, #3823, #3550, .T. ) ;
#4289 = VECTOR ( 'NONE', #2048, 1000.000000000000000 ) ;
#4290 = CARTESIAN_POINT ( 'NONE',  ( 1.599999999999996092, 0.1000000000000000056, 0.8750000000000059952 ) ) ;
#4291 = ORIENTED_EDGE ( 'NONE', *, *, #95, .T. ) ;
#4292 = ORIENTED_EDGE ( 'NONE', *, *, #4249, .F. ) ;
#4293 = LINE ( 'NONE', #1401, #1599 ) ;
#4294 = AXIS2_PLACEMENT_3D ( 'NONE', #751, #768, #4180 ) ;
#4295 = VECTOR ( 'NONE', #2901, 1000.000000000000000 ) ;
#4296 = EDGE_CURVE ( 'NONE', #4236, #902, #4673, .T. ) ;
#4297 = CARTESIAN_POINT ( 'NONE',  ( -1.999999999999997780, 0.1000000000000000056, -0.3750000000000056066 ) ) ;
#4298 = FACE_OUTER_BOUND ( 'NONE', #1961, .T. ) ;
#4299 = CARTESIAN_POINT ( 'NONE',  ( 1.999999999999994449, 0.1000000000000000056, 1.375000000000007327 ) ) ;
#4300 = DIRECTION ( 'NONE',  ( 2.407279166357628921E-15, 0.000000000000000000, -1.000000000000000000 ) ) ;
#4301 = LINE ( 'NONE', #1614, #421 ) ;
#4302 = CARTESIAN_POINT ( 'NONE',  ( 1.600000000000001421, 0.000000000000000000, -0.6249999999999940048 ) ) ;
#4303 = DIRECTION ( 'NONE',  ( 1.000000000000000000, 0.000000000000000000, 2.407279166357628921E-15 ) ) ;
#4304 = ORIENTED_EDGE ( 'NONE', *, *, #2410, .T. ) ;
#4305 = ADVANCED_FACE ( 'NONE', ( #4845 ), #752, .T. ) ;
#4306 = CARTESIAN_POINT ( 'NONE',  ( -1.599999999999997424, 0.09999999999999999167, -0.6250000000000048850 ) ) ;
#4307 = SURFACE_SIDE_STYLE ('',( #1666 ) ) ;
#4308 = PLANE ( 'NONE',  #2677 ) ;
#4309 = CARTESIAN_POINT ( 'NONE',  ( -1.599999999999994982, 0.09999999999999999167, -1.375000000000003775 ) ) ;
#4310 = CARTESIAN_POINT ( 'NONE',  ( 1.599999999999999645, 0.1000000000000000056, -0.1249999999999940881 ) ) ;
#4311 = VERTEX_POINT ( 'NONE', #727 ) ;
#4312 = EDGE_LOOP ( 'NONE', ( #3977, #2948, #3397, #1701 ) ) ;
#4313 = FILL_AREA_STYLE ('',( #898 ) ) ;
#4314 = ORIENTED_EDGE ( 'NONE', *, *, #4105, .T. ) ;
#4315 = FACE_OUTER_BOUND ( 'NONE', #277, .T. ) ;
#4316 = ORIENTED_EDGE ( 'NONE', *, *, #3751, .F. ) ;
#4317 = ORIENTED_EDGE ( 'NONE', *, *, #1617, .T. ) ;
#4318 = LINE ( 'NONE', #3227, #4678 ) ;
#4319 = EDGE_CURVE ( 'NONE', #1376, #505, #1077, .T. ) ;
#4320 = LINE ( 'NONE', #1250, #3022 ) ;
#4321 = LINE ( 'NONE', #951, #4671 ) ;
#4322 = EDGE_CURVE ( 'NONE', #1540, #202, #2635, .T. ) ;
#4323 = LINE ( 'NONE', #2934, #2732 ) ;
#4324 = CARTESIAN_POINT ( 'NONE',  ( -2.000000000000007994, 0.000000000000000000, 1.999999999999992228 ) ) ;
#4325 = CARTESIAN_POINT ( 'NONE',  ( 1.600000000000004086, 0.1000000000000000056, -1.374999999999992895 ) ) ;
#4326 = ORIENTED_EDGE ( 'NONE', *, *, #2160, .F. ) ;
#4327 = ORIENTED_EDGE ( 'NONE', *, *, #4766, .T. ) ;
#4328 = DIRECTION ( 'NONE',  ( -3.491481338843133355E-15, 0.000000000000000000, 1.000000000000000000 ) ) ;
#4329 = EDGE_CURVE ( 'NONE', #2955, #3766, #3002, .T. ) ;
#4330 = PLANE ( 'NONE',  #2661 ) ;
#4331 = EDGE_LOOP ( 'NONE', ( #3974, #56, #3316, #4417 ) ) ;
#4332 = DIRECTION ( 'NONE',  ( 1.000000000000000000, 0.000000000000000000, 3.491481338843133355E-15 ) ) ;
#4333 = LINE ( 'NONE', #938, #3717 ) ;
#4334 = EDGE_LOOP ( 'NONE', ( #2241, #4879, #4327, #932 ) ) ;
#4335 = FILL_AREA_STYLE ('',( #1295 ) ) ;
#4336 = CARTESIAN_POINT ( 'NONE',  ( 2.000000000000004885, 0.5716990566028307130, -1.624999999999992673 ) ) ;
#4337 = ORIENTED_EDGE ( 'NONE', *, *, #2817, .T. ) ;
#4338 = ORIENTED_EDGE ( 'NONE', *, *, #2618, .T. ) ;
#4339 = CARTESIAN_POINT ( 'NONE',  ( 2.000000000000001332, 0.1000000000000000056, -0.6249999999999927836 ) ) ;
#4340 = VECTOR ( 'NONE', #3902, 1000.000000000000000 ) ;
#4341 = EDGE_CURVE ( 'NONE', #631, #221, #3723, .T. ) ;
#4342 = EDGE_CURVE ( 'NONE', #2781, #4013, #4096, .T. ) ;
#4343 = ORIENTED_EDGE ( 'NONE', *, *, #1357, .F. ) ;
#4344 = VECTOR ( 'NONE', #4433, 1000.000000000000000 ) ;
#4345 = LINE ( 'NONE', #1740, #1910 ) ;
#4346 = LINE ( 'NONE', #3618, #3727 ) ;
#4347 = ADVANCED_FACE ( 'NONE', ( #1807 ), #4413, .T. ) ;
#4348 = EDGE_CURVE ( 'NONE', #2385, #957, #702, .T. ) ;
#4349 = ADVANCED_FACE ( 'NONE', ( #4488 ), #2947, .F. ) ;
#4350 = AXIS2_PLACEMENT_3D ( 'NONE', #122, #3143, #3530 ) ;
#4351 = ADVANCED_FACE ( 'NONE', ( #1094 ), #4899, .F. ) ;
#4352 = DIRECTION ( 'NONE',  ( 0.000000000000000000, -1.000000000000000000, 0.000000000000000000 ) ) ;
#4353 = CARTESIAN_POINT ( 'NONE',  ( -1.999999999999995337, 0.000000000000000000, -1.125000000000006217 ) ) ;
#4354 = CARTESIAN_POINT ( 'NONE',  ( -1.600000000000000977, 0.000000000000000000, 0.3749999999999951705 ) ) ;
#4355 = ADVANCED_FACE ( 'NONE', ( #1784 ), #2589, .T. ) ;
#4356 = ORIENTED_EDGE ( 'NONE', *, *, #3988, .F. ) ;
#4357 = ORIENTED_EDGE ( 'NONE', *, *, #4909, .T. ) ;
#4358 = VECTOR ( 'NONE', #908, 1000.000000000000000 ) ;
#4359 = FACE_OUTER_BOUND ( 'NONE', #3464, .T. ) ;
#4360 = MECHANICAL_DESIGN_GEOMETRIC_PRESENTATION_REPRESENTATION (  '', ( #4843 ), #2882 ) ;
#4361 = DIRECTION ( 'NONE',  ( 0.000000000000000000, -1.000000000000000000, 0.000000000000000000 ) ) ;
#4362 = CARTESIAN_POINT ( 'NONE',  ( -1.600000000000003642, 0.1000000000000000056, 1.124999999999996225 ) ) ;
#4363 = EDGE_LOOP ( 'NONE', ( #3121, #3572, #851, #2809 ) ) ;
#4364 = CARTESIAN_POINT ( 'NONE',  ( -1.599999999999998312, 0.000000000000000000, -0.3750000000000037748 ) ) ;
#4365 = CARTESIAN_POINT ( 'NONE',  ( 1.999999999999994449, 0.1000000000000000056, 1.375000000000007327 ) ) ;
#4366 = VECTOR ( 'NONE', #802, 1000.000000000000000 ) ;
#4367 = DIRECTION ( 'NONE',  ( 1.000000000000000000, 0.000000000000000000, 4.575683511328639367E-15 ) ) ;
#4368 = VECTOR ( 'NONE', #825, 1000.000000000000000 ) ;
#4369 = ORIENTED_EDGE ( 'NONE', *, *, #1885, .T. ) ;
#4370 = VECTOR ( 'NONE', #2224, 1000.000000000000000 ) ;
#4371 = PLANE ( 'NONE',  #962 ) ;
#4372 = VERTEX_POINT ( 'NONE', #2559 ) ;
#4373 = ORIENTED_EDGE ( 'NONE', *, *, #3532, .F. ) ;
#4374 = AXIS2_PLACEMENT_3D ( 'NONE', #3846, #3412, #3 ) ;
#4375 = ORIENTED_EDGE ( 'NONE', *, *, #113, .F. ) ;
#4376 = LINE ( 'NONE', #2126, #2554 ) ;
#4377 = CARTESIAN_POINT ( 'NONE',  ( 1.600000000000001421, 0.09999999999999999167, -0.6249999999999940048 ) ) ;
#4378 = MECHANICAL_DESIGN_GEOMETRIC_PRESENTATION_REPRESENTATION (  '', ( #1134 ), #1064 ) ;
#4379 = DIRECTION ( 'NONE',  ( 3.491481338843133355E-15, 0.000000000000000000, -1.000000000000000000 ) ) ;
#4380 =( NAMED_UNIT ( * ) SI_UNIT ( $, .STERADIAN. ) SOLID_ANGLE_UNIT ( ) );
#4381 = ORIENTED_EDGE ( 'NONE', *, *, #3932, .T. ) ;
#4382 = VERTEX_POINT ( 'NONE', #3681 ) ;
#4383 = CARTESIAN_POINT ( 'NONE',  ( 1.999999999999997113, 0.1000000000000000056, 0.6250000000000078826 ) ) ;
#4384 = LINE ( 'NONE', #964, #3818 ) ;
#4385 = CARTESIAN_POINT ( 'NONE',  ( -1.600000000000003642, 0.1000000000000000056, 1.124999999999996225 ) ) ;
#4386 = ORIENTED_EDGE ( 'NONE', *, *, #1294, .F. ) ;
#4387 = ADVANCED_FACE ( 'NONE', ( #4077 ), #676, .F. ) ;
#4388 = LINE ( 'NONE', #1702, #1099 ) ;
#4389 = DIRECTION ( 'NONE',  ( -1.000000000000000000, 0.000000000000000000, -3.491481338843133750E-15 ) ) ;
#4390 =( NAMED_UNIT ( * ) SI_UNIT ( $, .STERADIAN. ) SOLID_ANGLE_UNIT ( ) );
#4391 = ORIENTED_EDGE ( 'NONE', *, *, #4495, .F. ) ;
#4392 = DIRECTION ( 'NONE',  ( -0.000000000000000000, -1.000000000000000000, 0.000000000000000000 ) ) ;
#4393 = ORIENTED_EDGE ( 'NONE', *, *, #3302, .F. ) ;
#4394 = ORIENTED_EDGE ( 'NONE', *, *, #4564, .F. ) ;
#4395 = EDGE_CURVE ( 'NONE', #4824, #364, #3146, .T. ) ;
#4396 = ORIENTED_EDGE ( 'NONE', *, *, #3722, .T. ) ;
#4397 = CARTESIAN_POINT ( 'NONE',  ( -2.000000000000003109, 0.000000000000000000, 1.124999999999994449 ) ) ;
#4398 = CARTESIAN_POINT ( 'NONE',  ( 1.999999999999997780, 0.09999999999999999167, 0.3750000000000073275 ) ) ;
#4399 = LINE ( 'NONE', #2547, #4445 ) ;
#4400 = CARTESIAN_POINT ( 'NONE',  ( -1.599999999999997424, 0.000000000000000000, -0.6250000000000048850 ) ) ;
#4401 = VERTEX_POINT ( 'NONE', #4610 ) ;
#4402 = DIRECTION ( 'NONE',  ( -1.000000000000000000, 0.000000000000000000, -2.407279166357628921E-15 ) ) ;
#4403 = EDGE_CURVE ( 'NONE', #4099, #152, #1217, .T. ) ;
#4404 = LINE ( 'NONE', #2508, #1452 ) ;
#4405 = LINE ( 'NONE', #3715, #972 ) ;
#4406 = ORIENTED_EDGE ( 'NONE', *, *, #2828, .T. ) ;
#4407 = LINE ( 'NONE', #3340, #709 ) ;
#4408 = CARTESIAN_POINT ( 'NONE',  ( -0.9999999999999897859, 0.000000000000000000, -1.500000000000003331 ) ) ;
#4409 = ORIENTED_EDGE ( 'NONE', *, *, #4884, .F. ) ;
#4410 = DIRECTION ( 'NONE',  ( -1.000000000000000000, 0.000000000000000000, -3.491481338843133750E-15 ) ) ;
#4411 = ADVANCED_FACE ( 'NONE', ( #842 ), #3820, .F. ) ;
#4412 = CARTESIAN_POINT ( 'NONE',  ( -1.599999999999994982, 0.5716990566028307130, -1.375000000000003775 ) ) ;
#4413 = PLANE ( 'NONE',  #1206 ) ;
#4414 = EDGE_LOOP ( 'NONE', ( #297, #2777, #1623, #3868 ) ) ;
#4415 = CARTESIAN_POINT ( 'NONE',  ( 1.300000000000005818, 0.1000000000000002554, -1.499999999999995337 ) ) ;
#4416 = ORIENTED_EDGE ( 'NONE', *, *, #2227, .F. ) ;
#4417 = ORIENTED_EDGE ( 'NONE', *, *, #3687, .T. ) ;
#4418 = ORIENTED_EDGE ( 'NONE', *, *, #1780, .T. ) ;
#4419 = STYLED_ITEM ( 'NONE', ( #3873 ), #3068 ) ;
#4420 = CARTESIAN_POINT ( 'NONE',  ( 1.599999999999999645, 0.1000000000000000056, -0.1249999999999940881 ) ) ;
#4421 = CLOSED_SHELL ( 'NONE', ( #843, #4728, #3313, #1864, #3151, #3810 ) ) ;
#4422 = LINE ( 'NONE', #1794, #654 ) ;
#4423 = CARTESIAN_POINT ( 'NONE',  ( -1.745740669421566678E-15, 0.000000000000000000, 0.5000000000000000000 ) ) ;
#4424 = CARTESIAN_POINT ( 'NONE',  ( -1.599999999999999201, 0.000000000000000000, -0.1250000000000048295 ) ) ;
#4425 = ORIENTED_EDGE ( 'NONE', *, *, #1173, .T. ) ;
#4426 = FACE_OUTER_BOUND ( 'NONE', #3272, .T. ) ;
#4427 = AXIS2_PLACEMENT_3D ( 'NONE', #249, #2506, #4735 ) ;
#4428 = DIRECTION ( 'NONE',  ( 0.000000000000000000, -1.000000000000000000, 0.000000000000000000 ) ) ;
#4429 = DIRECTION ( 'NONE',  ( 0.000000000000000000, -1.000000000000000000, 0.000000000000000000 ) ) ;
#4430 = VECTOR ( 'NONE', #2964, 1000.000000000000000 ) ;
#4431 = EDGE_LOOP ( 'NONE', ( #3270, #3168, #3946, #53 ) ) ;
#4432 = DIRECTION ( 'NONE',  ( -3.491481338843133355E-15, 0.000000000000000000, 1.000000000000000000 ) ) ;
#4433 = DIRECTION ( 'NONE',  ( -1.000000000000000000, 0.000000000000000000, -2.407279166357628921E-15 ) ) ;
#4434 = ORIENTED_EDGE ( 'NONE', *, *, #4650, .F. ) ;
#4435 = LINE ( 'NONE', #529, #3500 ) ;
#4436 = VECTOR ( 'NONE', #1937, 1000.000000000000000 ) ;
#4437 = DIRECTION ( 'NONE',  ( -1.000000000000000000, 0.000000000000000000, -4.575683511328639367E-15 ) ) ;
#4438 = EDGE_CURVE ( 'NONE', #347, #4734, #426, .T. ) ;
#4439 = VERTEX_POINT ( 'NONE', #1162 ) ;
#4440 = CARTESIAN_POINT ( 'NONE',  ( -2.000000000000002220, 0.5716990566028307130, 0.8749999999999937828 ) ) ;
#4441 = VECTOR ( 'NONE', #358, 1000.000000000000000 ) ;
#4442 = ORIENTED_EDGE ( 'NONE', *, *, #1725, .F. ) ;
#4443 = EDGE_LOOP ( 'NONE', ( #4033, #4337, #1754, #3300 ) ) ;
#4444 = EDGE_CURVE ( 'NONE', #1458, #149, #1239, .T. ) ;
#4445 = VECTOR ( 'NONE', #2171, 1000.000000000000000 ) ;
#4446 = ORIENTED_EDGE ( 'NONE', *, *, #2987, .F. ) ;
#4447 = CARTESIAN_POINT ( 'NONE',  ( -1.599999999999996536, 0.000000000000000000, -0.8750000000000037748 ) ) ;
#4448 = EDGE_CURVE ( 'NONE', #1733, #2526, #4210, .T. ) ;
#4449 = AXIS2_PLACEMENT_3D ( 'NONE', #2561, #1809, #1498 ) ;
#4450 = DIRECTION ( 'NONE',  ( 0.000000000000000000, -1.000000000000000000, 0.000000000000000000 ) ) ;
#4451 = VECTOR ( 'NONE', #988, 1000.000000000000000 ) ;
#4452 = DIRECTION ( 'NONE',  ( -1.000000000000000000, 0.000000000000000000, -3.491481338843133355E-15 ) ) ;
#4453 = VECTOR ( 'NONE', #1830, 1000.000000000000000 ) ;
#4454 = DIRECTION ( 'NONE',  ( -3.708321773340234242E-15, 0.000000000000000000, 1.000000000000000000 ) ) ;
#4455 = CARTESIAN_POINT ( 'NONE',  ( 1.599999999999993650, 0.000000000000000000, 1.625000000000007105 ) ) ;
#4456 = ORIENTED_EDGE ( 'NONE', *, *, #2953, .F. ) ;
#4457 = LINE ( 'NONE', #1087, #3879 ) ;
#4458 = VECTOR ( 'NONE', #1180, 999.9999999999998863 ) ;
#4459 = STYLED_ITEM ( 'NONE', ( #887 ), #4710 ) ;
#4460 = ADVANCED_FACE ( 'NONE', ( #1998 ), #99, .T. ) ;
#4461 = FACE_OUTER_BOUND ( 'NONE', #3395, .T. ) ;
#4462 = PLANE ( 'NONE',  #3287 ) ;
#4463 = ORIENTED_EDGE ( 'NONE', *, *, #4810, .F. ) ;
#4464 = CARTESIAN_POINT ( 'NONE',  ( -1.999999999999997335, 0.000000000000000000, -1.125000000000006217 ) ) ;
#4465 = LINE ( 'NONE', #1074, #3800 ) ;
#4466 = DIRECTION ( 'NONE',  ( -0.000000000000000000, -1.000000000000000000, 0.000000000000000000 ) ) ;
#4467 = CARTESIAN_POINT ( 'NONE',  ( -2.000000000000004885, 0.1000000000000000056, 1.624999999999994449 ) ) ;
#4468 = VERTEX_POINT ( 'NONE', #4258 ) ;
#4469 = EDGE_LOOP ( 'NONE', ( #3376, #3167, #2360, #3165 ) ) ;
#4470 = EDGE_LOOP ( 'NONE', ( #1384, #1717, #4533, #2336 ) ) ;
#4471 = CARTESIAN_POINT ( 'NONE',  ( 2.000000000000004885, 0.1000000000000000056, -1.624999999999992673 ) ) ;
#4472 = ORIENTED_EDGE ( 'NONE', *, *, #2945, .F. ) ;
#4473 = FACE_OUTER_BOUND ( 'NONE', #301, .T. ) ;
#4474 = ADVANCED_FACE ( 'NONE', ( #51 ), #865, .F. ) ;
#4475 = LINE ( 'NONE', #3402, #1931 ) ;
#4476 = DIRECTION ( 'NONE',  ( 1.000000000000000000, 0.000000000000000000, 3.491481338843133355E-15 ) ) ;
#4477 = ORIENTED_EDGE ( 'NONE', *, *, #3462, .F. ) ;
#4478 = DIRECTION ( 'NONE',  ( 1.000000000000000000, 0.000000000000000000, 3.491481338843133355E-15 ) ) ;
#4479 = ADVANCED_FACE ( 'NONE', ( #377 ), #1903, .T. ) ;
#4480 = CARTESIAN_POINT ( 'NONE',  ( -1.600000000000000089, 0.1000000000000000056, 0.1249999999999962669 ) ) ;
#4481 = CARTESIAN_POINT ( 'NONE',  ( 1.599999999999995204, 0.1000000000000000056, 1.125000000000007105 ) ) ;
#4482 = CARTESIAN_POINT ( 'NONE',  ( -1.300000000000004929, 0.1000000000000002554, 1.499999999999995781 ) ) ;
#4483 = VERTEX_POINT ( 'NONE', #1142 ) ;
#4484 = CARTESIAN_POINT ( 'NONE',  ( -1.999999999999994449, 7.256854249492380227, -2.000000000000007994 ) ) ;
#4485 = SURFACE_SIDE_STYLE ('',( #1853 ) ) ;
#4486 = DIRECTION ( 'NONE',  ( 0.000000000000000000, -1.000000000000000000, 0.000000000000000000 ) ) ;
#4487 = EDGE_CURVE ( 'NONE', #238, #2008, #2686, .T. ) ;
#4488 = FACE_OUTER_BOUND ( 'NONE', #1242, .T. ) ;
#4489 = DIRECTION ( 'NONE',  ( -1.000000000000000000, 0.000000000000000000, -3.491481338843133750E-15 ) ) ;
#4490 = ORIENTED_EDGE ( 'NONE', *, *, #1544, .F. ) ;
#4491 = ORIENTED_EDGE ( 'NONE', *, *, #3433, .F. ) ;
#4492 = ORIENTED_EDGE ( 'NONE', *, *, #1670, .T. ) ;
#4493 = CARTESIAN_POINT ( 'NONE',  ( -1.562969075405719499, 0.8000000000000000444, -1.549137490667618522 ) ) ;
#4494 = EDGE_LOOP ( 'NONE', ( #4434, #621, #2001, #4080 ) ) ;
#4495 = EDGE_CURVE ( 'NONE', #1576, #3369, #769, .T. ) ;
#4496 = DIRECTION ( 'NONE',  ( -3.491481338843133355E-15, 0.000000000000000000, 1.000000000000000000 ) ) ;
#4497 = PRESENTATION_STYLE_ASSIGNMENT (( #2574 ) ) ;
#4498 = CARTESIAN_POINT ( 'NONE',  ( 1.999999999999996225, 0.1000000000000000056, 0.8750000000000073275 ) ) ;
#4499 = EDGE_CURVE ( 'NONE', #2434, #3259, #3438, .T. ) ;
#4500 = CARTESIAN_POINT ( 'NONE',  ( 1.600000000000001421, 0.000000000000000000, -0.6249999999999940048 ) ) ;
#4501 = EDGE_CURVE ( 'NONE', #3259, #2810, #1698, .T. ) ;
#4502 = EDGE_CURVE ( 'NONE', #4824, #2058, #1749, .T. ) ;
#4503 = VECTOR ( 'NONE', #907, 1000.000000000000000 ) ;
#4504 = PLANE ( 'NONE',  #2099 ) ;
#4505 = SURFACE_STYLE_USAGE ( .BOTH. , #2750 ) ;
#4506 = VERTEX_POINT ( 'NONE', #2029 ) ;
#4507 = DIRECTION ( 'NONE',  ( -1.000000000000000000, 0.000000000000000000, -3.491481338843133355E-15 ) ) ;
#4508 = EDGE_CURVE ( 'NONE', #1431, #2590, #4654, .T. ) ;
#4509 = VECTOR ( 'NONE', #2822, 1000.000000000000000 ) ;
#4510 = LINE ( 'NONE', #336, #1624 ) ;
#4511 = DIRECTION ( 'NONE',  ( -3.491481338843133355E-15, 0.000000000000000000, 1.000000000000000000 ) ) ;
#4512 = VERTEX_POINT ( 'NONE', #2136 ) ;
#4513 = VERTEX_POINT ( 'NONE', #3627 ) ;
#4514 = VECTOR ( 'NONE', #1436, 1000.000000000000000 ) ;
#4515 = MECHANICAL_DESIGN_GEOMETRIC_PRESENTATION_REPRESENTATION (  '', ( #1116 ), #2251 ) ;
#4516 = EDGE_LOOP ( 'NONE', ( #966, #173, #172, #4292 ) ) ;
#4517 = PLANE ( 'NONE',  #4063 ) ;
#4518 = EDGE_CURVE ( 'NONE', #4682, #4439, #519, .T. ) ;
#4519 = EDGE_LOOP ( 'NONE', ( #1777, #1366, #3093, #1645 ) ) ;
#4520 = CARTESIAN_POINT ( 'NONE',  ( -1.299999999999995159, 0.1000000000000002554, -1.200000000000003952 ) ) ;
#4521 = VECTOR ( 'NONE', #1889, 1000.000000000000000 ) ;
#4522 = DIRECTION ( 'NONE',  ( 1.000000000000000000, 0.000000000000000000, 3.491481338843133355E-15 ) ) ;
#4523 = PRODUCT_RELATED_PRODUCT_CATEGORY ( 'part', '', ( #36 ) ) ;
#4524 = PLANE ( 'NONE',  #1537 ) ;
#4525 = VECTOR ( 'NONE', #3703, 1000.000000000000000 ) ;
#4526 = VECTOR ( 'NONE', #3502, 1000.000000000000000 ) ;
#4527 = DIRECTION ( 'NONE',  ( 3.491481338843133355E-15, 0.000000000000000000, -1.000000000000000000 ) ) ;
#4528 = VERTEX_POINT ( 'NONE', #2509 ) ;
#4529 = VECTOR ( 'NONE', #601, 1000.000000000000000 ) ;
#4530 = DIRECTION ( 'NONE',  ( -0.000000000000000000, -1.000000000000000000, 0.000000000000000000 ) ) ;
#4531 = LINE ( 'NONE', #785, #3737 ) ;
#4532 = CARTESIAN_POINT ( 'NONE',  ( 1.299999999999994937, 0.000000000000000000, 1.500000000000004885 ) ) ;
#4533 = ORIENTED_EDGE ( 'NONE', *, *, #2417, .T. ) ;
#4534 = DIRECTION ( 'NONE',  ( 0.000000000000000000, -1.000000000000000000, 0.000000000000000000 ) ) ;
#4535 = AXIS2_PLACEMENT_3D ( 'NONE', #4844, #1076, #4437 ) ;
#4536 = COLOUR_RGB ( '',0.2509803921568627416, 0.2509803921568627416, 0.2509803921568627416 ) ;
#4537 = CARTESIAN_POINT ( 'NONE',  ( -2.000000000000001332, 0.1000000000000000056, 0.6249999999999944489 ) ) ;
#4538 = PLANE ( 'NONE',  #4786 ) ;
#4539 =( GEOMETRIC_REPRESENTATION_CONTEXT ( 3 ) GLOBAL_UNCERTAINTY_ASSIGNED_CONTEXT ( ( #3811 ) ) GLOBAL_UNIT_ASSIGNED_CONTEXT ( ( #352, #1487, #1913 ) ) REPRESENTATION_CONTEXT ( 'NONE', 'WORKASPACE' ) );
#4540 = ADVANCED_FACE ( 'NONE', ( #2481 ), #2054, .T. ) ;
#4541 = DIRECTION ( 'NONE',  ( -3.491481338843133355E-15, 0.000000000000000000, 1.000000000000000000 ) ) ;
#4542 = VERTEX_POINT ( 'NONE', #1644 ) ;
#4543 = VERTEX_POINT ( 'NONE', #1288 ) ;
#4544 = ORIENTED_EDGE ( 'NONE', *, *, #3548, .F. ) ;
#4545 = VECTOR ( 'NONE', #496, 1000.000000000000000 ) ;
#4546 = VERTEX_POINT ( 'NONE', #2080 ) ;
#4547 = PLANE ( 'NONE',  #3268 ) ;
#4548 = ADVANCED_FACE ( 'NONE', ( #965 ), #4330, .T. ) ;
#4549 = LINE ( 'NONE', #1534, #4602 ) ;
#4550 = DIRECTION ( 'NONE',  ( 3.491481338843133355E-15, 0.000000000000000000, -1.000000000000000000 ) ) ;
#4551 = DIRECTION ( 'NONE',  ( 1.000000000000000000, 0.000000000000000000, 2.407279166357628921E-15 ) ) ;
#4552 = DIRECTION ( 'NONE',  ( -3.491481338843133355E-15, 0.000000000000000000, 1.000000000000000000 ) ) ;
#4553 = CARTESIAN_POINT ( 'NONE',  ( 1.599999999999996980, 0.1000000000000000056, 0.6250000000000071054 ) ) ;
#4554 = FILL_AREA_STYLE ('',( #748 ) ) ;
#4555 = EDGE_CURVE ( 'NONE', #4439, #680, #3579, .T. ) ;
#4556 = EDGE_CURVE ( 'NONE', #2641, #2950, #1259, .T. ) ;
#4557 = PLANE ( 'NONE',  #1289 ) ;
#4558 = CARTESIAN_POINT ( 'NONE',  ( -2.000000000000003109, 0.1000000000000000056, 1.124999999999994449 ) ) ;
#4559 = CARTESIAN_POINT ( 'NONE',  ( -1.600000000000005196, 0.5716990566028307130, 1.624999999999996225 ) ) ;
#4560 = ORIENTED_EDGE ( 'NONE', *, *, #4140, .T. ) ;
#4561 = ORIENTED_EDGE ( 'NONE', *, *, #2976, .T. ) ;
#4562 = ADVANCED_FACE ( 'NONE', ( #4004 ), #179, .T. ) ;
#4563 = EDGE_CURVE ( 'NONE', #3070, #998, #3239, .T. ) ;
#4564 = EDGE_CURVE ( 'NONE', #3394, #3616, #1313, .T. ) ;
#4565 = ORIENTED_EDGE ( 'NONE', *, *, #2475, .T. ) ;
#4566 = DIRECTION ( 'NONE',  ( -3.491481338843133355E-15, 0.000000000000000000, 1.000000000000000000 ) ) ;
#4567 = ORIENTED_EDGE ( 'NONE', *, *, #1294, .T. ) ;
#4568 = ORIENTED_EDGE ( 'NONE', *, *, #1829, .F. ) ;
#4569 = PLANE ( 'NONE',  #1679 ) ;
#4570 = CARTESIAN_POINT ( 'NONE',  ( -2.000000000000007994, 0.8000000000000003775, 1.999999999999992228 ) ) ;
#4571 = DIRECTION ( 'NONE',  ( -1.000000000000000000, 0.000000000000000000, -2.407279166357628921E-15 ) ) ;
#4572 = DIRECTION ( 'NONE',  ( -3.491481338843133355E-15, 0.000000000000000000, 1.000000000000000000 ) ) ;
#4573 = FACE_OUTER_BOUND ( 'NONE', #1479, .T. ) ;
#4574 = DIRECTION ( 'NONE',  ( 3.491481338843133355E-15, 0.000000000000000000, -1.000000000000000000 ) ) ;
#4575 = PLANE ( 'NONE',  #18 ) ;
#4576 = LINE ( 'NONE', #3505, #4116 ) ;
#4577 =( NAMED_UNIT ( * ) SI_UNIT ( $, .STERADIAN. ) SOLID_ANGLE_UNIT ( ) );
#4578 = VECTOR ( 'NONE', #1205, 1000.000000000000000 ) ;
#4579 = LINE ( 'NONE', #3461, #2185 ) ;
#4580 = CLOSED_SHELL ( 'NONE', ( #55, #3774, #1887, #3692, #2684, #1873 ) ) ;
#4581 = ORIENTED_EDGE ( 'NONE', *, *, #3950, .F. ) ;
#4582 = LINE ( 'NONE', #1959, #2549 ) ;
#4583 = ORIENTED_EDGE ( 'NONE', *, *, #2379, .T. ) ;
#4584 = EDGE_LOOP ( 'NONE', ( #293, #2785 ) ) ;
#4585 = AXIS2_PLACEMENT_3D ( 'NONE', #3969, #617, #1695 ) ;
#4586 = MANIFOLD_SOLID_BREP ( 'Body-Move/Copy1[16]', #2316 ) ;
#4587 = VERTEX_POINT ( 'NONE', #1875 ) ;
#4588 = LINE ( 'NONE', #2413, #3277 ) ;
#4589 = VECTOR ( 'NONE', #3991, 1000.000000000000000 ) ;
#4590 = VERTEX_POINT ( 'NONE', #355 ) ;
#4591 = ORIENTED_EDGE ( 'NONE', *, *, #3385, .T. ) ;
#4592 = DIRECTION ( 'NONE',  ( -1.000000000000000000, 0.000000000000000000, -3.491481338843133355E-15 ) ) ;
#4593 = CARTESIAN_POINT ( 'NONE',  ( 1.600000000000004086, 0.5716990566028307130, -1.374999999999992895 ) ) ;
#4594 = COLOUR_RGB ( '',0.7921568627450980005, 0.8196078431372548767, 0.9333333333333333481 ) ;
#4595 = ADVANCED_FACE ( 'NONE', ( #282 ), #4737, .F. ) ;
#4596 =( NAMED_UNIT ( * ) PLANE_ANGLE_UNIT ( ) SI_UNIT ( $, .RADIAN. ) );
#4597 = DIRECTION ( 'NONE',  ( 0.000000000000000000, 1.000000000000000000, 0.000000000000000000 ) ) ;
#4598 = AXIS2_PLACEMENT_3D ( 'NONE', #4785, #2176, #3693 ) ;
#4599 = DIRECTION ( 'NONE',  ( -1.000000000000000000, 0.000000000000000000, -3.491481338843133355E-15 ) ) ;
#4600 = VECTOR ( 'NONE', #4566, 1000.000000000000000 ) ;
#4601 = DIRECTION ( 'NONE',  ( -1.000000000000000000, 0.000000000000000000, -3.491481338843133355E-15 ) ) ;
#4602 = VECTOR ( 'NONE', #1507, 1000.000000000000000 ) ;
#4603 = CARTESIAN_POINT ( 'NONE',  ( 1.599999999999997868, 0.000000000000000000, 0.3750000000000059397 ) ) ;
#4604 = CARTESIAN_POINT ( 'NONE',  ( 1.600000000000004752, 0.000000000000000000, -1.624999999999994005 ) ) ;
#4605 = DIRECTION ( 'NONE',  ( -0.000000000000000000, -1.000000000000000000, 0.000000000000000000 ) ) ;
#4606 =( NAMED_UNIT ( * ) PLANE_ANGLE_UNIT ( ) SI_UNIT ( $, .RADIAN. ) );
#4607 = AXIS2_PLACEMENT_3D ( 'NONE', #2395, #1992, #2426 ) ;
#4608 = ADVANCED_FACE ( 'NONE', ( #3387 ), #989, .F. ) ;
#4609 = DIRECTION ( 'NONE',  ( 0.7071067811865546782, -0.000000000000000000, -0.7071067811865403563 ) ) ;
#4610 = CARTESIAN_POINT ( 'NONE',  ( -2.000000000000003997, 0.1000000000000000056, 1.374999999999993783 ) ) ;
#4611 = VERTEX_POINT ( 'NONE', #4482 ) ;
#4612 = DIRECTION ( 'NONE',  ( -1.000000000000000000, 0.000000000000000000, -3.491481338843133355E-15 ) ) ;
#4613 = ORIENTED_EDGE ( 'NONE', *, *, #2196, .F. ) ;
#4614 = ORIENTED_EDGE ( 'NONE', *, *, #473, .F. ) ;
#4615 = VECTOR ( 'NONE', #418, 1000.000000000000000 ) ;
#4616 = ORIENTED_EDGE ( 'NONE', *, *, #4179, .T. ) ;
#4617 = DIRECTION ( 'NONE',  ( 0.000000000000000000, 1.000000000000000000, 0.000000000000000000 ) ) ;
#4618 = ORIENTED_EDGE ( 'NONE', *, *, #2410, .F. ) ;
#4619 = ORIENTED_EDGE ( 'NONE', *, *, #3318, .T. ) ;
#4620 = FACE_OUTER_BOUND ( 'NONE', #2064, .T. ) ;
#4621 = DIRECTION ( 'NONE',  ( 0.000000000000000000, -1.000000000000000000, 0.000000000000000000 ) ) ;
#4622 = VECTOR ( 'NONE', #2233, 1000.000000000000000 ) ;
#4623 = DIRECTION ( 'NONE',  ( 0.000000000000000000, -1.000000000000000000, 0.000000000000000000 ) ) ;
#4624 = LINE ( 'NONE', #4669, #633 ) ;
#4625 = DIRECTION ( 'NONE',  ( 1.000000000000000000, 0.000000000000000000, 4.575683511328639367E-15 ) ) ;
#4626 = EDGE_CURVE ( 'NONE', #2397, #2821, #1823, .T. ) ;
#4627 = CARTESIAN_POINT ( 'NONE',  ( 1.599999999999994538, 0.000000000000000000, 1.375000000000005995 ) ) ;
#4628 = CARTESIAN_POINT ( 'NONE',  ( 1.600000000000000533, 0.09999999999999999167, -0.3749999999999930056 ) ) ;
#4629 = EDGE_CURVE ( 'NONE', #183, #4682, #4405, .T. ) ;
#4630 = DIRECTION ( 'NONE',  ( -3.491481338843133355E-15, 0.000000000000000000, 1.000000000000000000 ) ) ;
#4631 = LINE ( 'NONE', #1238, #1139 ) ;
#4632 = ORIENTED_EDGE ( 'NONE', *, *, #3544, .F. ) ;
#4633 = DIRECTION ( 'NONE',  ( 3.491481338843133355E-15, 0.000000000000000000, -1.000000000000000000 ) ) ;
#4634 = EDGE_LOOP ( 'NONE', ( #1927, #1247, #3706, #3725 ) ) ;
#4635 = ORIENTED_EDGE ( 'NONE', *, *, #3633, .T. ) ;
#4636 = EDGE_CURVE ( 'NONE', #4513, #3259, #4090, .T. ) ;
#4637 = DIRECTION ( 'NONE',  ( 0.000000000000000000, 1.000000000000000000, 0.000000000000000000 ) ) ;
#4638 = ORIENTED_EDGE ( 'NONE', *, *, #4645, .T. ) ;
#4639 = DIRECTION ( 'NONE',  ( -3.491481338843133355E-15, 0.000000000000000000, 1.000000000000000000 ) ) ;
#4640 = ORIENTED_EDGE ( 'NONE', *, *, #894, .F. ) ;
#4641 = VERTEX_POINT ( 'NONE', #4111 ) ;
#4642 = LINE ( 'NONE', #3450, #720 ) ;
#4643 = LINE ( 'NONE', #1554, #485 ) ;
#4644 = FACE_OUTER_BOUND ( 'NONE', #3787, .T. ) ;
#4645 = EDGE_CURVE ( 'NONE', #1999, #4707, #4893, .T. ) ;
#4646 = CARTESIAN_POINT ( 'NONE',  ( -1.599999999999997424, 0.5716990566028307130, -0.6250000000000048850 ) ) ;
#4647 = DIRECTION ( 'NONE',  ( -3.491481338843133355E-15, 0.000000000000000000, 1.000000000000000000 ) ) ;
#4648 = LINE ( 'NONE', #512, #4458 ) ;
#4649 = CARTESIAN_POINT ( 'NONE',  ( 1.599999999999996980, 0.09999999999999999167, 0.6250000000000071054 ) ) ;
#4650 = EDGE_CURVE ( 'NONE', #646, #1746, #2257, .T. ) ;
#4651 = DIRECTION ( 'NONE',  ( -1.000000000000000000, 0.000000000000000000, -3.491481338843133750E-15 ) ) ;
#4652 = CARTESIAN_POINT ( 'NONE',  ( -1.599999999999998312, 0.000000000000000000, -0.3750000000000037748 ) ) ;
#4653 = CARTESIAN_POINT ( 'NONE',  ( 0.000000000000000000, 0.1000000000000000056, 0.000000000000000000 ) ) ;
#4654 = LINE ( 'NONE', #3263, #1377 ) ;
#4655 = VERTEX_POINT ( 'NONE', #2180 ) ;
#4656 = ADVANCED_FACE ( 'NONE', ( #3675 ), #2940, .T. ) ;
#4657 = DIRECTION ( 'NONE',  ( -3.491481338843133355E-15, 0.000000000000000000, 1.000000000000000000 ) ) ;
#4658 = ORIENTED_EDGE ( 'NONE', *, *, #2837, .F. ) ;
#4659 = EDGE_LOOP ( 'NONE', ( #1694, #3869, #427, #730 ) ) ;
#4660 = AXIS2_PLACEMENT_3D ( 'NONE', #950, #3253, #590 ) ;
#4661 = LINE ( 'NONE', #2340, #3362 ) ;
#4662 = ORIENTED_EDGE ( 'NONE', *, *, #1728, .F. ) ;
#4663 = ORIENTED_EDGE ( 'NONE', *, *, #1415, .T. ) ;
#4664 = CLOSED_SHELL ( 'NONE', ( #1714, #4387, #1736, #4041, #1170, #1484 ) ) ;
#4665 = CARTESIAN_POINT ( 'NONE',  ( 1.999999999999998668, 0.5716990566028307130, 0.1250000000000079659 ) ) ;
#4666 = ADVANCED_FACE ( 'NONE', ( #3741 ), #4462, .T. ) ;
#4667 = VECTOR ( 'NONE', #321, 1000.000000000000000 ) ;
#4668 = CARTESIAN_POINT ( 'NONE',  ( 1.600000000000004086, 0.000000000000000000, -1.374999999999992895 ) ) ;
#4669 = CARTESIAN_POINT ( 'NONE',  ( 1.600000000000004752, 0.000000000000000000, -1.624999999999994005 ) ) ;
#4670 = FACE_OUTER_BOUND ( 'NONE', #949, .T. ) ;
#4671 = VECTOR ( 'NONE', #217, 1000.000000000000000 ) ;
#4672 = DIRECTION ( 'NONE',  ( -1.000000000000000000, 0.000000000000000000, -4.575683511328639367E-15 ) ) ;
#4673 = LINE ( 'NONE', #1476, #3206 ) ;
#4674 = PRESENTATION_LAYER_ASSIGNMENT (  '', '', ( #1922 ) ) ;
#4675 = LINE ( 'NONE', #1213, #4509 ) ;
#4676 = EDGE_CURVE ( 'NONE', #1400, #3049, #300, .T. ) ;
#4677 = MANIFOLD_SOLID_BREP ( 'Chamfer2', #1179 ) ;
#4678 = VECTOR ( 'NONE', #3615, 1000.000000000000000 ) ;
#4679 = ADVANCED_FACE ( 'NONE', ( #2354 ), #3649, .T. ) ;
#4680 = FACE_OUTER_BOUND ( 'NONE', #12, .T. ) ;
#4681 = DIRECTION ( 'NONE',  ( 1.000000000000000000, 0.000000000000000000, 3.491481338843133355E-15 ) ) ;
#4682 = VERTEX_POINT ( 'NONE', #2375 ) ;
#4683 = CARTESIAN_POINT ( 'NONE',  ( -1.599999999999994982, 0.09999999999999999167, -1.375000000000003775 ) ) ;
#4684 = VECTOR ( 'NONE', #1904, 1000.000000000000000 ) ;
#4685 = EDGE_LOOP ( 'NONE', ( #1040, #2866, #2759, #3299 ) ) ;
#4686 = ORIENTED_EDGE ( 'NONE', *, *, #986, .F. ) ;
#4687 = VECTOR ( 'NONE', #3329, 1000.000000000000000 ) ;
#4688 = EDGE_CURVE ( 'NONE', #1890, #3657, #2722, .T. ) ;
#4689 = SURFACE_STYLE_FILL_AREA ( #1266 ) ;
#4690 = MANIFOLD_SOLID_BREP ( 'Body-Move/Copy1[13]', #782 ) ;
#4691 = ORIENTED_EDGE ( 'NONE', *, *, #4508, .T. ) ;
#4692 = DIRECTION ( 'NONE',  ( 1.000000000000000000, 0.000000000000000000, 2.407279166357628921E-15 ) ) ;
#4693 = ORIENTED_EDGE ( 'NONE', *, *, #4125, .F. ) ;
#4694 = ORIENTED_EDGE ( 'NONE', *, *, #3482, .T. ) ;
#4695 = EDGE_CURVE ( 'NONE', #4182, #2803, #3503, .T. ) ;
#4696 = DIRECTION ( 'NONE',  ( 3.491481338843133355E-15, 0.000000000000000000, -1.000000000000000000 ) ) ;
#4697 = AXIS2_PLACEMENT_3D ( 'NONE', #3477, #1231, #2071 ) ;
#4698 = DIRECTION ( 'NONE',  ( 1.000000000000000000, -0.000000000000000000, 3.491481338843133355E-15 ) ) ;
#4699 = MANIFOLD_SOLID_BREP ( 'Body-Move/Copy1[12]', #2158 ) ;
#4700 = LINE ( 'NONE', #1229, #4503 ) ;
#4701 = CARTESIAN_POINT ( 'NONE',  ( -8.728703347107833388E-15, 0.000000000000000000, 2.500000000000000000 ) ) ;
#4702 = EDGE_CURVE ( 'NONE', #2810, #4372, #3112, .T. ) ;
#4703 = DIRECTION ( 'NONE',  ( -1.000000000000000000, 0.000000000000000000, -4.575683511328639367E-15 ) ) ;
#4704 = LINE ( 'NONE', #3885, #2419 ) ;
#4705 = DIRECTION ( 'NONE',  ( -1.000000000000000000, 0.000000000000000000, -3.491481338843133355E-15 ) ) ;
#4706 = ORIENTED_EDGE ( 'NONE', *, *, #3336, .T. ) ;
#4707 = VERTEX_POINT ( 'NONE', #4604 ) ;
#4708 = LINE ( 'NONE', #174, #1915 ) ;
#4709 =( NAMED_UNIT ( * ) SI_UNIT ( $, .STERADIAN. ) SOLID_ANGLE_UNIT ( ) );
#4710 = MANIFOLD_SOLID_BREP ( 'Boss-Extrude5', #2479 ) ;
#4711 = DIRECTION ( 'NONE',  ( 3.383061121594582912E-15, 0.000000000000000000, -1.000000000000000000 ) ) ;
#4712 = DIRECTION ( 'NONE',  ( -3.491481338843133355E-15, 0.000000000000000000, 1.000000000000000000 ) ) ;
#4713 = ORIENTED_EDGE ( 'NONE', *, *, #482, .F. ) ;
#4714 = LINE ( 'NONE', #3219, #2231 ) ;
#4715 = EDGE_CURVE ( 'NONE', #3240, #4542, #2284, .T. ) ;
#4716 = CARTESIAN_POINT ( 'NONE',  ( 1.599999999999996092, 0.000000000000000000, 0.8750000000000059952 ) ) ;
#4717 = VERTEX_POINT ( 'NONE', #1638 ) ;
#4718 = EDGE_CURVE ( 'NONE', #3657, #3092, #3939, .T. ) ;
#4719 = PRESENTATION_STYLE_ASSIGNMENT (( #3222 ) ) ;
#4720 = VERTEX_POINT ( 'NONE', #2130 ) ;
#4721 = DIRECTION ( 'NONE',  ( 0.000000000000000000, 1.000000000000000000, 0.000000000000000000 ) ) ;
#4722 = EDGE_CURVE ( 'NONE', #1113, #647, #2396, .T. ) ;
#4723 = ORIENTED_EDGE ( 'NONE', *, *, #812, .F. ) ;
#4724 = ORIENTED_EDGE ( 'NONE', *, *, #3251, .F. ) ;
#4725 = EDGE_CURVE ( 'NONE', #912, #1221, #1234, .T. ) ;
#4726 = EDGE_CURVE ( 'NONE', #2731, #1054, #3916, .T. ) ;
#4727 = DIRECTION ( 'NONE',  ( 1.000000000000000000, 0.000000000000000000, 4.575683511328639367E-15 ) ) ;
#4728 = ADVANCED_FACE ( 'NONE', ( #514 ), #2049, .F. ) ;
#4729 = LINE ( 'NONE', #216, #4037 ) ;
#4730 = DIRECTION ( 'NONE',  ( -1.000000000000000000, 0.000000000000000000, -3.491481338843133750E-15 ) ) ;
#4731 = CARTESIAN_POINT ( 'NONE',  ( 1.600000000000002309, 0.1000000000000000056, -0.8749999999999930056 ) ) ;
#4732 = DIRECTION ( 'NONE',  ( -1.000000000000000000, 0.000000000000000000, -3.491481338843133355E-15 ) ) ;
#4733 = ORIENTED_EDGE ( 'NONE', *, *, #2703, .F. ) ;
#4734 = VERTEX_POINT ( 'NONE', #121 ) ;
#4735 = DIRECTION ( 'NONE',  ( -3.491481338843133355E-15, 0.000000000000000000, 1.000000000000000000 ) ) ;
#4736 = CARTESIAN_POINT ( 'NONE',  ( -1.599999999999998312, 0.5716990566028307130, -0.3750000000000037748 ) ) ;
#4737 = PLANE ( 'NONE',  #1783 ) ;
#4738 = VERTEX_POINT ( 'NONE', #141 ) ;
#4739 = CARTESIAN_POINT ( 'NONE',  ( 1.599999999999993650, 0.000000000000000000, 1.625000000000007105 ) ) ;
#4740 = CARTESIAN_POINT ( 'NONE',  ( 1.599999999999993650, 0.5716990566028307130, 1.625000000000007105 ) ) ;
#4741 = VERTEX_POINT ( 'NONE', #1661 ) ;
#4742 = LINE ( 'NONE', #1345, #3050 ) ;
#4743 = EDGE_LOOP ( 'NONE', ( #3989, #2039, #1125, #2367, #1293 ) ) ;
#4744 = DIRECTION ( 'NONE',  ( 3.491481338843133355E-15, 0.000000000000000000, -1.000000000000000000 ) ) ;
#4745 = ORIENTED_EDGE ( 'NONE', *, *, #2090, .T. ) ;
#4746 = VERTEX_POINT ( 'NONE', #541 ) ;
#4747 = ORIENTED_EDGE ( 'NONE', *, *, #1147, .F. ) ;
#4748 = VECTOR ( 'NONE', #3630, 1000.000000000000000 ) ;
#4749 = LINE ( 'NONE', #3228, #4826 ) ;
#4750 = CARTESIAN_POINT ( 'NONE',  ( 1.600000000000004086, 0.1000000000000000056, -1.374999999999992895 ) ) ;
#4751 = VECTOR ( 'NONE', #2937, 1000.000000000000000 ) ;
#4752 = EDGE_CURVE ( 'NONE', #2088, #2664, #220, .T. ) ;
#4753 = DIRECTION ( 'NONE',  ( -0.000000000000000000, -1.000000000000000000, 0.000000000000000000 ) ) ;
#4754 = LINE ( 'NONE', #688, #196 ) ;
#4755 = ORIENTED_EDGE ( 'NONE', *, *, #1360, .T. ) ;
#4756 = VECTOR ( 'NONE', #3031, 1000.000000000000000 ) ;
#4757 = CARTESIAN_POINT ( 'NONE',  ( -1.999999999999994449, 0.5716990566028307130, -1.375000000000005551 ) ) ;
#4758 = FILL_AREA_STYLE ('',( #3261 ) ) ;
#4759 = PRESENTATION_LAYER_ASSIGNMENT (  '', '', ( #4843 ) ) ;
#4760 = CARTESIAN_POINT ( 'NONE',  ( 1.600000000000003197, 0.000000000000000000, -1.124999999999994005 ) ) ;
#4761 = DIRECTION ( 'NONE',  ( 4.575683511328639367E-15, 0.000000000000000000, -1.000000000000000000 ) ) ;
#4762 = DIRECTION ( 'NONE',  ( 3.491481338843133355E-15, 0.000000000000000000, -1.000000000000000000 ) ) ;
#4763 = ORIENTED_EDGE ( 'NONE', *, *, #1415, .F. ) ;
#4764 = VERTEX_POINT ( 'NONE', #3886 ) ;
#4765 = AXIS2_PLACEMENT_3D ( 'NONE', #4593, #777, #2041 ) ;
#4766 = EDGE_CURVE ( 'NONE', #3966, #3752, #2104, .T. ) ;
#4767 = SURFACE_STYLE_FILL_AREA ( #1425 ) ;
#4768 = AXIS2_PLACEMENT_3D ( 'NONE', #2242, #3730, #1502 ) ;
#4769 = VECTOR ( 'NONE', #4835, 1000.000000000000000 ) ;
#4770 = LINE ( 'NONE', #1382, #2100 ) ;
#4771 = ORIENTED_EDGE ( 'NONE', *, *, #836, .T. ) ;
#4772 = EDGE_LOOP ( 'NONE', ( #596, #2149, #3004, #4442 ) ) ;
#4773 = VECTOR ( 'NONE', #4227, 1000.000000000000000 ) ;
#4774 = ORIENTED_EDGE ( 'NONE', *, *, #1207, .F. ) ;
#4775 = VECTOR ( 'NONE', #4868, 1000.000000000000000 ) ;
#4776 = VECTOR ( 'NONE', #1562, 1000.000000000000000 ) ;
#4777 = ADVANCED_FACE ( 'NONE', ( #1693 ), #2450, .T. ) ;
#4778 = DIRECTION ( 'NONE',  ( -1.000000000000000000, 0.000000000000000000, -3.491481338843133750E-15 ) ) ;
#4779 = VECTOR ( 'NONE', #803, 1000.000000000000000 ) ;
#4780 = CARTESIAN_POINT ( 'NONE',  ( 1.599999999999996980, 0.1000000000000000056, 0.6250000000000071054 ) ) ;
#4781 = CARTESIAN_POINT ( 'NONE',  ( 2.000000000000001332, 0.000000000000000000, -0.6249999999999927836 ) ) ;
#4782 = VERTEX_POINT ( 'NONE', #3571 ) ;
#4783 = LINE ( 'NONE', #3308, #1265 ) ;
#4784 = EDGE_CURVE ( 'NONE', #866, #3513, #2023, .T. ) ;
#4785 = CARTESIAN_POINT ( 'NONE',  ( -3.491481338843133355E-15, 0.000000000000000000, 1.000000000000000000 ) ) ;
#4786 = AXIS2_PLACEMENT_3D ( 'NONE', #1141, #2685, #3372 ) ;
#4787 = PLANE ( 'NONE',  #2499 ) ;
#4788 = SURFACE_SIDE_STYLE ('',( #3290 ) ) ;
#4789 = EDGE_CURVE ( 'NONE', #3421, #1191, #2026, .T. ) ;
#4790 = VERTEX_POINT ( 'NONE', #4354 ) ;
#4791 = FACE_OUTER_BOUND ( 'NONE', #4164, .T. ) ;
#4792 = VERTEX_POINT ( 'NONE', #955 ) ;
#4793 = ORIENTED_EDGE ( 'NONE', *, *, #837, .F. ) ;
#4794 = CARTESIAN_POINT ( 'NONE',  ( 1.599999999999997868, 0.1000000000000000056, 0.3750000000000059397 ) ) ;
#4795 = LINE ( 'NONE', #2515, #1389 ) ;
#4796 = VERTEX_POINT ( 'NONE', #2503 ) ;
#4797 = CARTESIAN_POINT ( 'NONE',  ( 2.000000000000003997, 0.1000000000000000056, -1.374999999999992006 ) ) ;
#4798 = MANIFOLD_SOLID_BREP ( 'Body-Move/Copy1[11]', #4829 ) ;
#4799 = ORIENTED_EDGE ( 'NONE', *, *, #838, .F. ) ;
#4800 = VERTEX_POINT ( 'NONE', #1745 ) ;
#4801 = EDGE_LOOP ( 'NONE', ( #2154, #4477, #2644, #4035 ) ) ;
#4802 = CARTESIAN_POINT ( 'NONE',  ( -1.600000000000000089, 0.09999999999999999167, 0.1249999999999962669 ) ) ;
#4803 = LINE ( 'NONE', #2128, #3373 ) ;
#4804 = CARTESIAN_POINT ( 'NONE',  ( 2.000000000000000444, 0.1000000000000000056, -0.3749999999999920619 ) ) ;
#4805 = CARTESIAN_POINT ( 'NONE',  ( -2.000000000000003109, 0.1000000000000000056, 1.124999999999994449 ) ) ;
#4806 = ORIENTED_EDGE ( 'NONE', *, *, #1352, .T. ) ;
#4807 = CARTESIAN_POINT ( 'NONE',  ( -1.599999999999994982, 0.000000000000000000, -1.375000000000003775 ) ) ;
#4808 = SURFACE_STYLE_FILL_AREA ( #3309 ) ;
#4809 = EDGE_CURVE ( 'NONE', #1418, #2552, #1255, .T. ) ;
#4810 = EDGE_CURVE ( 'NONE', #1270, #3510, #2172, .T. ) ;
#4811 = DIRECTION ( 'NONE',  ( 0.000000000000000000, 1.000000000000000000, 0.000000000000000000 ) ) ;
#4812 = DIRECTION ( 'NONE',  ( -0.000000000000000000, -1.000000000000000000, 0.000000000000000000 ) ) ;
#4813 = ORIENTED_EDGE ( 'NONE', *, *, #231, .F. ) ;
#4814 = CARTESIAN_POINT ( 'NONE',  ( 0.000000000000000000, 0.1000000000000000056, 0.000000000000000000 ) ) ;
#4815 = CARTESIAN_POINT ( 'NONE',  ( 1.600000000000002309, 0.09999999999999999167, -0.8749999999999930056 ) ) ;
#4816 = VERTEX_POINT ( 'NONE', #4400 ) ;
#4817 = DIRECTION ( 'NONE',  ( 0.000000000000000000, -1.000000000000000000, 0.000000000000000000 ) ) ;
#4818 = CARTESIAN_POINT ( 'NONE',  ( -1.999999999999998668, 0.5716990566028307130, -0.1250000000000062450 ) ) ;
#4819 = ORIENTED_EDGE ( 'NONE', *, *, #3406, .F. ) ;
#4820 = DIRECTION ( 'NONE',  ( 0.000000000000000000, -1.000000000000000000, 0.000000000000000000 ) ) ;
#4821 = ORIENTED_EDGE ( 'NONE', *, *, #4766, .F. ) ;
#4822 = ORIENTED_EDGE ( 'NONE', *, *, #3446, .T. ) ;
#4823 = AXIS2_PLACEMENT_3D ( 'NONE', #4559, #4612, #4541 ) ;
#4824 = VERTEX_POINT ( 'NONE', #4805 ) ;
#4825 = DIRECTION ( 'NONE',  ( 3.383061121594582912E-15, 0.000000000000000000, -1.000000000000000000 ) ) ;
#4826 = VECTOR ( 'NONE', #3617, 1000.000000000000000 ) ;
#4827 = CARTESIAN_POINT ( 'NONE',  ( -1.999999999999996225, 0.5716990566028307130, -0.8750000000000055511 ) ) ;
#4828 = EDGE_CURVE ( 'NONE', #3098, #1021, #1466, .T. ) ;
#4829 = CLOSED_SHELL ( 'NONE', ( #2263, #4155, #65, #3629, #335, #2454 ) ) ;
#4830 = CARTESIAN_POINT ( 'NONE',  ( 1.299999999999994937, 0.1000000000000002554, 1.500000000000004885 ) ) ;
#4831 = DIRECTION ( 'NONE',  ( 0.000000000000000000, -1.000000000000000000, 0.000000000000000000 ) ) ;
#4832 = ORIENTED_EDGE ( 'NONE', *, *, #509, .F. ) ;
#4833 = CARTESIAN_POINT ( 'NONE',  ( 1.599999999999995204, 0.000000000000000000, 1.125000000000007105 ) ) ;
#4834 = VECTOR ( 'NONE', #1493, 1000.000000000000000 ) ;
#4835 = DIRECTION ( 'NONE',  ( -1.000000000000000000, 0.000000000000000000, -3.491481338843133355E-15 ) ) ;
#4836 = FILL_AREA_STYLE ('',( #252 ) ) ;
#4837 = AXIS2_PLACEMENT_3D ( 'NONE', #1326, #4300, #2127 ) ;
#4838 = ORIENTED_EDGE ( 'NONE', *, *, #4676, .F. ) ;
#4839 = CARTESIAN_POINT ( 'NONE',  ( 1.999999999999998668, 0.09999999999999999167, 0.1250000000000079659 ) ) ;
#4840 = PLANE ( 'NONE',  #711 ) ;
#4841 = ORIENTED_EDGE ( 'NONE', *, *, #4113, .F. ) ;
#4842 = CARTESIAN_POINT ( 'NONE',  ( -1.600000000000003642, 0.5716990566028307130, 1.124999999999996225 ) ) ;
#4843 = STYLED_ITEM ( 'NONE', ( #3553 ), #1432 ) ;
#4844 = CARTESIAN_POINT ( 'NONE',  ( -1.600000000000005196, 0.5716990566028307130, 1.624999999999996225 ) ) ;
#4845 = FACE_OUTER_BOUND ( 'NONE', #2592, .T. ) ;
#4846 = LINE ( 'NONE', #703, #1201 ) ;
#4847 = VECTOR ( 'NONE', #411, 1000.000000000000000 ) ;
#4848 = ORIENTED_EDGE ( 'NONE', *, *, #1358, .T. ) ;
#4849 = EDGE_LOOP ( 'NONE', ( #3273, #2295, #2931, #876 ) ) ;
#4850 = EDGE_CURVE ( 'NONE', #3796, #1962, #714, .T. ) ;
#4851 = VECTOR ( 'NONE', #4489, 1000.000000000000000 ) ;
#4852 = VECTOR ( 'NONE', #4169, 1000.000000000000000 ) ;
#4853 = ORIENTED_EDGE ( 'NONE', *, *, #4718, .T. ) ;
#4854 = DIRECTION ( 'NONE',  ( 0.000000000000000000, 0.000000000000000000, -1.000000000000000000 ) ) ;
#4855 = EDGE_CURVE ( 'NONE', #58, #1458, #31, .T. ) ;
#4856 = EDGE_LOOP ( 'NONE', ( #1503, #471, #4259, #2208 ) ) ;
#4857 = VECTOR ( 'NONE', #365, 1000.000000000000000 ) ;
#4858 = DIRECTION ( 'NONE',  ( 0.000000000000000000, -1.000000000000000000, 0.000000000000000000 ) ) ;
#4859 = PLANE ( 'NONE',  #884 ) ;
#4860 = EDGE_CURVE ( 'NONE', #202, #2006, #3361, .T. ) ;
#4861 = CARTESIAN_POINT ( 'NONE',  ( 0.000000000000000000, 0.1000000000000000056, 0.000000000000000000 ) ) ;
#4862 = CARTESIAN_POINT ( 'NONE',  ( -1.999999999999994449, 0.000000000000000000, -1.375000000000005551 ) ) ;
#4863 = VERTEX_POINT ( 'NONE', #4862 ) ;
#4864 = LINE ( 'NONE', #2602, #2946 ) ;
#4865 = AXIS2_PLACEMENT_3D ( 'NONE', #2768, #2021, #4672 ) ;
#4866 = STYLED_ITEM ( 'NONE', ( #4280 ), #4586 ) ;
#4867 = EDGE_CURVE ( 'NONE', #895, #3895, #4754, .T. ) ;
#4868 = DIRECTION ( 'NONE',  ( 3.383061121594582912E-15, 0.000000000000000000, -1.000000000000000000 ) ) ;
#4869 = DIRECTION ( 'NONE',  ( -1.000000000000000000, 0.000000000000000000, -4.575683511328639367E-15 ) ) ;
#4870 =( NAMED_UNIT ( * ) PLANE_ANGLE_UNIT ( ) SI_UNIT ( $, .RADIAN. ) );
#4871 = VECTOR ( 'NONE', #1556, 1000.000000000000000 ) ;
#4872 = VERTEX_POINT ( 'NONE', #3710 ) ;
#4873 = LINE ( 'NONE', #3292, #3641 ) ;
#4874 = FACE_OUTER_BOUND ( 'NONE', #472, .T. ) ;
#4875 =( LENGTH_UNIT ( ) NAMED_UNIT ( * ) SI_UNIT ( .MILLI., .METRE. ) );
#4876 = DIRECTION ( 'NONE',  ( -0.000000000000000000, -1.000000000000000000, 0.000000000000000000 ) ) ;
#4877 = EDGE_CURVE ( 'NONE', #236, #4590, #2250, .T. ) ;
#4878 = LINE ( 'NONE', #1477, #3434 ) ;
#4879 = ORIENTED_EDGE ( 'NONE', *, *, #840, .F. ) ;
#4880 = ORIENTED_EDGE ( 'NONE', *, *, #3180, .T. ) ;
#4881 = ADVANCED_FACE ( 'NONE', ( #4068 ), #3735, .T. ) ;
#4882 = VERTEX_POINT ( 'NONE', #2525 ) ;
#4883 = EDGE_CURVE ( 'NONE', #2552, #2008, #614, .T. ) ;
#4884 = EDGE_CURVE ( 'NONE', #3488, #3444, #2348, .T. ) ;
#4885 = FACE_OUTER_BOUND ( 'NONE', #3542, .T. ) ;
#4886 = ORIENTED_EDGE ( 'NONE', *, *, #2772, .F. ) ;
#4887 = PLANE ( 'NONE',  #1353 ) ;
#4888 = CARTESIAN_POINT ( 'NONE',  ( 2.000000000000003997, 0.1000000000000000056, -1.374999999999992006 ) ) ;
#4889 = EDGE_CURVE ( 'NONE', #1824, #4311, #1132, .T. ) ;
#4890 = CARTESIAN_POINT ( 'NONE',  ( -1.300000000000005151, 0.000000000000000000, 1.499999999999995781 ) ) ;
#4891 = DIRECTION ( 'NONE',  ( 3.491481338843133355E-15, 0.000000000000000000, -1.000000000000000000 ) ) ;
#4892 = CARTESIAN_POINT ( 'NONE',  ( 1.999999999999992228, 0.8000000000000003775, 2.000000000000006217 ) ) ;
#4893 = LINE ( 'NONE', #1849, #269 ) ;
#4894 = ORIENTED_EDGE ( 'NONE', *, *, #3848, .T. ) ;
#4895 = LINE ( 'NONE', #4553, #1990 ) ;
#4896 = DIRECTION ( 'NONE',  ( 1.000000000000000000, 0.000000000000000000, 3.491481338843133355E-15 ) ) ;
#4897 = ADVANCED_FACE ( 'NONE', ( #4171 ), #4524, .F. ) ;
#4898 = CARTESIAN_POINT ( 'NONE',  ( -1.300000000000004929, 0.1000000000000002554, 1.499999999999995781 ) ) ;
#4899 = PLANE ( 'NONE',  #2344 ) ;
#4900 = CARTESIAN_POINT ( 'NONE',  ( -1.599999999999997424, 0.09999999999999999167, -0.6250000000000048850 ) ) ;
#4901 = ORIENTED_EDGE ( 'NONE', *, *, #871, .F. ) ;
#4902 = VERTEX_POINT ( 'NONE', #3832 ) ;
#4903 = EDGE_LOOP ( 'NONE', ( #4373, #2293, #822, #3150 ) ) ;
#4904 = FACE_OUTER_BOUND ( 'NONE', #1373, .T. ) ;
#4905 = ORIENTED_EDGE ( 'NONE', *, *, #1140, .T. ) ;
#4906 = DIRECTION ( 'NONE',  ( 1.000000000000000000, 0.000000000000000000, 4.575683511328639367E-15 ) ) ;
#4907 = DIRECTION ( 'NONE',  ( 1.000000000000000000, 0.000000000000000000, 3.491481338843133355E-15 ) ) ;
#4908 = DIRECTION ( 'NONE',  ( 3.491481338843133355E-15, 0.000000000000000000, -1.000000000000000000 ) ) ;
#4909 = EDGE_CURVE ( 'NONE', #2058, #4741, #3473, .T. ) ;
#4910 = VECTOR ( 'NONE', #283, 1000.000000000000000 ) ;
#4911 = CARTESIAN_POINT ( 'NONE',  ( 1.999999999999995337, 0.09999999999999999167, 1.125000000000007994 ) ) ;
#4912 = LINE ( 'NONE', #2652, #3982 ) ;
#4913 = SURFACE_SIDE_STYLE ('',( #372 ) ) ;
#4914 = ORIENTED_EDGE ( 'NONE', *, *, #1798, .T. ) ;
#4915 = VECTOR ( 'NONE', #1375, 1000.000000000000000 ) ;
#4916 = PLANE ( 'NONE',  #1184 ) ;
ENDSEC;
END-ISO-10303-21;
